[   +8 ms] executing: [/Users/andreea/StudioProjects/development/flutter_honoo/] git -c log.showSignature=false log -n 1 --pretty=format:%H
[  +23 ms] Exit code 0 from: git -c log.showSignature=false log -n 1 --pretty=format:%H
[        ] 0df8557c56a182d31fa024eeb08c428ae52edf7f
[        ] executing: [/Users/andreea/StudioProjects/development/flutter_honoo/] git tag --points-at 0df8557c56a182d31fa024eeb08c428ae52edf7f
[  +43 ms] Exit code 0 from: git tag --points-at 0df8557c56a182d31fa024eeb08c428ae52edf7f
[        ] 3.9.0-0.2.pre
[   +2 ms] executing: [/Users/andreea/StudioProjects/development/flutter_honoo/] git rev-parse --abbrev-ref --symbolic @{upstream}
[  +18 ms] Exit code 0 from: git rev-parse --abbrev-ref --symbolic @{upstream}
[        ] origin/beta
[        ] executing: [/Users/andreea/StudioProjects/development/flutter_honoo/] git ls-remote --get-url origin
[  +17 ms] Exit code 0 from: git ls-remote --get-url origin
[        ] https://github.com/flutter/flutter.git
[   +4 ms] executing: sysctl hw.optional.arm64
[   +3 ms] Exit code 0 from: sysctl hw.optional.arm64
[        ] hw.optional.arm64: 1
[  +34 ms] executing: [/Users/andreea/StudioProjects/development/flutter_honoo/] git rev-parse --abbrev-ref HEAD
[  +19 ms] Exit code 0 from: git rev-parse --abbrev-ref HEAD
[        ] beta
[        ] executing: sw_vers -productName
[  +15 ms] Exit code 0 from: sw_vers -productName
[        ] macOS
[        ] executing: sw_vers -productVersion
[  +12 ms] Exit code 0 from: sw_vers -productVersion
[        ] 15.7.1
[        ] executing: sw_vers -buildVersion
[  +12 ms] Exit code 0 from: sw_vers -buildVersion
[        ] 24G231
[        ] executing: uname -m
[   +4 ms] Exit code 0 from: uname -m
[        ] arm64
[  +21 ms] Artifact Instance of 'AndroidGenSnapshotArtifacts' is not required, skipping update.
[        ] Artifact Instance of 'AndroidInternalBuildArtifacts' is not required, skipping update.
[        ] Artifact Instance of 'IOSEngineArtifacts' is not required, skipping update.
[        ] Artifact Instance of 'FlutterWebSdk' is not required, skipping update.
[   +1 ms] Artifact Instance of 'WindowsEngineArtifacts' is not required, skipping update.
[        ] Artifact Instance of 'MacOSEngineArtifacts' is not required, skipping update.
[        ] Artifact Instance of 'LinuxEngineArtifacts' is not required, skipping update.
[        ] Artifact Instance of 'LinuxFuchsiaSDKArtifacts' is not required, skipping update.
[        ] Artifact Instance of 'MacOSFuchsiaSDKArtifacts' is not required, skipping update.
[        ] Artifact Instance of 'FlutterRunnerSDKArtifacts' is not required, skipping update.
[        ] Artifact Instance of 'FlutterRunnerDebugSymbols' is not required, skipping update.
[  +45 ms] Artifact Instance of 'AndroidGenSnapshotArtifacts' is not required, skipping update.
[        ] Artifact Instance of 'AndroidInternalBuildArtifacts' is not required, skipping update.
[        ] Artifact Instance of 'IOSEngineArtifacts' is not required, skipping update.
[        ] Artifact Instance of 'FlutterWebSdk' is not required, skipping update.
[        ] Artifact Instance of 'WindowsEngineArtifacts' is not required, skipping update.
[   +1 ms] Artifact Instance of 'LinuxEngineArtifacts' is not required, skipping update.
[        ] Artifact Instance of 'LinuxFuchsiaSDKArtifacts' is not required, skipping update.
[        ] Artifact Instance of 'MacOSFuchsiaSDKArtifacts' is not required, skipping update.
[        ] Artifact Instance of 'FlutterRunnerSDKArtifacts' is not required, skipping update.
[        ] Artifact Instance of 'FlutterRunnerDebugSymbols' is not required, skipping update.
[  +58 ms] executing: sysctl hw.optional.arm64
[   +3 ms] Exit code 0 from: sysctl hw.optional.arm64
[        ] hw.optional.arm64: 1
[        ] executing: /usr/bin/arch -arm64e xcrun xcodebuild -version
[  +65 ms] Exit code 0 from: /usr/bin/arch -arm64e xcrun xcodebuild -version
[        ] Xcode 16.3
           Build version 16E140
[  +71 ms] Found plugin app_links at /Users/andreea/.pub-cache/hosted/pub.flutter-io.cn/app_links-3.4.5/
[  +11 ms] Found plugin file_selector_linux at /Users/andreea/.pub-cache/hosted/pub.flutter-io.cn/file_selector_linux-0.9.2+1/
[   +1 ms] Found plugin file_selector_macos at /Users/andreea/.pub-cache/hosted/pub.flutter-io.cn/file_selector_macos-0.9.3+3/
[   +1 ms] Found plugin file_selector_windows at /Users/andreea/.pub-cache/hosted/pub.flutter-io.cn/file_selector_windows-0.9.3+1/
[   +1 ms] Found plugin flutter_plugin_android_lifecycle at /Users/andreea/.pub-cache/hosted/pub.flutter-io.cn/flutter_plugin_android_lifecycle-2.0.17/
[   +6 ms] Found plugin image_picker at /Users/andreea/.pub-cache/hosted/pub.flutter-io.cn/image_picker-1.0.4/
[        ] Found plugin image_picker_android at /Users/andreea/.pub-cache/hosted/pub.flutter-io.cn/image_picker_android-0.8.8+2/
[        ] Found plugin image_picker_for_web at /Users/andreea/.pub-cache/hosted/pub.flutter-io.cn/image_picker_for_web-3.0.1/
[        ] Found plugin image_picker_ios at /Users/andreea/.pub-cache/hosted/pub.flutter-io.cn/image_picker_ios-0.8.8+4/
[        ] Found plugin image_picker_linux at /Users/andreea/.pub-cache/hosted/pub.flutter-io.cn/image_picker_linux-0.2.1+1/
[        ] Found plugin image_picker_macos at /Users/andreea/.pub-cache/hosted/pub.flutter-io.cn/image_picker_macos-0.2.1+1/
[   +1 ms] Found plugin image_picker_windows at /Users/andreea/.pub-cache/hosted/pub.flutter-io.cn/image_picker_windows-0.2.1+1/
[   +9 ms] Found plugin path_provider at /Users/andreea/.pub-cache/hosted/pub.flutter-io.cn/path_provider-2.1.1/
[        ] Found plugin path_provider_android at /Users/andreea/.pub-cache/hosted/pub.flutter-io.cn/path_provider_android-2.2.1/
[        ] Found plugin path_provider_foundation at /Users/andreea/.pub-cache/hosted/pub.flutter-io.cn/path_provider_foundation-2.3.1/
[        ] Found plugin path_provider_linux at /Users/andreea/.pub-cache/hosted/pub.flutter-io.cn/path_provider_linux-2.2.1/
[   +1 ms] Found plugin path_provider_windows at /Users/andreea/.pub-cache/hosted/pub.flutter-io.cn/path_provider_windows-2.2.1/
[   +4 ms] Found plugin share_plus at /Users/andreea/.pub-cache/hosted/pub.flutter-io.cn/share_plus-7.2.2/
[   +1 ms] Found plugin shared_preferences at /Users/andreea/.pub-cache/hosted/pub.flutter-io.cn/shared_preferences-2.2.2/
[        ] Found plugin shared_preferences_android at /Users/andreea/.pub-cache/hosted/pub.flutter-io.cn/shared_preferences_android-2.2.1/
[        ] Found plugin shared_preferences_foundation at /Users/andreea/.pub-cache/hosted/pub.flutter-io.cn/shared_preferences_foundation-2.3.4/
[        ] Found plugin shared_preferences_linux at /Users/andreea/.pub-cache/hosted/pub.flutter-io.cn/shared_preferences_linux-2.3.2/
[   +1 ms] Found plugin shared_preferences_web at /Users/andreea/.pub-cache/hosted/pub.flutter-io.cn/shared_preferences_web-2.2.1/
[        ] Found plugin shared_preferences_windows at /Users/andreea/.pub-cache/hosted/pub.flutter-io.cn/shared_preferences_windows-2.3.2/
[   +3 ms] Found plugin sign_in_with_apple at /Users/andreea/.pub-cache/hosted/pub.flutter-io.cn/sign_in_with_apple-5.0.0/
[   +1 ms] Found plugin sign_in_with_apple_web at /Users/andreea/.pub-cache/hosted/pub.flutter-io.cn/sign_in_with_apple_web-1.0.1/
[   +9 ms] Found plugin url_launcher at /Users/andreea/.pub-cache/hosted/pub.flutter-io.cn/url_launcher-6.1.11/
[        ] Found plugin url_launcher_android at /Users/andreea/.pub-cache/hosted/pub.flutter-io.cn/url_launcher_android-6.2.0/
[        ] Found plugin url_launcher_ios at /Users/andreea/.pub-cache/hosted/pub.flutter-io.cn/url_launcher_ios-6.2.0/
[        ] Found plugin url_launcher_linux at /Users/andreea/.pub-cache/hosted/pub.flutter-io.cn/url_launcher_linux-3.1.0/
[        ] Found plugin url_launcher_macos at /Users/andreea/.pub-cache/hosted/pub.flutter-io.cn/url_launcher_macos-3.1.0/
[   +1 ms] Found plugin url_launcher_web at /Users/andreea/.pub-cache/hosted/pub.flutter-io.cn/url_launcher_web-2.0.19/
[        ] Found plugin url_launcher_windows at /Users/andreea/.pub-cache/hosted/pub.flutter-io.cn/url_launcher_windows-3.1.0/
[   +4 ms] Found plugin webview_flutter at /Users/andreea/.pub-cache/hosted/pub.flutter-io.cn/webview_flutter-4.4.2/
[        ] Found plugin webview_flutter_android at /Users/andreea/.pub-cache/hosted/pub.flutter-io.cn/webview_flutter_android-3.12.1/
[   +1 ms] Found plugin webview_flutter_wkwebview at /Users/andreea/.pub-cache/hosted/pub.flutter-io.cn/webview_flutter_wkwebview-3.9.4/
[   +6 ms] Found plugin integration_test at /Users/andreea/StudioProjects/development/flutter_honoo/packages/integration_test/
[   +9 ms] executing: which pod
[  +19 ms] executing: pod --version
[ +572 ms] 1.16.2
[   +1 ms] Running pod install...
[ +899 ms] Running pod install... (completed in 893ms)
[        ] CocoaPods' output:
           ↳
[        ]       Preparing

               Analyzing dependencies

               Inspecting targets to integrate
                 Using `ARCHS` setting to build architectures of target `Pods-Runner`: (``)

               Finding Podfile changes
                 - FlutterMacOS
                 - app_links
                 - file_selector_macos
                 - path_provider_foundation
                 - share_plus
                 - shared_preferences_foundation
                 - sign_in_with_apple
                 - url_launcher_macos

               Fetching external sources
               -> Fetching podspec for `FlutterMacOS` from `Flutter/ephemeral`
               -> Fetching podspec for `app_links` from `Flutter/ephemeral/.symlinks/plugins/app_links/macos`
               -> Fetching podspec for `file_selector_macos` from `Flutter/ephemeral/.symlinks/plugins/file_selector_macos/macos`
               -> Fetching podspec for `path_provider_foundation` from `Flutter/ephemeral/.symlinks/plugins/path_provider_foundation/darwin`
               -> Fetching podspec for `share_plus` from `Flutter/ephemeral/.symlinks/plugins/share_plus/macos`
               -> Fetching podspec for `shared_preferences_foundation` from `Flutter/ephemeral/.symlinks/plugins/shared_preferences_foundation/darwin`
               -> Fetching podspec for `sign_in_with_apple` from `Flutter/ephemeral/.symlinks/plugins/sign_in_with_apple/macos`
               -> Fetching podspec for `url_launcher_macos` from `Flutter/ephemeral/.symlinks/plugins/url_launcher_macos/macos`

               Resolving dependencies of `Podfile`
                 CDN: trunk Relative path: CocoaPods-version.yml exists! Returning local because checking is only performed in repo update
                 CDN: trunk Relative path: all_pods_versions_c_0_4.txt exists! Returning local because checking is only performed in repo update
                 CDN: trunk Relative path: Specs/c/0/4/Flutter/3.13.0/Flutter.podspec.json exists! Returning local because checking is only performed in repo update
                 CDN: trunk Relative path: Specs/c/0/4/Flutter/3.13.0/Flutter.podspec.json exists! Returning local because checking is only performed in repo update
                 CDN: trunk Relative path: Specs/c/0/4/Flutter/3.0.0/Flutter.podspec.json exists! Returning local because checking is only performed in repo update
                 CDN: trunk Relative path: Specs/c/0/4/Flutter/2.10.2/Flutter.podspec.json exists! Returning local because checking is only performed in repo update
                 CDN: trunk Relative path: Specs/c/0/4/Flutter/2.5/Flutter.podspec.json exists! Returning local because checking is only performed in repo update
                 CDN: trunk Relative path: Specs/c/0/4/Flutter/2.0.2/Flutter.podspec.json exists! Returning local because checking is only performed in repo update
                 CDN: trunk Relative path: Specs/c/0/4/Flutter/2.0.1/Flutter.podspec.json exists! Returning local because checking is only performed in repo update
                 CDN: trunk Relative path: Specs/c/0/4/Flutter/2.0.0/Flutter.podspec.json exists! Returning local because checking is only performed in repo update
                 CDN: trunk Relative path: Specs/c/0/4/Flutter/1.22.4/Flutter.podspec.json exists! Returning local because checking is only performed in repo update
                 CDN: trunk Relative path: Specs/c/0/4/Flutter/1.20.0/Flutter.podspec.json exists! Returning local because checking is only performed in repo update
                 CDN: trunk Relative path: Specs/c/0/4/Flutter/1.17.0/Flutter.podspec.json exists! Returning local because checking is only performed in repo update
                 CDN: trunk Relative path: Specs/c/0/4/Flutter/1.12.1309/Flutter.podspec.json exists! Returning local because checking is only performed in repo update
                 CDN: trunk Relative path: Specs/c/0/4/Flutter/1.12.1307/Flutter.podspec.json exists! Returning local because checking is only performed in repo update
                 CDN: trunk Relative path: Specs/c/0/4/Flutter/1.12.1303/Flutter.podspec.json exists! Returning local because checking is only performed in repo update
                 CDN: trunk Relative path: Specs/c/0/4/Flutter/1.9.102/Flutter.podspec.json exists! Returning local because checking is only performed in repo update
                 CDN: trunk Relative path: Specs/c/0/4/Flutter/1.3.300/Flutter.podspec.json exists! Returning local because checking is only performed in repo update
                 CDN: trunk Relative path: Specs/c/0/4/Flutter/1.3.200/Flutter.podspec.json exists! Returning local because checking is only performed in repo update
                 CDN: trunk Relative path: Specs/c/0/4/Flutter/1.3.1/Flutter.podspec.json exists! Returning local because checking is only performed in repo update
                 CDN: trunk Relative path: Specs/c/0/4/Flutter/1.2.1/Flutter.podspec.json exists! Returning local because checking is only performed in repo update
                 CDN: trunk Relative path: Specs/c/0/4/Flutter/1.0.0/Flutter.podspec.json exists! Returning local because checking is only performed in repo update

               Comparing resolved specification to the sandbox manifest
                 A FlutterMacOS
                 A app_links
                 A file_selector_macos
                 A path_provider_foundation
                 A share_plus
                 A shared_preferences_foundation
                 A sign_in_with_apple
                 A url_launcher_macos

               Downloading dependencies

               -> Installing FlutterMacOS (1.0.0)

               -> Installing app_links (1.0.0)

               -> Installing file_selector_macos (0.0.1)

               -> Installing path_provider_foundation (0.0.1)

               -> Installing share_plus (0.0.1)

               -> Installing shared_preferences_foundation (0.0.1)

               -> Installing sign_in_with_apple (0.0.1)

               -> Installing url_launcher_macos (0.0.1)
                 - Running pre install hooks
                 - Running pre integrate hooks

               Generating Pods project
                 - Creating Pods project
                 - Installing files into Pods project
                   - Adding source files
                   - Adding frameworks
                   - Adding libraries
                   - Adding resources
                   - Adding development pod helper files
                   - Linking headers
                 - Installing Pod Targets
                   - Installing target `FlutterMacOS` macOS 10.14
                   - Installing target `app_links` macOS 10.13
                     - Generating module map file at `Pods/Target Support Files/app_links/app_links.modulemap`
                     - Generating umbrella header at `Pods/Target Support Files/app_links/app_links-umbrella.h`
                     - Generating Info.plist file at `Pods/Target Support Files/app_links/app_links-Info.plist`
                     - Generating dummy source at `Pods/Target Support Files/app_links/app_links-dummy.m`
                   - Installing target `file_selector_macos` macOS 10.14
                     - Generating module map file at `Pods/Target Support Files/file_selector_macos/file_selector_macos.modulemap`
                     - Generating umbrella header at `Pods/Target Support Files/file_selector_macos/file_selector_macos-umbrella.h`
                     - Generating Info.plist file at `Pods/Target Support Files/file_selector_macos/file_selector_macos-Info.plist`
                     - Generating dummy source at `Pods/Target Support Files/file_selector_macos/file_selector_macos-dummy.m`
                   - Installing target `path_provider_foundation` macOS 10.14
                     - Generating module map file at `Pods/Target Support Files/path_provider_foundation/path_provider_foundation.modulemap`
                     - Generating umbrella header at `Pods/Target Support Files/path_provider_foundation/path_provider_foundation-umbrella.h`
                     - Generating Info.plist file at `Pods/Target Support Files/path_provider_foundation/path_provider_foundation-Info.plist`
                     - Generating dummy source at `Pods/Target Support Files/path_provider_foundation/path_provider_foundation-dummy.m`
                   - Installing target `share_plus` macOS 10.11
                     - Generating module map file at `Pods/Target Support Files/share_plus/share_plus.modulemap`
                     - Generating umbrella header at `Pods/Target Support Files/share_plus/share_plus-umbrella.h`
                     - Generating Info.plist file at `Pods/Target Support Files/share_plus/share_plus-Info.plist`
                     - Generating dummy source at `Pods/Target Support Files/share_plus/share_plus-dummy.m`
                   - Installing target `shared_preferences_foundation` macOS 10.14
                     - Generating module map file at `Pods/Target Support Files/shared_preferences_foundation/shared_preferences_foundation.modulemap`
                     - Generating umbrella header at `Pods/Target Support Files/shared_preferences_foundation/shared_preferences_foundation-umbrella.h`
                     - Generating Info.plist file at `Pods/Target Support Files/shared_preferences_foundation/shared_preferences_foundation-Info.plist`
                     - Generating dummy source at `Pods/Target Support Files/shared_preferences_foundation/shared_preferences_foundation-dummy.m`
                   - Installing target `sign_in_with_apple` macOS 10.11
                     - Generating module map file at `Pods/Target Support Files/sign_in_with_apple/sign_in_with_apple.modulemap`
                     - Generating umbrella header at `Pods/Target Support Files/sign_in_with_apple/sign_in_with_apple-umbrella.h`
                     - Generating Info.plist file at `Pods/Target Support Files/sign_in_with_apple/sign_in_with_apple-Info.plist`
                     - Generating dummy source at `Pods/Target Support Files/sign_in_with_apple/sign_in_with_apple-dummy.m`
                   - Installing target `url_launcher_macos` macOS 10.14
                     - Generating module map file at `Pods/Target Support Files/url_launcher_macos/url_launcher_macos.modulemap`
                     - Generating umbrella header at `Pods/Target Support Files/url_launcher_macos/url_launcher_macos-umbrella.h`
                     - Generating Info.plist file at `Pods/Target Support Files/url_launcher_macos/url_launcher_macos-Info.plist`
                     - Generating dummy source at `Pods/Target Support Files/url_launcher_macos/url_launcher_macos-dummy.m`
                 - Installing Aggregate Targets
                   - Installing target `Pods-Runner` macOS 10.14
                     - Generating Info.plist file at `Pods/Target Support Files/Pods-Runner/Pods-Runner-Info.plist`
                     - Generating module map file at `Pods/Target Support Files/Pods-Runner/Pods-Runner.modulemap`
                     - Generating umbrella header at `Pods/Target Support Files/Pods-Runner/Pods-Runner-umbrella.h`
                     - Generating dummy source at `Pods/Target Support Files/Pods-Runner/Pods-Runner-dummy.m`
                 - Generating deterministic UUIDs
                 - Stabilizing target UUIDs
                 - Running post install hooks
                   - Podfile
                 - Writing Xcode project file to `Pods/Pods.xcodeproj`
                 Cleaning up sandbox directory

               Integrating client project

               Integrating target `Pods-Runner` (`Runner.xcodeproj` project)
                 - Running post integrate hooks
                 - Writing Lockfile in `Podfile.lock`
                 - Writing Manifest in `Pods/Manifest.lock`
                 CDN: trunk Relative path: CocoaPods-version.yml exists! Returning local because checking is only performed in repo update

               -> Pod installation complete! There are 8 dependencies from the Podfile and 8 total pods installed.

[  +13 ms] executing: [/Users/andreea/StudioProjects/Flutter_Project/macos/] /usr/bin/arch -arm64e xcrun xcodebuild -list -project Runner.xcodeproj
[ +743 ms] Command line invocation:
               /Applications/Xcode.app/Contents/Developer/usr/bin/xcodebuild -list -project Runner.xcodeproj

           Information about project "Runner":
               Targets:
                   Runner
                   Flutter Assemble

               Build Configurations:
                   Debug
                   Release
                   Profile

               If no build configuration is specified and -scheme is not passed then "Release" is used.

               Schemes:
                   Flutter Assemble
                   Runner
[   +1 ms] Building macOS application...
[        ] executing: /usr/bin/env xcrun xcodebuild -workspace /Users/andreea/StudioProjects/Flutter_Project/macos/Runner.xcworkspace -configuration Debug -scheme Runner -derivedDataPath /Users/andreea/StudioProjects/Flutter_Project/build/macos -destination platform=macOS OBJROOT=/Users/andreea/StudioProjects/Flutter_Project/build/macos/Build/Intermediates.noindex SYMROOT=/Users/andreea/StudioProjects/Flutter_Project/build/macos/Build/Products VERBOSE_SCRIPT_LOGGING=YES COMPILER_INDEX_STORE_ENABLE=NO
[ +533 ms] Command line invocation:
[        ]     /Applications/Xcode.app/Contents/Developer/usr/bin/xcodebuild -workspace /Users/andreea/StudioProjects/Flutter_Project/macos/Runner.xcworkspace -configuration Debug -scheme Runner -derivedDataPath /Users/andreea/StudioProjects/Flutter_Project/build/macos -destination platform=macOS OBJROOT=/Users/andreea/StudioProjects/Flutter_Project/build/macos/Build/Intermediates.noindex SYMROOT=/Users/andreea/StudioProjects/Flutter_Project/build/macos/Build/Products VERBOSE_SCRIPT_LOGGING=YES COMPILER_INDEX_STORE_ENABLE=NO
[        ] Build settings from command line:
[        ]     COMPILER_INDEX_STORE_ENABLE = NO
[        ]     OBJROOT = /Users/andreea/StudioProjects/Flutter_Project/build/macos/Build/Intermediates.noindex
[        ]     SYMROOT = /Users/andreea/StudioProjects/Flutter_Project/build/macos/Build/Products
[        ]     VERBOSE_SCRIPT_LOGGING = YES
[ +193 ms] ComputePackagePrebuildTargetDependencyGraph
[ +189 ms] Prepare packages
[   +1 ms] CreateBuildRequest
[        ] SendProjectDescription
[  +21 ms] CreateBuildOperation
[  +12 ms] ComputeTargetDependencyGraph
[  +98 ms] note: Building targets in dependency order
[   +2 ms] note: Target dependency graph (11 targets)
[        ]     Target 'Runner' in project 'Runner'
[        ]         ➜ Explicit dependency on target 'Flutter Assemble' in project 'Runner'
[        ]         ➜ Implicit dependency on target 'Pods-Runner' in project 'Pods' via file 'Pods_Runner.framework' in build phase 'Link Binary'
[        ]         ➜ Implicit dependency on target 'app_links' in project 'Pods' via options '-framework app_links' in build setting 'OTHER_LDFLAGS'
[        ]         ➜ Implicit dependency on target 'file_selector_macos' in project 'Pods' via options '-framework file_selector_macos' in build setting 'OTHER_LDFLAGS'
[        ]         ➜ Implicit dependency on target 'path_provider_foundation' in project 'Pods' via options '-framework path_provider_foundation' in build setting 'OTHER_LDFLAGS'
[        ]         ➜ Implicit dependency on target 'share_plus' in project 'Pods' via options '-framework share_plus' in build setting 'OTHER_LDFLAGS'
[        ]         ➜ Implicit dependency on target 'shared_preferences_foundation' in project 'Pods' via options '-framework shared_preferences_foundation' in build setting 'OTHER_LDFLAGS'
[        ]         ➜ Implicit dependency on target 'sign_in_with_apple' in project 'Pods' via options '-framework sign_in_with_apple' in build setting 'OTHER_LDFLAGS'
[        ]         ➜ Implicit dependency on target 'url_launcher_macos' in project 'Pods' via options '-framework url_launcher_macos' in build setting 'OTHER_LDFLAGS'
[        ]     Target 'Pods-Runner' in project 'Pods'
[        ]         ➜ Explicit dependency on target 'FlutterMacOS' in project 'Pods'
[        ]         ➜ Explicit dependency on target 'app_links' in project 'Pods'
[        ]         ➜ Explicit dependency on target 'file_selector_macos' in project 'Pods'
[        ]         ➜ Explicit dependency on target 'path_provider_foundation' in project 'Pods'
[        ]         ➜ Explicit dependency on target 'share_plus' in project 'Pods'
[        ]         ➜ Explicit dependency on target 'shared_preferences_foundation' in project 'Pods'
[        ]         ➜ Explicit dependency on target 'sign_in_with_apple' in project 'Pods'
[        ]         ➜ Explicit dependency on target 'url_launcher_macos' in project 'Pods'
[        ]     Target 'Flutter Assemble' in project 'Runner'
[        ]         ➜ Implicit dependency on target 'app_links' in project 'Pods' via options '-framework app_links' in build setting 'OTHER_LDFLAGS'
[        ]         ➜ Implicit dependency on target 'file_selector_macos' in project 'Pods' via options '-framework file_selector_macos' in build setting 'OTHER_LDFLAGS'
[        ]         ➜ Implicit dependency on target 'path_provider_foundation' in project 'Pods' via options '-framework path_provider_foundation' in build setting 'OTHER_LDFLAGS'
[        ]         ➜ Implicit dependency on target 'share_plus' in project 'Pods' via options '-framework share_plus' in build setting 'OTHER_LDFLAGS'
[        ]         ➜ Implicit dependency on target 'shared_preferences_foundation' in project 'Pods' via options '-framework shared_preferences_foundation' in build setting 'OTHER_LDFLAGS'
[        ]         ➜ Implicit dependency on target 'sign_in_with_apple' in project 'Pods' via options '-framework sign_in_with_apple' in build setting 'OTHER_LDFLAGS'
[        ]         ➜ Implicit dependency on target 'url_launcher_macos' in project 'Pods' via options '-framework url_launcher_macos' in build setting 'OTHER_LDFLAGS'
[        ]     Target 'url_launcher_macos' in project 'Pods'
[        ]         ➜ Explicit dependency on target 'FlutterMacOS' in project 'Pods'
[        ]     Target 'sign_in_with_apple' in project 'Pods'
[        ]         ➜ Explicit dependency on target 'FlutterMacOS' in project 'Pods'
[        ]     Target 'shared_preferences_foundation' in project 'Pods'
[        ]         ➜ Explicit dependency on target 'FlutterMacOS' in project 'Pods'
[        ]     Target 'share_plus' in project 'Pods'
[        ]         ➜ Explicit dependency on target 'FlutterMacOS' in project 'Pods'
[        ]     Target 'path_provider_foundation' in project 'Pods'
[        ]         ➜ Explicit dependency on target 'FlutterMacOS' in project 'Pods'
[        ]     Target 'file_selector_macos' in project 'Pods'
[        ]         ➜ Explicit dependency on target 'FlutterMacOS' in project 'Pods'
[        ]     Target 'app_links' in project 'Pods'
[        ]         ➜ Explicit dependency on target 'FlutterMacOS' in project 'Pods'
[        ]     Target 'FlutterMacOS' in project 'Pods' (no dependencies)
[        ] GatherProvisioningInputs
[  +72 ms] CreateBuildDescription
[  +45 ms] ExecuteExternalTool /Applications/Xcode.app/Contents/Developer/Toolchains/XcodeDefault.xctoolchain/usr/bin/clang -v -E -dM -arch arm64 -isysroot /Applications/Xcode.app/Contents/Developer/Platforms/MacOSX.platform/Developer/SDKs/MacOSX15.4.sdk -x c -c /dev/null
[  +44 ms] ExecuteExternalTool /Applications/Xcode.app/Contents/Developer/usr/bin/ibtool --version --output-format xml1
[+1337 ms] ExecuteExternalTool /Applications/Xcode.app/Contents/Developer/usr/bin/actool --version --output-format xml1
[        ] ExecuteExternalTool /Applications/Xcode.app/Contents/Developer/Toolchains/XcodeDefault.xctoolchain/usr/bin/clang -v -E -dM -isysroot /Applications/Xcode.app/Contents/Developer/Platforms/MacOSX.platform/Developer/SDKs/MacOSX15.4.sdk -x c -c /dev/null
[        ] ExecuteExternalTool /Applications/Xcode.app/Contents/Developer/Toolchains/XcodeDefault.xctoolchain/usr/bin/clang -v -E -dM -arch arm64 -isysroot /Applications/Xcode.app/Contents/Developer/Platforms/MacOSX.platform/Developer/SDKs/MacOSX15.4.sdk -x objective-c -c /dev/null
[        ] ExecuteExternalTool /Applications/Xcode.app/Contents/Developer/Toolchains/XcodeDefault.xctoolchain/usr/bin/swiftc --version
[        ] ExecuteExternalTool /Applications/Xcode.app/Contents/Developer/Toolchains/XcodeDefault.xctoolchain/usr/bin/libtool -V
[        ] ExecuteExternalTool /Applications/Xcode.app/Contents/Developer/Toolchains/XcodeDefault.xctoolchain/usr/bin/ld -version_details
[  +58 ms] Build description signature: 0b4859afaf304566aa4f278362532ccf
[        ] Build description path: /Users/andreea/StudioProjects/Flutter_Project/build/macos/Build/Intermediates.noindex/XCBuildData/0b4859afaf304566aa4f278362532ccf.xcbuilddata
[  +40 ms] CreateBuildDirectory /Users/andreea/StudioProjects/Flutter_Project/build/macos/Build/Products
[        ]     cd /Users/andreea/StudioProjects/Flutter_Project/macos
[        ]     builtin-create-build-directory /Users/andreea/StudioProjects/Flutter_Project/build/macos/Build/Products
[   +3 ms] CreateBuildDirectory /Users/andreea/StudioProjects/Flutter_Project/build/macos/Build/Intermediates.noindex
[        ]     cd /Users/andreea/StudioProjects/Flutter_Project/macos
[        ]     builtin-create-build-directory /Users/andreea/StudioProjects/Flutter_Project/build/macos/Build/Intermediates.noindex
[        ] ClangStatCache /Applications/Xcode.app/Contents/Developer/Toolchains/XcodeDefault.xctoolchain/usr/bin/clang-stat-cache /Applications/Xcode.app/Contents/Developer/Platforms/MacOSX.platform/Developer/SDKs/MacOSX15.4.sdk /Users/andreea/StudioProjects/Flutter_Project/build/macos/SDKStatCaches.noindex/macosx15.4-24E241-88b860576fb364319593bd8fb30666b0.sdkstatcache
[        ]     cd /Users/andreea/StudioProjects/Flutter_Project/macos
[        ]     /Applications/Xcode.app/Contents/Developer/Toolchains/XcodeDefault.xctoolchain/usr/bin/clang-stat-cache /Applications/Xcode.app/Contents/Developer/Platforms/MacOSX.platform/Developer/SDKs/MacOSX15.4.sdk -o /Users/andreea/StudioProjects/Flutter_Project/build/macos/SDKStatCaches.noindex/macosx15.4-24E241-88b860576fb364319593bd8fb30666b0.sdkstatcache
[+1552 ms] CreateBuildDirectory /Users/andreea/StudioProjects/Flutter_Project/build/macos/Build/Products/Debug
[        ]     cd /Users/andreea/StudioProjects/Flutter_Project/macos
[        ]     builtin-create-build-directory /Users/andreea/StudioProjects/Flutter_Project/build/macos/Build/Products/Debug
[        ] CreateBuildDirectory /Users/andreea/StudioProjects/Flutter_Project/build/macos/Build/Intermediates.noindex/EagerLinkingTBDs/Debug
[        ]     cd /Users/andreea/StudioProjects/Flutter_Project/macos
[        ]     builtin-create-build-directory /Users/andreea/StudioProjects/Flutter_Project/build/macos/Build/Intermediates.noindex/EagerLinkingTBDs/Debug
[        ] WriteAuxiliaryFile /Users/andreea/StudioProjects/Flutter_Project/build/macos/Build/Intermediates.noindex/Runner.build/Debug/Runner-18c1723432283e0cc55f10a6dcfd9e02-VFS/all-product-headers.yaml
[        ]     cd /Users/andreea/StudioProjects/Flutter_Project/macos
[        ]     write-file /Users/andreea/StudioProjects/Flutter_Project/build/macos/Build/Intermediates.noindex/Runner.build/Debug/Runner-18c1723432283e0cc55f10a6dcfd9e02-VFS/all-product-headers.yaml
[        ] WriteAuxiliaryFile /Users/andreea/StudioProjects/Flutter_Project/build/macos/Build/Intermediates.noindex/Pods.build/Debug/Pods-8699adb1dd336b26511df848a716bd42-VFS/all-product-headers.yaml
[        ]     cd /Users/andreea/StudioProjects/Flutter_Project/macos
[        ]     write-file /Users/andreea/StudioProjects/Flutter_Project/build/macos/Build/Intermediates.noindex/Pods.build/Debug/Pods-8699adb1dd336b26511df848a716bd42-VFS/all-product-headers.yaml
[        ] WriteAuxiliaryFile /Users/andreea/StudioProjects/Flutter_Project/build/macos/Build/Intermediates.noindex/Runner.build/Debug/Flutter\ Assemble.build/OutputFileList-33CC111E2044C6BF0003C045-FlutterOutputs-70949016347dc6eab22d5c10b29dc729-resolved.xcfilelist (in target 'Flutter Assemble' from project 'Runner')
[        ]     cd /Users/andreea/StudioProjects/Flutter_Project/macos
[        ]     write-file /Users/andreea/StudioProjects/Flutter_Project/build/macos/Build/Intermediates.noindex/Runner.build/Debug/Flutter\ Assemble.build/OutputFileList-33CC111E2044C6BF0003C045-FlutterOutputs-70949016347dc6eab22d5c10b29dc729-resolved.xcfilelist
[        ] WriteAuxiliaryFile /Users/andreea/StudioProjects/Flutter_Project/build/macos/Build/Intermediates.noindex/Runner.build/Debug/Flutter\ Assemble.build/InputFileList-33CC111E2044C6BF0003C045-FlutterInputs-d44e87fda9643e816c0eeeedd3466a51-resolved.xcfilelist (in target 'Flutter Assemble' from project 'Runner')
[        ]     cd /Users/andreea/StudioProjects/Flutter_Project/macos
[        ]     write-file /Users/andreea/StudioProjects/Flutter_Project/build/macos/Build/Intermediates.noindex/Runner.build/Debug/Flutter\ Assemble.build/InputFileList-33CC111E2044C6BF0003C045-FlutterInputs-d44e87fda9643e816c0eeeedd3466a51-resolved.xcfilelist
[        ] WriteAuxiliaryFile /Users/andreea/StudioProjects/Flutter_Project/build/macos/Build/Intermediates.noindex/Runner.build/Debug/Flutter\ Assemble.build/Script-33CC111E2044C6BF0003C045.sh (in target 'Flutter Assemble' from project 'Runner')
[        ]     cd /Users/andreea/StudioProjects/Flutter_Project/macos
[        ]     write-file /Users/andreea/StudioProjects/Flutter_Project/build/macos/Build/Intermediates.noindex/Runner.build/Debug/Flutter\ Assemble.build/Script-33CC111E2044C6BF0003C045.sh
[        ] CreateBuildDirectory /Users/andreea/StudioProjects/Flutter_Project/build/macos/Build/Products/Debug/url_launcher_macos
[        ]     cd /Users/andreea/StudioProjects/Flutter_Project/macos
[        ]     builtin-create-build-directory /Users/andreea/StudioProjects/Flutter_Project/build/macos/Build/Products/Debug/url_launcher_macos
[        ] CreateBuildDirectory /Users/andreea/StudioProjects/Flutter_Project/build/macos/Build/Products/Debug/sign_in_with_apple
[        ]     cd /Users/andreea/StudioProjects/Flutter_Project/macos
[        ]     builtin-create-build-directory /Users/andreea/StudioProjects/Flutter_Project/build/macos/Build/Products/Debug/sign_in_with_apple
[        ] CreateBuildDirectory /Users/andreea/StudioProjects/Flutter_Project/build/macos/Build/Products/Debug/shared_preferences_foundation
[        ]     cd /Users/andreea/StudioProjects/Flutter_Project/macos
[        ]     builtin-create-build-directory /Users/andreea/StudioProjects/Flutter_Project/build/macos/Build/Products/Debug/shared_preferences_foundation
[        ] CreateBuildDirectory /Users/andreea/StudioProjects/Flutter_Project/build/macos/Build/Products/Debug/share_plus
[        ]     cd /Users/andreea/StudioProjects/Flutter_Project/macos
[        ]     builtin-create-build-directory /Users/andreea/StudioProjects/Flutter_Project/build/macos/Build/Products/Debug/share_plus
[        ] CreateBuildDirectory /Users/andreea/StudioProjects/Flutter_Project/build/macos/Build/Products/Debug/path_provider_foundation
[        ]     cd /Users/andreea/StudioProjects/Flutter_Project/macos
[        ]     builtin-create-build-directory /Users/andreea/StudioProjects/Flutter_Project/build/macos/Build/Products/Debug/path_provider_foundation
[        ] WriteAuxiliaryFile /Users/andreea/StudioProjects/Flutter_Project/build/macos/Build/Intermediates.noindex/Runner.build/Debug/Runner.build/honoo.hmap (in target 'Runner' from project 'Runner')
[        ]     cd /Users/andreea/StudioProjects/Flutter_Project/macos
[        ]     write-file /Users/andreea/StudioProjects/Flutter_Project/build/macos/Build/Intermediates.noindex/Runner.build/Debug/Runner.build/honoo.hmap
[        ] WriteAuxiliaryFile /Users/andreea/StudioProjects/Flutter_Project/build/macos/Build/Intermediates.noindex/Runner.build/Debug/Runner.build/honoo.DependencyStaticMetadataFileList (in target 'Runner' from project 'Runner')
[        ]     cd /Users/andreea/StudioProjects/Flutter_Project/macos
[        ]     write-file /Users/andreea/StudioProjects/Flutter_Project/build/macos/Build/Intermediates.noindex/Runner.build/Debug/Runner.build/honoo.DependencyStaticMetadataFileList
[        ] WriteAuxiliaryFile /Users/andreea/StudioProjects/Flutter_Project/build/macos/Build/Intermediates.noindex/Runner.build/Debug/Runner.build/honoo.DependencyMetadataFileList (in target 'Runner' from project 'Runner')
[        ]     cd /Users/andreea/StudioProjects/Flutter_Project/macos
[        ]     write-file /Users/andreea/StudioProjects/Flutter_Project/build/macos/Build/Intermediates.noindex/Runner.build/Debug/Runner.build/honoo.DependencyMetadataFileList
[        ] WriteAuxiliaryFile /Users/andreea/StudioProjects/Flutter_Project/build/macos/Build/Intermediates.noindex/Runner.build/Debug/Runner.build/honoo-project-headers.hmap (in target 'Runner' from project 'Runner')
[        ]     cd /Users/andreea/StudioProjects/Flutter_Project/macos
[        ]     write-file /Users/andreea/StudioProjects/Flutter_Project/build/macos/Build/Intermediates.noindex/Runner.build/Debug/Runner.build/honoo-project-headers.hmap
[        ] WriteAuxiliaryFile /Users/andreea/StudioProjects/Flutter_Project/build/macos/Build/Intermediates.noindex/Runner.build/Debug/Runner.build/honoo-own-target-headers.hmap (in target 'Runner' from project 'Runner')
[        ]     cd /Users/andreea/StudioProjects/Flutter_Project/macos
[        ]     write-file /Users/andreea/StudioProjects/Flutter_Project/build/macos/Build/Intermediates.noindex/Runner.build/Debug/Runner.build/honoo-own-target-headers.hmap
[        ] WriteAuxiliaryFile /Users/andreea/StudioProjects/Flutter_Project/build/macos/Build/Intermediates.noindex/Runner.build/Debug/Runner.build/honoo-generated-files.hmap (in target 'Runner' from project 'Runner')
[        ]     cd /Users/andreea/StudioProjects/Flutter_Project/macos
[        ]     write-file /Users/andreea/StudioProjects/Flutter_Project/build/macos/Build/Intermediates.noindex/Runner.build/Debug/Runner.build/honoo-generated-files.hmap
[        ] WriteAuxiliaryFile /Users/andreea/StudioProjects/Flutter_Project/build/macos/Build/Intermediates.noindex/Runner.build/Debug/Runner.build/honoo-all-target-headers.hmap (in target 'Runner' from project 'Runner')
[        ]     cd /Users/andreea/StudioProjects/Flutter_Project/macos
[        ]     write-file /Users/andreea/StudioProjects/Flutter_Project/build/macos/Build/Intermediates.noindex/Runner.build/Debug/Runner.build/honoo-all-target-headers.hmap
[        ] WriteAuxiliaryFile /Users/andreea/StudioProjects/Flutter_Project/build/macos/Build/Intermediates.noindex/Runner.build/Debug/Runner.build/honoo-all-non-framework-target-headers.hmap (in target 'Runner' from project 'Runner')
[        ]     cd /Users/andreea/StudioProjects/Flutter_Project/macos
[        ]     write-file /Users/andreea/StudioProjects/Flutter_Project/build/macos/Build/Intermediates.noindex/Runner.build/Debug/Runner.build/honoo-all-non-framework-target-headers.hmap
[        ] WriteAuxiliaryFile /Users/andreea/StudioProjects/Flutter_Project/build/macos/Build/Intermediates.noindex/Runner.build/Debug/Runner.build/honoo-DebugDylibPath-normal-arm64.txt (in target 'Runner' from project 'Runner')
[        ]     cd /Users/andreea/StudioProjects/Flutter_Project/macos
[        ]     write-file /Users/andreea/StudioProjects/Flutter_Project/build/macos/Build/Intermediates.noindex/Runner.build/Debug/Runner.build/honoo-DebugDylibPath-normal-arm64.txt
[        ] WriteAuxiliaryFile /Users/andreea/StudioProjects/Flutter_Project/build/macos/Build/Intermediates.noindex/Runner.build/Debug/Runner.build/honoo-DebugDylibInstallName-normal-arm64.txt (in target 'Runner' from project 'Runner')
[        ]     cd /Users/andreea/StudioProjects/Flutter_Project/macos
[        ]     write-file /Users/andreea/StudioProjects/Flutter_Project/build/macos/Build/Intermediates.noindex/Runner.build/Debug/Runner.build/honoo-DebugDylibInstallName-normal-arm64.txt
[        ] WriteAuxiliaryFile /Users/andreea/StudioProjects/Flutter_Project/build/macos/Build/Intermediates.noindex/Runner.build/Debug/Runner.build/Script-DBB5FEF312432A1C86B29B6E.sh (in target 'Runner' from project 'Runner')
[        ]     cd /Users/andreea/StudioProjects/Flutter_Project/macos
[        ]     write-file /Users/andreea/StudioProjects/Flutter_Project/build/macos/Build/Intermediates.noindex/Runner.build/Debug/Runner.build/Script-DBB5FEF312432A1C86B29B6E.sh
[        ] WriteAuxiliaryFile /Users/andreea/StudioProjects/Flutter_Project/build/macos/Build/Intermediates.noindex/Runner.build/Debug/Runner.build/Script-893D983E9708FBCA6168078A.sh (in target 'Runner' from project 'Runner')
[        ]     cd /Users/andreea/StudioProjects/Flutter_Project/macos
[        ]     write-file /Users/andreea/StudioProjects/Flutter_Project/build/macos/Build/Intermediates.noindex/Runner.build/Debug/Runner.build/Script-893D983E9708FBCA6168078A.sh
[        ] WriteAuxiliaryFile /Users/andreea/StudioProjects/Flutter_Project/build/macos/Build/Intermediates.noindex/Runner.build/Debug/Runner.build/Script-3399D490228B24CF009A79C7.sh (in target 'Runner' from project 'Runner')
[        ]     cd /Users/andreea/StudioProjects/Flutter_Project/macos
[        ]     write-file /Users/andreea/StudioProjects/Flutter_Project/build/macos/Build/Intermediates.noindex/Runner.build/Debug/Runner.build/Script-3399D490228B24CF009A79C7.sh
[        ] WriteAuxiliaryFile /Users/andreea/StudioProjects/Flutter_Project/build/macos/Build/Intermediates.noindex/Runner.build/Debug/Runner.build/OutputFileList-DBB5FEF312432A1C86B29B6E-Pods-Runner-frameworks-Debug-output-files-2ba6dc226bb08863e8645d942ee92c1f-resolved.xcfilelist (in target 'Runner' from project 'Runner')
[        ]     cd /Users/andreea/StudioProjects/Flutter_Project/macos
[        ]     write-file /Users/andreea/StudioProjects/Flutter_Project/build/macos/Build/Intermediates.noindex/Runner.build/Debug/Runner.build/OutputFileList-DBB5FEF312432A1C86B29B6E-Pods-Runner-frameworks-Debug-output-files-2ba6dc226bb08863e8645d942ee92c1f-resolved.xcfilelist
[        ] WriteAuxiliaryFile /Users/andreea/StudioProjects/Flutter_Project/build/macos/Build/Intermediates.noindex/Runner.build/Debug/Runner.build/Objects-normal/arm64/honoo.SwiftFileList (in target 'Runner' from project 'Runner')
[        ]     cd /Users/andreea/StudioProjects/Flutter_Project/macos
[        ]     write-file /Users/andreea/StudioProjects/Flutter_Project/build/macos/Build/Intermediates.noindex/Runner.build/Debug/Runner.build/Objects-normal/arm64/honoo.SwiftFileList
[        ] WriteAuxiliaryFile /Users/andreea/StudioProjects/Flutter_Project/build/macos/Build/Intermediates.noindex/Runner.build/Debug/Runner.build/Objects-normal/arm64/honoo.SwiftConstValuesFileList (in target 'Runner' from project 'Runner')
[        ]     cd /Users/andreea/StudioProjects/Flutter_Project/macos
[        ]     write-file /Users/andreea/StudioProjects/Flutter_Project/build/macos/Build/Intermediates.noindex/Runner.build/Debug/Runner.build/Objects-normal/arm64/honoo.SwiftConstValuesFileList
[        ] WriteAuxiliaryFile /Users/andreea/StudioProjects/Flutter_Project/build/macos/Build/Intermediates.noindex/Runner.build/Debug/Runner.build/Objects-normal/arm64/Runner_const_extract_protocols.json (in target 'Runner' from project 'Runner')
[        ]     cd /Users/andreea/StudioProjects/Flutter_Project/macos
[        ]     write-file /Users/andreea/StudioProjects/Flutter_Project/build/macos/Build/Intermediates.noindex/Runner.build/Debug/Runner.build/Objects-normal/arm64/Runner_const_extract_protocols.json
[        ] WriteAuxiliaryFile /Users/andreea/StudioProjects/Flutter_Project/build/macos/Build/Intermediates.noindex/Runner.build/Debug/Runner.build/Objects-normal/arm64/honoo.LinkFileList (in target 'Runner' from project 'Runner')
[        ]     cd /Users/andreea/StudioProjects/Flutter_Project/macos
[        ]     write-file /Users/andreea/StudioProjects/Flutter_Project/build/macos/Build/Intermediates.noindex/Runner.build/Debug/Runner.build/Objects-normal/arm64/honoo.LinkFileList
[        ] WriteAuxiliaryFile /Users/andreea/StudioProjects/Flutter_Project/build/macos/Build/Intermediates.noindex/Runner.build/Debug/Runner.build/Objects-normal/arm64/Runner-OutputFileMap.json (in target 'Runner' from project 'Runner')
[        ]     cd /Users/andreea/StudioProjects/Flutter_Project/macos
[        ]     write-file /Users/andreea/StudioProjects/Flutter_Project/build/macos/Build/Intermediates.noindex/Runner.build/Debug/Runner.build/Objects-normal/arm64/Runner-OutputFileMap.json
[        ] WriteAuxiliaryFile /Users/andreea/StudioProjects/Flutter_Project/build/macos/Build/Intermediates.noindex/Runner.build/Debug/Runner.build/InputFileList-DBB5FEF312432A1C86B29B6E-Pods-Runner-frameworks-Debug-input-files-36cc1cb30ab0c0dca426801c2e62ee71-resolved.xcfilelist (in target 'Runner' from project 'Runner')
[        ]     cd /Users/andreea/StudioProjects/Flutter_Project/macos
[        ]     write-file /Users/andreea/StudioProjects/Flutter_Project/build/macos/Build/Intermediates.noindex/Runner.build/Debug/Runner.build/InputFileList-DBB5FEF312432A1C86B29B6E-Pods-Runner-frameworks-Debug-input-files-36cc1cb30ab0c0dca426801c2e62ee71-resolved.xcfilelist
[        ] WriteAuxiliaryFile /Users/andreea/StudioProjects/Flutter_Project/build/macos/Build/Intermediates.noindex/Pods.build/Debug/Pods-Runner.build/Pods_Runner-project-headers.hmap (in target 'Pods-Runner' from project 'Pods')
[        ]     cd /Users/andreea/StudioProjects/Flutter_Project/macos/Pods
[        ]     write-file /Users/andreea/StudioProjects/Flutter_Project/build/macos/Build/Intermediates.noindex/Pods.build/Debug/Pods-Runner.build/Pods_Runner-project-headers.hmap
[        ] WriteAuxiliaryFile /Users/andreea/StudioProjects/Flutter_Project/build/macos/Build/Intermediates.noindex/Runner.build/Debug/Runner.build/DerivedSources/Entitlements.plist (in target 'Runner' from project 'Runner')
[        ]     cd /Users/andreea/StudioProjects/Flutter_Project/macos
[        ]     write-file /Users/andreea/StudioProjects/Flutter_Project/build/macos/Build/Intermediates.noindex/Runner.build/Debug/Runner.build/DerivedSources/Entitlements.plist
[        ] WriteAuxiliaryFile /Users/andreea/StudioProjects/Flutter_Project/build/macos/Build/Intermediates.noindex/Pods.build/Debug/Pods-Runner.build/Pods_Runner.DependencyStaticMetadataFileList (in target 'Pods-Runner' from project 'Pods')
[        ]     cd /Users/andreea/StudioProjects/Flutter_Project/macos/Pods
[        ]     write-file /Users/andreea/StudioProjects/Flutter_Project/build/macos/Build/Intermediates.noindex/Pods.build/Debug/Pods-Runner.build/Pods_Runner.DependencyStaticMetadataFileList
[        ] WriteAuxiliaryFile /Users/andreea/StudioProjects/Flutter_Project/build/macos/Build/Intermediates.noindex/Pods.build/Debug/Pods-Runner.build/Pods_Runner.hmap (in target 'Pods-Runner' from project 'Pods')
[        ]     cd /Users/andreea/StudioProjects/Flutter_Project/macos/Pods
[        ]     write-file /Users/andreea/StudioProjects/Flutter_Project/build/macos/Build/Intermediates.noindex/Pods.build/Debug/Pods-Runner.build/Pods_Runner.hmap
[        ] WriteAuxiliaryFile /Users/andreea/StudioProjects/Flutter_Project/build/macos/Build/Intermediates.noindex/Pods.build/Debug/Pods-Runner.build/Pods_Runner.DependencyMetadataFileList (in target 'Pods-Runner' from project 'Pods')
[        ]     cd /Users/andreea/StudioProjects/Flutter_Project/macos/Pods
[        ]     write-file /Users/andreea/StudioProjects/Flutter_Project/build/macos/Build/Intermediates.noindex/Pods.build/Debug/Pods-Runner.build/Pods_Runner.DependencyMetadataFileList
[        ] WriteAuxiliaryFile /Users/andreea/StudioProjects/Flutter_Project/build/macos/Build/Intermediates.noindex/Pods.build/Debug/Pods-Runner.build/Pods_Runner-own-target-headers.hmap (in target 'Pods-Runner' from project 'Pods')
[        ]     cd /Users/andreea/StudioProjects/Flutter_Project/macos/Pods
[        ]     write-file /Users/andreea/StudioProjects/Flutter_Project/build/macos/Build/Intermediates.noindex/Pods.build/Debug/Pods-Runner.build/Pods_Runner-own-target-headers.hmap
[        ] WriteAuxiliaryFile /Users/andreea/StudioProjects/Flutter_Project/build/macos/Build/Intermediates.noindex/Pods.build/Debug/Pods-Runner.build/Pods_Runner-generated-files.hmap (in target 'Pods-Runner' from project 'Pods')
[        ]     cd /Users/andreea/StudioProjects/Flutter_Project/macos/Pods
[        ]     write-file /Users/andreea/StudioProjects/Flutter_Project/build/macos/Build/Intermediates.noindex/Pods.build/Debug/Pods-Runner.build/Pods_Runner-generated-files.hmap
[        ] WriteAuxiliaryFile /Users/andreea/StudioProjects/Flutter_Project/build/macos/Build/Intermediates.noindex/Pods.build/Debug/Pods-Runner.build/Pods_Runner-all-target-headers.hmap (in target 'Pods-Runner' from project 'Pods')
[        ]     cd /Users/andreea/StudioProjects/Flutter_Project/macos/Pods
[        ]     write-file /Users/andreea/StudioProjects/Flutter_Project/build/macos/Build/Intermediates.noindex/Pods.build/Debug/Pods-Runner.build/Pods_Runner-all-target-headers.hmap
[        ] WriteAuxiliaryFile /Users/andreea/StudioProjects/Flutter_Project/build/macos/Build/Intermediates.noindex/Pods.build/Debug/Pods-Runner.build/Pods_Runner-all-non-framework-target-headers.hmap (in target 'Pods-Runner' from project 'Pods')
[        ]     cd /Users/andreea/StudioProjects/Flutter_Project/macos/Pods
[        ]     write-file /Users/andreea/StudioProjects/Flutter_Project/build/macos/Build/Intermediates.noindex/Pods.build/Debug/Pods-Runner.build/Pods_Runner-all-non-framework-target-headers.hmap
[        ] WriteAuxiliaryFile /Users/andreea/StudioProjects/Flutter_Project/build/macos/Build/Intermediates.noindex/Pods.build/Debug/Pods-Runner.build/Objects-normal/arm64/Pods_Runner.LinkFileList (in target 'Pods-Runner' from project 'Pods')
[        ]     cd /Users/andreea/StudioProjects/Flutter_Project/macos/Pods
[        ]     write-file /Users/andreea/StudioProjects/Flutter_Project/build/macos/Build/Intermediates.noindex/Pods.build/Debug/Pods-Runner.build/Objects-normal/arm64/Pods_Runner.LinkFileList
[        ] WriteAuxiliaryFile /Users/andreea/StudioProjects/Flutter_Project/build/macos/Build/Intermediates.noindex/Pods.build/Debug/Pods-Runner.build/Objects-normal/arm64/e6072d4f65d7061329687fe24e3d63a7-common-args.resp (in target 'Pods-Runner' from project 'Pods')
[        ]     cd /Users/andreea/StudioProjects/Flutter_Project/macos/Pods
[        ]     write-file /Users/andreea/StudioProjects/Flutter_Project/build/macos/Build/Intermediates.noindex/Pods.build/Debug/Pods-Runner.build/Objects-normal/arm64/e6072d4f65d7061329687fe24e3d63a7-common-args.resp
[        ] -target arm64-apple-macos10.14 '-std=gnu11' -fobjc-arc -fmodules -gmodules '-fmodules-cache-path=/Users/andreea/StudioProjects/Flutter_Project/build/macos/ModuleCache.noindex' '-fmodule-name=Pods_Runner' -fpascal-strings -O0 -fno-common '-DPOD_CONFIGURATION_DEBUG=1' '-DDEBUG=1' '-DCOCOAPODS=1' '-DOBJC_OLD_DISPATCH_PROTOTYPES=0' -isysroot /Applications/Xcode.app/Contents/Developer/Platforms/MacOSX.platform/Developer/SDKs/MacOSX15.4.sdk -g -iquote /Users/andreea/StudioProjects/Flutter_Project/build/macos/Build/Intermediates.noindex/Pods.build/Debug/Pods-Runner.build/Pods_Runner-generated-files.hmap -I/Users/andreea/StudioProjects/Flutter_Project/build/macos/Build/Intermediates.noindex/Pods.build/Debug/Pods-Runner.build/Pods_Runner-own-target-headers.hmap -I/Users/andreea/StudioProjects/Flutter_Project/build/macos/Build/Intermediates.noindex/Pods.build/Debug/Pods-Runner.build/Pods_Runner-all-non-framework-target-headers.hmap -ivfsoverlay /Users/andreea/StudioProjects/Flutter_Project/build/macos/Build/Intermediates.noindex/Pods.build/Debug/Pods-8699adb1dd336b26511df848a716bd42-VFS/all-product-headers.yaml -iquote /Users/andreea/StudioProjects/Flutter_Project/build/macos/Build/Intermediates.noindex/Pods.build/Debug/Pods-Runner.build/Pods_Runner-project-headers.hmap -I/Users/andreea/StudioProjects/Flutter_Project/build/macos/Build/Products/Debug/include -I/Users/andreea/StudioProjects/Flutter_Project/build/macos/Build/Products/Debug/app_links/app_links.framework/Headers -I/Users/andreea/StudioProjects/Flutter_Project/build/macos/Build/Products/Debug/file_selector_macos/file_selector_macos.framework/Headers -I/Users/andreea/StudioProjects/Flutter_Project/build/macos/Build/Products/Debug/path_provider_foundation/path_provider_foundation.framework/Headers -I/Users/andreea/StudioProjects/Flutter_Project/build/macos/Build/Products/Debug/share_plus/share_plus.framework/Headers -I/Users/andreea/StudioProjects/Flutter_Project/build/macos/Build/Products/Debug/shared_preferences_foundation/shared_preferences_foundation.framework/Headers -I/Users/andreea/StudioProjects/Flutter_Project/build/macos/Build/Products/Debug/sign_in_with_apple/sign_in_with_apple.framework/Headers -I/Users/andreea/StudioProjects/Flutter_Project/build/macos/Build/Products/Debug/url_launcher_macos/url_launcher_macos.framework/Headers -I/Users/andreea/StudioProjects/Flutter_Project/build/macos/Build/Intermediates.noindex/Pods.build/Debug/Pods-Runner.build/DerivedSources-normal/arm64 -I/Users/andreea/StudioProjects/Flutter_Project/build/macos/Build/Intermediates.noindex/Pods.build/Debug/Pods-Runner.build/DerivedSources/arm64 -I/Users/andreea/StudioProjects/Flutter_Project/build/macos/Build/Intermediates.noindex/Pods.build/Debug/Pods-Runner.build/DerivedSources -F/Users/andreea/StudioProjects/Flutter_Project/build/macos/Build/Products/Debug -F/Users/andreea/StudioProjects/development/flutter_honoo/bin/cache/artifacts/engine/darwin-x64 -F/Users/andreea/StudioProjects/Flutter_Project/build/macos/Build/Products/Debug/app_links -F/Users/andreea/StudioProjects/Flutter_Project/build/macos/Build/Products/Debug/file_selector_macos -F/Users/andreea/StudioProjects/Flutter_Project/build/macos/Build/Products/Debug/path_provider_foundation -F/Users/andreea/StudioProjects/Flutter_Project/build/macos/Build/Products/Debug/share_plus -F/Users/andreea/StudioProjects/Flutter_Project/build/macos/Build/Products/Debug/shared_preferences_foundation -F/Users/andreea/StudioProjects/Flutter_Project/build/macos/Build/Products/Debug/sign_in_with_apple -F/Users/andreea/StudioProjects/Flutter_Project/build/macos/Build/Products/Debug/url_launcher_macos
[        ] WriteAuxiliaryFile /Users/andreea/StudioProjects/Flutter_Project/build/macos/Build/Intermediates.noindex/Pods.build/Debug/Pods-Runner.build/Objects-normal/arm64/7187679823f38a2a940e0043cdf9d637-common-args.resp (in target 'Pods-Runner' from project 'Pods')
[        ]     cd /Users/andreea/StudioProjects/Flutter_Project/macos/Pods
[        ]     write-file /Users/andreea/StudioProjects/Flutter_Project/build/macos/Build/Intermediates.noindex/Pods.build/Debug/Pods-Runner.build/Objects-normal/arm64/7187679823f38a2a940e0043cdf9d637-common-args.resp
[        ] -target arm64-apple-macos10.14 '-std=gnu11' -fmodules -gmodules '-fmodules-cache-path=/Users/andreea/StudioProjects/Flutter_Project/build/macos/ModuleCache.noindex' '-fmodule-name=Pods_Runner' -fpascal-strings -O0 -fno-common '-DPOD_CONFIGURATION_DEBUG=1' '-DDEBUG=1' '-DCOCOAPODS=1' -isysroot /Applications/Xcode.app/Contents/Developer/Platforms/MacOSX.platform/Developer/SDKs/MacOSX15.4.sdk -g -iquote /Users/andreea/StudioProjects/Flutter_Project/build/macos/Build/Intermediates.noindex/Pods.build/Debug/Pods-Runner.build/Pods_Runner-generated-files.hmap -I/Users/andreea/StudioProjects/Flutter_Project/build/macos/Build/Intermediates.noindex/Pods.build/Debug/Pods-Runner.build/Pods_Runner-own-target-headers.hmap -I/Users/andreea/StudioProjects/Flutter_Project/build/macos/Build/Intermediates.noindex/Pods.build/Debug/Pods-Runner.build/Pods_Runner-all-non-framework-target-headers.hmap -ivfsoverlay /Users/andreea/StudioProjects/Flutter_Project/build/macos/Build/Intermediates.noindex/Pods.build/Debug/Pods-8699adb1dd336b26511df848a716bd42-VFS/all-product-headers.yaml -iquote /Users/andreea/StudioProjects/Flutter_Project/build/macos/Build/Intermediates.noindex/Pods.build/Debug/Pods-Runner.build/Pods_Runner-project-headers.hmap -I/Users/andreea/StudioProjects/Flutter_Project/build/macos/Build/Products/Debug/include -I/Users/andreea/StudioProjects/Flutter_Project/build/macos/Build/Products/Debug/app_links/app_links.framework/Headers -I/Users/andreea/StudioProjects/Flutter_Project/build/macos/Build/Products/Debug/file_selector_macos/file_selector_macos.framework/Headers -I/Users/andreea/StudioProjects/Flutter_Project/build/macos/Build/Products/Debug/path_provider_foundation/path_provider_foundation.framework/Headers -I/Users/andreea/StudioProjects/Flutter_Project/build/macos/Build/Products/Debug/share_plus/share_plus.framework/Headers -I/Users/andreea/StudioProjects/Flutter_Project/build/macos/Build/Products/Debug/shared_preferences_foundation/shared_preferences_foundation.framework/Headers -I/Users/andreea/StudioProjects/Flutter_Project/build/macos/Build/Products/Debug/sign_in_with_apple/sign_in_with_apple.framework/Headers -I/Users/andreea/StudioProjects/Flutter_Project/build/macos/Build/Products/Debug/url_launcher_macos/url_launcher_macos.framework/Headers -I/Users/andreea/StudioProjects/Flutter_Project/build/macos/Build/Intermediates.noindex/Pods.build/Debug/Pods-Runner.build/DerivedSources-normal/arm64 -I/Users/andreea/StudioProjects/Flutter_Project/build/macos/Build/Intermediates.noindex/Pods.build/Debug/Pods-Runner.build/DerivedSources/arm64 -I/Users/andreea/StudioProjects/Flutter_Project/build/macos/Build/Intermediates.noindex/Pods.build/Debug/Pods-Runner.build/DerivedSources -F/Users/andreea/StudioProjects/Flutter_Project/build/macos/Build/Products/Debug -F/Users/andreea/StudioProjects/development/flutter_honoo/bin/cache/artifacts/engine/darwin-x64 -F/Users/andreea/StudioProjects/Flutter_Project/build/macos/Build/Products/Debug/app_links -F/Users/andreea/StudioProjects/Flutter_Project/build/macos/Build/Products/Debug/file_selector_macos -F/Users/andreea/StudioProjects/Flutter_Project/build/macos/Build/Products/Debug/path_provider_foundation -F/Users/andreea/StudioProjects/Flutter_Project/build/macos/Build/Products/Debug/share_plus -F/Users/andreea/StudioProjects/Flutter_Project/build/macos/Build/Products/Debug/shared_preferences_foundation -F/Users/andreea/StudioProjects/Flutter_Project/build/macos/Build/Products/Debug/sign_in_with_apple -F/Users/andreea/StudioProjects/Flutter_Project/build/macos/Build/Products/Debug/url_launcher_macos
[        ] WriteAuxiliaryFile /Users/andreea/StudioProjects/Flutter_Project/build/macos/Build/Intermediates.noindex/Pods.build/Debug/Pods-Runner.build/DerivedSources/Pods_Runner_vers.c (in target 'Pods-Runner' from project 'Pods')
[        ]     cd /Users/andreea/StudioProjects/Flutter_Project/macos/Pods
[        ]     write-file /Users/andreea/StudioProjects/Flutter_Project/build/macos/Build/Intermediates.noindex/Pods.build/Debug/Pods-Runner.build/DerivedSources/Pods_Runner_vers.c
[        ] Copy /Users/andreea/StudioProjects/Flutter_Project/build/macos/Build/Intermediates.noindex/Pods.build/Debug/Pods-Runner.build/module.modulemap /Users/andreea/StudioProjects/Flutter_Project/macos/Pods/Target\ Support\ Files/Pods-Runner/Pods-Runner.modulemap (in target 'Pods-Runner' from project 'Pods')
[        ]     cd /Users/andreea/StudioProjects/Flutter_Project/macos/Pods
[        ]     builtin-copy -exclude .DS_Store -exclude CVS -exclude .svn -exclude .git -exclude .hg -resolve-src-symlinks -rename /Users/andreea/StudioProjects/Flutter_Project/macos/Pods/Target\ Support\ Files/Pods-Runner/Pods-Runner.modulemap /Users/andreea/StudioProjects/Flutter_Project/build/macos/Build/Intermediates.noindex/Pods.build/Debug/Pods-Runner.build/module.modulemap
[        ] CpHeader /Users/andreea/StudioProjects/Flutter_Project/build/macos/Build/Products/Debug/Pods_Runner.framework/Versions/A/Headers/Pods-Runner-umbrella.h /Users/andreea/StudioProjects/Flutter_Project/macos/Pods/Target\ Support\ Files/Pods-Runner/Pods-Runner-umbrella.h (in target 'Pods-Runner' from project 'Pods')
[        ]     cd /Users/andreea/StudioProjects/Flutter_Project/macos/Pods
[        ]     builtin-copy -exclude .DS_Store -exclude CVS -exclude .svn -exclude .git -exclude .hg -resolve-src-symlinks /Users/andreea/StudioProjects/Flutter_Project/macos/Pods/Target\ Support\ Files/Pods-Runner/Pods-Runner-umbrella.h /Users/andreea/StudioProjects/Flutter_Project/build/macos/Build/Products/Debug/Pods_Runner.framework/Versions/A/Headers
[        ] MkDir /Users/andreea/StudioProjects/Flutter_Project/build/macos/Build/Products/Debug/honoo.app/Contents/Resources (in target 'Runner' from project 'Runner')
[        ]     cd /Users/andreea/StudioProjects/Flutter_Project/macos
[        ]     /bin/mkdir -p /Users/andreea/StudioProjects/Flutter_Project/build/macos/Build/Products/Debug/honoo.app/Contents/Resources
[        ] MkDir /Users/andreea/StudioProjects/Flutter_Project/build/macos/Build/Products/Debug/honoo.app/Contents/MacOS (in target 'Runner' from project 'Runner')
[        ]     cd /Users/andreea/StudioProjects/Flutter_Project/macos
[        ]     /bin/mkdir -p /Users/andreea/StudioProjects/Flutter_Project/build/macos/Build/Products/Debug/honoo.app/Contents/MacOS
[        ] MkDir /Users/andreea/StudioProjects/Flutter_Project/build/macos/Build/Products/Debug/honoo.app/Contents/Frameworks (in target 'Runner' from project 'Runner')
[        ]     cd /Users/andreea/StudioProjects/Flutter_Project/macos
[        ]     /bin/mkdir -p /Users/andreea/StudioProjects/Flutter_Project/build/macos/Build/Products/Debug/honoo.app/Contents/Frameworks
[        ] MkDir /Users/andreea/StudioProjects/Flutter_Project/build/macos/Build/Products/Debug/honoo.app (in target 'Runner' from project 'Runner')
[        ]     cd /Users/andreea/StudioProjects/Flutter_Project/macos
[        ]     /bin/mkdir -p /Users/andreea/StudioProjects/Flutter_Project/build/macos/Build/Products/Debug/honoo.app
[        ] MkDir /Users/andreea/StudioProjects/Flutter_Project/build/macos/Build/Products/Debug/honoo.app/Contents (in target 'Runner' from project 'Runner')
[        ]     cd /Users/andreea/StudioProjects/Flutter_Project/macos
[        ]     /bin/mkdir -p /Users/andreea/StudioProjects/Flutter_Project/build/macos/Build/Products/Debug/honoo.app/Contents
[        ] SymLink /Users/andreea/StudioProjects/Flutter_Project/build/macos/Build/Products/Debug/Pods_Runner.framework/Versions/Current A (in target 'Pods-Runner' from project 'Pods')
[        ]     cd /Users/andreea/StudioProjects/Flutter_Project/macos/Pods
[        ]     /bin/ln -sfh A /Users/andreea/StudioProjects/Flutter_Project/build/macos/Build/Products/Debug/Pods_Runner.framework/Versions/Current
[        ] SymLink /Users/andreea/StudioProjects/Flutter_Project/build/macos/Build/Products/Debug/Pods_Runner.framework/Resources Versions/Current/Resources (in target 'Pods-Runner' from project 'Pods')
[        ]     cd /Users/andreea/StudioProjects/Flutter_Project/macos/Pods
[        ]     /bin/ln -sfh Versions/Current/Resources /Users/andreea/StudioProjects/Flutter_Project/build/macos/Build/Products/Debug/Pods_Runner.framework/Resources
[        ] SymLink /Users/andreea/StudioProjects/Flutter_Project/build/macos/Build/Products/Debug/Pods_Runner.framework/Pods_Runner Versions/Current/Pods_Runner (in target 'Pods-Runner' from project 'Pods')
[        ]     cd /Users/andreea/StudioProjects/Flutter_Project/macos/Pods
[        ]     /bin/ln -sfh Versions/Current/Pods_Runner /Users/andreea/StudioProjects/Flutter_Project/build/macos/Build/Products/Debug/Pods_Runner.framework/Pods_Runner
[        ] SymLink /Users/andreea/StudioProjects/Flutter_Project/build/macos/Build/Products/Debug/Pods_Runner.framework/Modules Versions/Current/Modules (in target 'Pods-Runner' from project 'Pods')
[        ]     cd /Users/andreea/StudioProjects/Flutter_Project/macos/Pods
[        ]     /bin/ln -sfh Versions/Current/Modules /Users/andreea/StudioProjects/Flutter_Project/build/macos/Build/Products/Debug/Pods_Runner.framework/Modules
[        ] SymLink /Users/andreea/StudioProjects/Flutter_Project/build/macos/Build/Products/Debug/Pods_Runner.framework/Headers Versions/Current/Headers (in target 'Pods-Runner' from project 'Pods')
[        ]     cd /Users/andreea/StudioProjects/Flutter_Project/macos/Pods
[        ]     /bin/ln -sfh Versions/Current/Headers /Users/andreea/StudioProjects/Flutter_Project/build/macos/Build/Products/Debug/Pods_Runner.framework/Headers
[        ] MkDir /Users/andreea/StudioProjects/Flutter_Project/build/macos/Build/Products/Debug/Pods_Runner.framework/Versions/A/Resources (in target 'Pods-Runner' from project 'Pods')
[        ]     cd /Users/andreea/StudioProjects/Flutter_Project/macos/Pods
[        ]     /bin/mkdir -p /Users/andreea/StudioProjects/Flutter_Project/build/macos/Build/Products/Debug/Pods_Runner.framework/Versions/A/Resources
[        ] WriteAuxiliaryFile /Users/andreea/StudioProjects/Flutter_Project/build/macos/Build/Intermediates.noindex/Pods.build/Debug/url_launcher_macos.build/url_launcher_macos.hmap (in target 'url_launcher_macos' from project 'Pods')
[        ]     cd /Users/andreea/StudioProjects/Flutter_Project/macos/Pods
[        ]     write-file /Users/andreea/StudioProjects/Flutter_Project/build/macos/Build/Intermediates.noindex/Pods.build/Debug/url_launcher_macos.build/url_launcher_macos.hmap
[        ] WriteAuxiliaryFile /Users/andreea/StudioProjects/Flutter_Project/build/macos/Build/Intermediates.noindex/Pods.build/Debug/url_launcher_macos.build/url_launcher_macos.DependencyStaticMetadataFileList (in target 'url_launcher_macos' from project 'Pods')
[        ]     cd /Users/andreea/StudioProjects/Flutter_Project/macos/Pods
[        ]     write-file /Users/andreea/StudioProjects/Flutter_Project/build/macos/Build/Intermediates.noindex/Pods.build/Debug/url_launcher_macos.build/url_launcher_macos.DependencyStaticMetadataFileList
[        ] WriteAuxiliaryFile /Users/andreea/StudioProjects/Flutter_Project/build/macos/Build/Intermediates.noindex/Pods.build/Debug/url_launcher_macos.build/url_launcher_macos.DependencyMetadataFileList (in target 'url_launcher_macos' from project 'Pods')
[        ]     cd /Users/andreea/StudioProjects/Flutter_Project/macos/Pods
[        ]     write-file /Users/andreea/StudioProjects/Flutter_Project/build/macos/Build/Intermediates.noindex/Pods.build/Debug/url_launcher_macos.build/url_launcher_macos.DependencyMetadataFileList
[        ] WriteAuxiliaryFile /Users/andreea/StudioProjects/Flutter_Project/build/macos/Build/Intermediates.noindex/Pods.build/Debug/url_launcher_macos.build/url_launcher_macos-own-target-headers.hmap (in target 'url_launcher_macos' from project 'Pods')
[        ]     cd /Users/andreea/StudioProjects/Flutter_Project/macos/Pods
[        ]     write-file /Users/andreea/StudioProjects/Flutter_Project/build/macos/Build/Intermediates.noindex/Pods.build/Debug/url_launcher_macos.build/url_launcher_macos-own-target-headers.hmap
[        ] WriteAuxiliaryFile /Users/andreea/StudioProjects/Flutter_Project/build/macos/Build/Intermediates.noindex/Pods.build/Debug/url_launcher_macos.build/url_launcher_macos-project-headers.hmap (in target 'url_launcher_macos' from project 'Pods')
[        ]     cd /Users/andreea/StudioProjects/Flutter_Project/macos/Pods
[        ]     write-file /Users/andreea/StudioProjects/Flutter_Project/build/macos/Build/Intermediates.noindex/Pods.build/Debug/url_launcher_macos.build/url_launcher_macos-project-headers.hmap
[        ] WriteAuxiliaryFile /Users/andreea/StudioProjects/Flutter_Project/build/macos/Build/Intermediates.noindex/Pods.build/Debug/url_launcher_macos.build/url_launcher_macos-generated-files.hmap (in target 'url_launcher_macos' from project 'Pods')
[        ]     cd /Users/andreea/StudioProjects/Flutter_Project/macos/Pods
[        ]     write-file /Users/andreea/StudioProjects/Flutter_Project/build/macos/Build/Intermediates.noindex/Pods.build/Debug/url_launcher_macos.build/url_launcher_macos-generated-files.hmap
[        ] WriteAuxiliaryFile /Users/andreea/StudioProjects/Flutter_Project/build/macos/Build/Intermediates.noindex/Pods.build/Debug/url_launcher_macos.build/url_launcher_macos-all-target-headers.hmap (in target 'url_launcher_macos' from project 'Pods')
[        ]     cd /Users/andreea/StudioProjects/Flutter_Project/macos/Pods
[        ]     write-file /Users/andreea/StudioProjects/Flutter_Project/build/macos/Build/Intermediates.noindex/Pods.build/Debug/url_launcher_macos.build/url_launcher_macos-all-target-headers.hmap
[        ] WriteAuxiliaryFile /Users/andreea/StudioProjects/Flutter_Project/build/macos/Build/Intermediates.noindex/Pods.build/Debug/url_launcher_macos.build/url_launcher_macos-all-non-framework-target-headers.hmap (in target 'url_launcher_macos' from project 'Pods')
[        ]     cd /Users/andreea/StudioProjects/Flutter_Project/macos/Pods
[        ]     write-file /Users/andreea/StudioProjects/Flutter_Project/build/macos/Build/Intermediates.noindex/Pods.build/Debug/url_launcher_macos.build/url_launcher_macos-all-non-framework-target-headers.hmap
[        ] WriteAuxiliaryFile /Users/andreea/StudioProjects/Flutter_Project/build/macos/Build/Intermediates.noindex/Pods.build/Debug/url_launcher_macos.build/unextended-module-swiftunextension.modulemap (in target 'url_launcher_macos' from project 'Pods')
[        ]     cd /Users/andreea/StudioProjects/Flutter_Project/macos/Pods
[        ]     write-file /Users/andreea/StudioProjects/Flutter_Project/build/macos/Build/Intermediates.noindex/Pods.build/Debug/url_launcher_macos.build/unextended-module-swiftunextension.modulemap
[        ] WriteAuxiliaryFile /Users/andreea/StudioProjects/Flutter_Project/build/macos/Build/Intermediates.noindex/Pods.build/Debug/url_launcher_macos.build/unextended-module-overlay.yaml (in target 'url_launcher_macos' from project 'Pods')
[        ]     cd /Users/andreea/StudioProjects/Flutter_Project/macos/Pods
[        ]     write-file /Users/andreea/StudioProjects/Flutter_Project/build/macos/Build/Intermediates.noindex/Pods.build/Debug/url_launcher_macos.build/unextended-module-overlay.yaml
[        ] WriteAuxiliaryFile /Users/andreea/StudioProjects/Flutter_Project/build/macos/Build/Intermediates.noindex/Pods.build/Debug/url_launcher_macos.build/module-swiftextension.modulemap (in target 'url_launcher_macos' from project 'Pods')
[        ]     cd /Users/andreea/StudioProjects/Flutter_Project/macos/Pods
[        ]     write-file /Users/andreea/StudioProjects/Flutter_Project/build/macos/Build/Intermediates.noindex/Pods.build/Debug/url_launcher_macos.build/module-swiftextension.modulemap
[        ] WriteAuxiliaryFile /Users/andreea/StudioProjects/Flutter_Project/build/macos/Build/Intermediates.noindex/Pods.build/Debug/url_launcher_macos.build/Objects-normal/arm64/url_launcher_macos_const_extract_protocols.json (in target 'url_launcher_macos' from project 'Pods')
[        ]     cd /Users/andreea/StudioProjects/Flutter_Project/macos/Pods
[        ]     write-file /Users/andreea/StudioProjects/Flutter_Project/build/macos/Build/Intermediates.noindex/Pods.build/Debug/url_launcher_macos.build/Objects-normal/arm64/url_launcher_macos_const_extract_protocols.json
[        ] WriteAuxiliaryFile /Users/andreea/StudioProjects/Flutter_Project/build/macos/Build/Intermediates.noindex/Pods.build/Debug/url_launcher_macos.build/Objects-normal/arm64/url_launcher_macos.SwiftFileList (in target 'url_launcher_macos' from project 'Pods')
[        ]     cd /Users/andreea/StudioProjects/Flutter_Project/macos/Pods
[        ]     write-file /Users/andreea/StudioProjects/Flutter_Project/build/macos/Build/Intermediates.noindex/Pods.build/Debug/url_launcher_macos.build/Objects-normal/arm64/url_launcher_macos.SwiftFileList
[        ] WriteAuxiliaryFile /Users/andreea/StudioProjects/Flutter_Project/build/macos/Build/Intermediates.noindex/Pods.build/Debug/url_launcher_macos.build/Objects-normal/arm64/url_launcher_macos.SwiftConstValuesFileList (in target 'url_launcher_macos' from project 'Pods')
[        ]     cd /Users/andreea/StudioProjects/Flutter_Project/macos/Pods
[        ]     write-file /Users/andreea/StudioProjects/Flutter_Project/build/macos/Build/Intermediates.noindex/Pods.build/Debug/url_launcher_macos.build/Objects-normal/arm64/url_launcher_macos.SwiftConstValuesFileList
[        ] WriteAuxiliaryFile /Users/andreea/StudioProjects/Flutter_Project/build/macos/Build/Intermediates.noindex/Pods.build/Debug/url_launcher_macos.build/Objects-normal/arm64/url_launcher_macos.LinkFileList (in target 'url_launcher_macos' from project 'Pods')
[        ]     cd /Users/andreea/StudioProjects/Flutter_Project/macos/Pods
[        ]     write-file /Users/andreea/StudioProjects/Flutter_Project/build/macos/Build/Intermediates.noindex/Pods.build/Debug/url_launcher_macos.build/Objects-normal/arm64/url_launcher_macos.LinkFileList
[        ] WriteAuxiliaryFile /Users/andreea/StudioProjects/Flutter_Project/build/macos/Build/Intermediates.noindex/Pods.build/Debug/url_launcher_macos.build/Objects-normal/arm64/url_launcher_macos-OutputFileMap.json (in target 'url_launcher_macos' from project 'Pods')
[        ]     cd /Users/andreea/StudioProjects/Flutter_Project/macos/Pods
[        ]     write-file /Users/andreea/StudioProjects/Flutter_Project/build/macos/Build/Intermediates.noindex/Pods.build/Debug/url_launcher_macos.build/Objects-normal/arm64/url_launcher_macos-OutputFileMap.json
[        ] WriteAuxiliaryFile /Users/andreea/StudioProjects/Flutter_Project/build/macos/Build/Intermediates.noindex/Pods.build/Debug/url_launcher_macos.build/Objects-normal/arm64/e6072d4f65d7061329687fe24e3d63a7-common-args.resp (in target 'url_launcher_macos' from project 'Pods')
[        ]     cd /Users/andreea/StudioProjects/Flutter_Project/macos/Pods
[        ]     write-file /Users/andreea/StudioProjects/Flutter_Project/build/macos/Build/Intermediates.noindex/Pods.build/Debug/url_launcher_macos.build/Objects-normal/arm64/e6072d4f65d7061329687fe24e3d63a7-common-args.resp
[        ] -target arm64-apple-macos10.14 '-std=gnu11' -fobjc-arc -fmodules -gmodules '-fmodules-cache-path=/Users/andreea/StudioProjects/Flutter_Project/build/macos/ModuleCache.noindex' '-fmodule-name=url_launcher_macos' -fpascal-strings -O0 -fno-common '-DPOD_CONFIGURATION_DEBUG=1' '-DDEBUG=1' '-DCOCOAPODS=1' '-DOBJC_OLD_DISPATCH_PROTOTYPES=0' -isysroot /Applications/Xcode.app/Contents/Developer/Platforms/MacOSX.platform/Developer/SDKs/MacOSX15.4.sdk -g -iquote /Users/andreea/StudioProjects/Flutter_Project/build/macos/Build/Intermediates.noindex/Pods.build/Debug/url_launcher_macos.build/url_launcher_macos-generated-files.hmap -I/Users/andreea/StudioProjects/Flutter_Project/build/macos/Build/Intermediates.noindex/Pods.build/Debug/url_launcher_macos.build/url_launcher_macos-own-target-headers.hmap -I/Users/andreea/StudioProjects/Flutter_Project/build/macos/Build/Intermediates.noindex/Pods.build/Debug/url_launcher_macos.build/url_launcher_macos-all-non-framework-target-headers.hmap -ivfsoverlay /Users/andreea/StudioProjects/Flutter_Project/build/macos/Build/Intermediates.noindex/Pods.build/Debug/Pods-8699adb1dd336b26511df848a716bd42-VFS/all-product-headers.yaml -iquote /Users/andreea/StudioProjects/Flutter_Project/build/macos/Build/Intermediates.noindex/Pods.build/Debug/url_launcher_macos.build/url_launcher_macos-project-headers.hmap -I/Users/andreea/StudioProjects/Flutter_Project/build/macos/Build/Products/Debug/url_launcher_macos/include -I/Users/andreea/StudioProjects/Flutter_Project/build/macos/Build/Intermediates.noindex/Pods.build/Debug/url_launcher_macos.build/DerivedSources-normal/arm64 -I/Users/andreea/StudioProjects/Flutter_Project/build/macos/Build/Intermediates.noindex/Pods.build/Debug/url_launcher_macos.build/DerivedSources/arm64 -I/Users/andreea/StudioProjects/Flutter_Project/build/macos/Build/Intermediates.noindex/Pods.build/Debug/url_launcher_macos.build/DerivedSources -F/Users/andreea/StudioProjects/Flutter_Project/build/macos/Build/Products/Debug/url_launcher_macos -F/Users/andreea/StudioProjects/development/flutter_honoo/bin/cache/artifacts/engine/darwin-x64
[        ] WriteAuxiliaryFile /Users/andreea/StudioProjects/Flutter_Project/build/macos/Build/Intermediates.noindex/Pods.build/Debug/url_launcher_macos.build/Objects-normal/arm64/7187679823f38a2a940e0043cdf9d637-common-args.resp (in target 'url_launcher_macos' from project 'Pods')
[        ]     cd /Users/andreea/StudioProjects/Flutter_Project/macos/Pods
[        ]     write-file /Users/andreea/StudioProjects/Flutter_Project/build/macos/Build/Intermediates.noindex/Pods.build/Debug/url_launcher_macos.build/Objects-normal/arm64/7187679823f38a2a940e0043cdf9d637-common-args.resp
[        ] -target arm64-apple-macos10.14 '-std=gnu11' -fmodules -gmodules '-fmodules-cache-path=/Users/andreea/StudioProjects/Flutter_Project/build/macos/ModuleCache.noindex' '-fmodule-name=url_launcher_macos' -fpascal-strings -O0 -fno-common '-DPOD_CONFIGURATION_DEBUG=1' '-DDEBUG=1' '-DCOCOAPODS=1' -isysroot /Applications/Xcode.app/Contents/Developer/Platforms/MacOSX.platform/Developer/SDKs/MacOSX15.4.sdk -g -iquote /Users/andreea/StudioProjects/Flutter_Project/build/macos/Build/Intermediates.noindex/Pods.build/Debug/url_launcher_macos.build/url_launcher_macos-generated-files.hmap -I/Users/andreea/StudioProjects/Flutter_Project/build/macos/Build/Intermediates.noindex/Pods.build/Debug/url_launcher_macos.build/url_launcher_macos-own-target-headers.hmap -I/Users/andreea/StudioProjects/Flutter_Project/build/macos/Build/Intermediates.noindex/Pods.build/Debug/url_launcher_macos.build/url_launcher_macos-all-non-framework-target-headers.hmap -ivfsoverlay /Users/andreea/StudioProjects/Flutter_Project/build/macos/Build/Intermediates.noindex/Pods.build/Debug/Pods-8699adb1dd336b26511df848a716bd42-VFS/all-product-headers.yaml -iquote /Users/andreea/StudioProjects/Flutter_Project/build/macos/Build/Intermediates.noindex/Pods.build/Debug/url_launcher_macos.build/url_launcher_macos-project-headers.hmap -I/Users/andreea/StudioProjects/Flutter_Project/build/macos/Build/Products/Debug/url_launcher_macos/include -I/Users/andreea/StudioProjects/Flutter_Project/build/macos/Build/Intermediates.noindex/Pods.build/Debug/url_launcher_macos.build/DerivedSources-normal/arm64 -I/Users/andreea/StudioProjects/Flutter_Project/build/macos/Build/Intermediates.noindex/Pods.build/Debug/url_launcher_macos.build/DerivedSources/arm64 -I/Users/andreea/StudioProjects/Flutter_Project/build/macos/Build/Intermediates.noindex/Pods.build/Debug/url_launcher_macos.build/DerivedSources -F/Users/andreea/StudioProjects/Flutter_Project/build/macos/Build/Products/Debug/url_launcher_macos -F/Users/andreea/StudioProjects/development/flutter_honoo/bin/cache/artifacts/engine/darwin-x64
[        ] WriteAuxiliaryFile /Users/andreea/StudioProjects/Flutter_Project/build/macos/Build/Intermediates.noindex/Pods.build/Debug/url_launcher_macos.build/DerivedSources/url_launcher_macos_vers.c (in target 'url_launcher_macos' from project 'Pods')
[        ]     cd /Users/andreea/StudioProjects/Flutter_Project/macos/Pods
[        ]     write-file /Users/andreea/StudioProjects/Flutter_Project/build/macos/Build/Intermediates.noindex/Pods.build/Debug/url_launcher_macos.build/DerivedSources/url_launcher_macos_vers.c
[        ] Concatenate /Users/andreea/StudioProjects/Flutter_Project/build/macos/Build/Intermediates.noindex/Pods.build/Debug/url_launcher_macos.build/unextended-module.modulemap /Users/andreea/StudioProjects/Flutter_Project/macos/Pods/Target\ Support\ Files/url_launcher_macos/url_launcher_macos.modulemap /Users/andreea/StudioProjects/Flutter_Project/build/macos/Build/Intermediates.noindex/Pods.build/Debug/url_launcher_macos.build/unextended-module-swiftunextension.modulemap (in target 'url_launcher_macos' from project 'Pods')
[        ]     cd /Users/andreea/StudioProjects/Flutter_Project/macos/Pods
[        ]     builtin-concatenate /Users/andreea/StudioProjects/Flutter_Project/build/macos/Build/Intermediates.noindex/Pods.build/Debug/url_launcher_macos.build/unextended-module.modulemap /Users/andreea/StudioProjects/Flutter_Project/macos/Pods/Target\ Support\ Files/url_launcher_macos/url_launcher_macos.modulemap /Users/andreea/StudioProjects/Flutter_Project/build/macos/Build/Intermediates.noindex/Pods.build/Debug/url_launcher_macos.build/unextended-module-swiftunextension.modulemap
[        ] CpHeader /Users/andreea/StudioProjects/Flutter_Project/build/macos/Build/Products/Debug/url_launcher_macos/url_launcher_macos.framework/Versions/A/Headers/url_launcher_macos-umbrella.h /Users/andreea/StudioProjects/Flutter_Project/macos/Pods/Target\ Support\ Files/url_launcher_macos/url_launcher_macos-umbrella.h (in target 'url_launcher_macos' from project 'Pods')
[        ]     cd /Users/andreea/StudioProjects/Flutter_Project/macos/Pods
[        ]     builtin-copy -exclude .DS_Store -exclude CVS -exclude .svn -exclude .git -exclude .hg -resolve-src-symlinks /Users/andreea/StudioProjects/Flutter_Project/macos/Pods/Target\ Support\ Files/url_launcher_macos/url_launcher_macos-umbrella.h /Users/andreea/StudioProjects/Flutter_Project/build/macos/Build/Products/Debug/url_launcher_macos/url_launcher_macos.framework/Versions/A/Headers
[        ] Concatenate /Users/andreea/StudioProjects/Flutter_Project/build/macos/Build/Intermediates.noindex/Pods.build/Debug/url_launcher_macos.build/module.modulemap /Users/andreea/StudioProjects/Flutter_Project/macos/Pods/Target\ Support\ Files/url_launcher_macos/url_launcher_macos.modulemap /Users/andreea/StudioProjects/Flutter_Project/build/macos/Build/Intermediates.noindex/Pods.build/Debug/url_launcher_macos.build/module-swiftextension.modulemap (in target 'url_launcher_macos' from project 'Pods')
[        ]     cd /Users/andreea/StudioProjects/Flutter_Project/macos/Pods
[        ]     builtin-concatenate /Users/andreea/StudioProjects/Flutter_Project/build/macos/Build/Intermediates.noindex/Pods.build/Debug/url_launcher_macos.build/module.modulemap /Users/andreea/StudioProjects/Flutter_Project/macos/Pods/Target\ Support\ Files/url_launcher_macos/url_launcher_macos.modulemap /Users/andreea/StudioProjects/Flutter_Project/build/macos/Build/Intermediates.noindex/Pods.build/Debug/url_launcher_macos.build/module-swiftextension.modulemap
[        ] WriteAuxiliaryFile /Users/andreea/StudioProjects/Flutter_Project/build/macos/Build/Intermediates.noindex/Pods.build/Debug/sign_in_with_apple.build/unextended-module-overlay.yaml (in target 'sign_in_with_apple' from project 'Pods')
[        ]     cd /Users/andreea/StudioProjects/Flutter_Project/macos/Pods
[        ]     write-file /Users/andreea/StudioProjects/Flutter_Project/build/macos/Build/Intermediates.noindex/Pods.build/Debug/sign_in_with_apple.build/unextended-module-overlay.yaml
[        ] WriteAuxiliaryFile /Users/andreea/StudioProjects/Flutter_Project/build/macos/Build/Intermediates.noindex/Pods.build/Debug/sign_in_with_apple.build/unextended-module-swiftunextension.modulemap (in target 'sign_in_with_apple' from project 'Pods')
[        ]     cd /Users/andreea/StudioProjects/Flutter_Project/macos/Pods
[        ]     write-file /Users/andreea/StudioProjects/Flutter_Project/build/macos/Build/Intermediates.noindex/Pods.build/Debug/sign_in_with_apple.build/unextended-module-swiftunextension.modulemap
[        ] WriteAuxiliaryFile /Users/andreea/StudioProjects/Flutter_Project/build/macos/Build/Intermediates.noindex/Pods.build/Debug/sign_in_with_apple.build/sign_in_with_apple.hmap (in target 'sign_in_with_apple' from project 'Pods')
[        ]     cd /Users/andreea/StudioProjects/Flutter_Project/macos/Pods
[        ]     write-file /Users/andreea/StudioProjects/Flutter_Project/build/macos/Build/Intermediates.noindex/Pods.build/Debug/sign_in_with_apple.build/sign_in_with_apple.hmap
[        ] WriteAuxiliaryFile /Users/andreea/StudioProjects/Flutter_Project/build/macos/Build/Intermediates.noindex/Pods.build/Debug/sign_in_with_apple.build/sign_in_with_apple.DependencyStaticMetadataFileList (in target 'sign_in_with_apple' from project 'Pods')
[        ]     cd /Users/andreea/StudioProjects/Flutter_Project/macos/Pods
[        ]     write-file /Users/andreea/StudioProjects/Flutter_Project/build/macos/Build/Intermediates.noindex/Pods.build/Debug/sign_in_with_apple.build/sign_in_with_apple.DependencyStaticMetadataFileList
[        ] WriteAuxiliaryFile /Users/andreea/StudioProjects/Flutter_Project/build/macos/Build/Intermediates.noindex/Pods.build/Debug/sign_in_with_apple.build/sign_in_with_apple.DependencyMetadataFileList (in target 'sign_in_with_apple' from project 'Pods')
[        ]     cd /Users/andreea/StudioProjects/Flutter_Project/macos/Pods
[        ]     write-file /Users/andreea/StudioProjects/Flutter_Project/build/macos/Build/Intermediates.noindex/Pods.build/Debug/sign_in_with_apple.build/sign_in_with_apple.DependencyMetadataFileList
[        ] WriteAuxiliaryFile /Users/andreea/StudioProjects/Flutter_Project/build/macos/Build/Intermediates.noindex/Pods.build/Debug/sign_in_with_apple.build/sign_in_with_apple-project-headers.hmap (in target 'sign_in_with_apple' from project 'Pods')
[        ]     cd /Users/andreea/StudioProjects/Flutter_Project/macos/Pods
[        ]     write-file /Users/andreea/StudioProjects/Flutter_Project/build/macos/Build/Intermediates.noindex/Pods.build/Debug/sign_in_with_apple.build/sign_in_with_apple-project-headers.hmap
[        ] WriteAuxiliaryFile /Users/andreea/StudioProjects/Flutter_Project/build/macos/Build/Intermediates.noindex/Pods.build/Debug/sign_in_with_apple.build/sign_in_with_apple-own-target-headers.hmap (in target 'sign_in_with_apple' from project 'Pods')
[        ]     cd /Users/andreea/StudioProjects/Flutter_Project/macos/Pods
[        ]     write-file /Users/andreea/StudioProjects/Flutter_Project/build/macos/Build/Intermediates.noindex/Pods.build/Debug/sign_in_with_apple.build/sign_in_with_apple-own-target-headers.hmap
[        ] WriteAuxiliaryFile /Users/andreea/StudioProjects/Flutter_Project/build/macos/Build/Intermediates.noindex/Pods.build/Debug/sign_in_with_apple.build/sign_in_with_apple-generated-files.hmap (in target 'sign_in_with_apple' from project 'Pods')
[        ]     cd /Users/andreea/StudioProjects/Flutter_Project/macos/Pods
[        ]     write-file /Users/andreea/StudioProjects/Flutter_Project/build/macos/Build/Intermediates.noindex/Pods.build/Debug/sign_in_with_apple.build/sign_in_with_apple-generated-files.hmap
[        ] Copy /Users/andreea/StudioProjects/Flutter_Project/build/macos/Build/Products/Debug/url_launcher_macos/url_launcher_macos.framework/Versions/A/Modules/module.modulemap /Users/andreea/StudioProjects/Flutter_Project/build/macos/Build/Intermediates.noindex/Pods.build/Debug/url_launcher_macos.build/module.modulemap (in target 'url_launcher_macos' from project 'Pods')
[        ]     cd /Users/andreea/StudioProjects/Flutter_Project/macos/Pods
[        ]     builtin-copy -exclude .DS_Store -exclude CVS -exclude .svn -exclude .git -exclude .hg -resolve-src-symlinks /Users/andreea/StudioProjects/Flutter_Project/build/macos/Build/Intermediates.noindex/Pods.build/Debug/url_launcher_macos.build/module.modulemap /Users/andreea/StudioProjects/Flutter_Project/build/macos/Build/Products/Debug/url_launcher_macos/url_launcher_macos.framework/Versions/A/Modules
[        ] WriteAuxiliaryFile /Users/andreea/StudioProjects/Flutter_Project/build/macos/Build/Intermediates.noindex/Pods.build/Debug/sign_in_with_apple.build/sign_in_with_apple-all-target-headers.hmap (in target 'sign_in_with_apple' from project 'Pods')
[        ]     cd /Users/andreea/StudioProjects/Flutter_Project/macos/Pods
[        ]     write-file /Users/andreea/StudioProjects/Flutter_Project/build/macos/Build/Intermediates.noindex/Pods.build/Debug/sign_in_with_apple.build/sign_in_with_apple-all-target-headers.hmap
[        ] WriteAuxiliaryFile /Users/andreea/StudioProjects/Flutter_Project/build/macos/Build/Intermediates.noindex/Pods.build/Debug/sign_in_with_apple.build/sign_in_with_apple-all-non-framework-target-headers.hmap (in target 'sign_in_with_apple' from project 'Pods')
[        ]     cd /Users/andreea/StudioProjects/Flutter_Project/macos/Pods
[        ]     write-file /Users/andreea/StudioProjects/Flutter_Project/build/macos/Build/Intermediates.noindex/Pods.build/Debug/sign_in_with_apple.build/sign_in_with_apple-all-non-framework-target-headers.hmap
[        ] WriteAuxiliaryFile /Users/andreea/StudioProjects/Flutter_Project/build/macos/Build/Intermediates.noindex/Pods.build/Debug/sign_in_with_apple.build/module-swiftextension.modulemap (in target 'sign_in_with_apple' from project 'Pods')
[        ]     cd /Users/andreea/StudioProjects/Flutter_Project/macos/Pods
[        ]     write-file /Users/andreea/StudioProjects/Flutter_Project/build/macos/Build/Intermediates.noindex/Pods.build/Debug/sign_in_with_apple.build/module-swiftextension.modulemap
[        ] WriteAuxiliaryFile /Users/andreea/StudioProjects/Flutter_Project/build/macos/Build/Intermediates.noindex/Pods.build/Debug/sign_in_with_apple.build/Objects-normal/arm64/sign_in_with_apple_const_extract_protocols.json (in target 'sign_in_with_apple' from project 'Pods')
[        ]     cd /Users/andreea/StudioProjects/Flutter_Project/macos/Pods
[        ]     write-file /Users/andreea/StudioProjects/Flutter_Project/build/macos/Build/Intermediates.noindex/Pods.build/Debug/sign_in_with_apple.build/Objects-normal/arm64/sign_in_with_apple_const_extract_protocols.json
[        ] WriteAuxiliaryFile /Users/andreea/StudioProjects/Flutter_Project/build/macos/Build/Intermediates.noindex/Pods.build/Debug/sign_in_with_apple.build/Objects-normal/arm64/sign_in_with_apple.SwiftFileList (in target 'sign_in_with_apple' from project 'Pods')
[        ]     cd /Users/andreea/StudioProjects/Flutter_Project/macos/Pods
[        ]     write-file /Users/andreea/StudioProjects/Flutter_Project/build/macos/Build/Intermediates.noindex/Pods.build/Debug/sign_in_with_apple.build/Objects-normal/arm64/sign_in_with_apple.SwiftFileList
[        ] WriteAuxiliaryFile /Users/andreea/StudioProjects/Flutter_Project/build/macos/Build/Intermediates.noindex/Pods.build/Debug/sign_in_with_apple.build/Objects-normal/arm64/sign_in_with_apple.SwiftConstValuesFileList (in target 'sign_in_with_apple' from project 'Pods')
[        ]     cd /Users/andreea/StudioProjects/Flutter_Project/macos/Pods
[        ]     write-file /Users/andreea/StudioProjects/Flutter_Project/build/macos/Build/Intermediates.noindex/Pods.build/Debug/sign_in_with_apple.build/Objects-normal/arm64/sign_in_with_apple.SwiftConstValuesFileList
[        ] WriteAuxiliaryFile /Users/andreea/StudioProjects/Flutter_Project/build/macos/Build/Intermediates.noindex/Pods.build/Debug/sign_in_with_apple.build/Objects-normal/arm64/sign_in_with_apple.LinkFileList (in target 'sign_in_with_apple' from project 'Pods')
[        ]     cd /Users/andreea/StudioProjects/Flutter_Project/macos/Pods
[        ]     write-file /Users/andreea/StudioProjects/Flutter_Project/build/macos/Build/Intermediates.noindex/Pods.build/Debug/sign_in_with_apple.build/Objects-normal/arm64/sign_in_with_apple.LinkFileList
[        ] WriteAuxiliaryFile /Users/andreea/StudioProjects/Flutter_Project/build/macos/Build/Intermediates.noindex/Pods.build/Debug/sign_in_with_apple.build/Objects-normal/arm64/sign_in_with_apple-OutputFileMap.json (in target 'sign_in_with_apple' from project 'Pods')
[        ]     cd /Users/andreea/StudioProjects/Flutter_Project/macos/Pods
[        ]     write-file /Users/andreea/StudioProjects/Flutter_Project/build/macos/Build/Intermediates.noindex/Pods.build/Debug/sign_in_with_apple.build/Objects-normal/arm64/sign_in_with_apple-OutputFileMap.json
[        ] WriteAuxiliaryFile /Users/andreea/StudioProjects/Flutter_Project/build/macos/Build/Intermediates.noindex/Pods.build/Debug/sign_in_with_apple.build/Objects-normal/arm64/e6072d4f65d7061329687fe24e3d63a7-common-args.resp (in target 'sign_in_with_apple' from project 'Pods')
[        ]     cd /Users/andreea/StudioProjects/Flutter_Project/macos/Pods
[        ]     write-file /Users/andreea/StudioProjects/Flutter_Project/build/macos/Build/Intermediates.noindex/Pods.build/Debug/sign_in_with_apple.build/Objects-normal/arm64/e6072d4f65d7061329687fe24e3d63a7-common-args.resp
[        ] -target arm64-apple-macos10.14 '-std=gnu11' -fobjc-arc -fmodules -gmodules '-fmodules-cache-path=/Users/andreea/StudioProjects/Flutter_Project/build/macos/ModuleCache.noindex' '-fmodule-name=sign_in_with_apple' -fpascal-strings -O0 -fno-common '-DPOD_CONFIGURATION_DEBUG=1' '-DDEBUG=1' '-DCOCOAPODS=1' '-DOBJC_OLD_DISPATCH_PROTOTYPES=0' -isysroot /Applications/Xcode.app/Contents/Developer/Platforms/MacOSX.platform/Developer/SDKs/MacOSX15.4.sdk -g -iquote /Users/andreea/StudioProjects/Flutter_Project/build/macos/Build/Intermediates.noindex/Pods.build/Debug/sign_in_with_apple.build/sign_in_with_apple-generated-files.hmap -I/Users/andreea/StudioProjects/Flutter_Project/build/macos/Build/Intermediates.noindex/Pods.build/Debug/sign_in_with_apple.build/sign_in_with_apple-own-target-headers.hmap -I/Users/andreea/StudioProjects/Flutter_Project/build/macos/Build/Intermediates.noindex/Pods.build/Debug/sign_in_with_apple.build/sign_in_with_apple-all-non-framework-target-headers.hmap -ivfsoverlay /Users/andreea/StudioProjects/Flutter_Project/build/macos/Build/Intermediates.noindex/Pods.build/Debug/Pods-8699adb1dd336b26511df848a716bd42-VFS/all-product-headers.yaml -iquote /Users/andreea/StudioProjects/Flutter_Project/build/macos/Build/Intermediates.noindex/Pods.build/Debug/sign_in_with_apple.build/sign_in_with_apple-project-headers.hmap -I/Users/andreea/StudioProjects/Flutter_Project/build/macos/Build/Products/Debug/sign_in_with_apple/include -I/Users/andreea/StudioProjects/Flutter_Project/build/macos/Build/Intermediates.noindex/Pods.build/Debug/sign_in_with_apple.build/DerivedSources-normal/arm64 -I/Users/andreea/StudioProjects/Flutter_Project/build/macos/Build/Intermediates.noindex/Pods.build/Debug/sign_in_with_apple.build/DerivedSources/arm64 -I/Users/andreea/StudioProjects/Flutter_Project/build/macos/Build/Intermediates.noindex/Pods.build/Debug/sign_in_with_apple.build/DerivedSources -F/Users/andreea/StudioProjects/Flutter_Project/build/macos/Build/Products/Debug/sign_in_with_apple -F/Users/andreea/StudioProjects/development/flutter_honoo/bin/cache/artifacts/engine/darwin-x64
[        ] WriteAuxiliaryFile /Users/andreea/StudioProjects/Flutter_Project/build/macos/Build/Intermediates.noindex/Pods.build/Debug/sign_in_with_apple.build/Objects-normal/arm64/7187679823f38a2a940e0043cdf9d637-common-args.resp (in target 'sign_in_with_apple' from project 'Pods')
[        ]     cd /Users/andreea/StudioProjects/Flutter_Project/macos/Pods
[        ]     write-file /Users/andreea/StudioProjects/Flutter_Project/build/macos/Build/Intermediates.noindex/Pods.build/Debug/sign_in_with_apple.build/Objects-normal/arm64/7187679823f38a2a940e0043cdf9d637-common-args.resp
[        ] -target arm64-apple-macos10.14 '-std=gnu11' -fmodules -gmodules '-fmodules-cache-path=/Users/andreea/StudioProjects/Flutter_Project/build/macos/ModuleCache.noindex' '-fmodule-name=sign_in_with_apple' -fpascal-strings -O0 -fno-common '-DPOD_CONFIGURATION_DEBUG=1' '-DDEBUG=1' '-DCOCOAPODS=1' -isysroot /Applications/Xcode.app/Contents/Developer/Platforms/MacOSX.platform/Developer/SDKs/MacOSX15.4.sdk -g -iquote /Users/andreea/StudioProjects/Flutter_Project/build/macos/Build/Intermediates.noindex/Pods.build/Debug/sign_in_with_apple.build/sign_in_with_apple-generated-files.hmap -I/Users/andreea/StudioProjects/Flutter_Project/build/macos/Build/Intermediates.noindex/Pods.build/Debug/sign_in_with_apple.build/sign_in_with_apple-own-target-headers.hmap -I/Users/andreea/StudioProjects/Flutter_Project/build/macos/Build/Intermediates.noindex/Pods.build/Debug/sign_in_with_apple.build/sign_in_with_apple-all-non-framework-target-headers.hmap -ivfsoverlay /Users/andreea/StudioProjects/Flutter_Project/build/macos/Build/Intermediates.noindex/Pods.build/Debug/Pods-8699adb1dd336b26511df848a716bd42-VFS/all-product-headers.yaml -iquote /Users/andreea/StudioProjects/Flutter_Project/build/macos/Build/Intermediates.noindex/Pods.build/Debug/sign_in_with_apple.build/sign_in_with_apple-project-headers.hmap -I/Users/andreea/StudioProjects/Flutter_Project/build/macos/Build/Products/Debug/sign_in_with_apple/include -I/Users/andreea/StudioProjects/Flutter_Project/build/macos/Build/Intermediates.noindex/Pods.build/Debug/sign_in_with_apple.build/DerivedSources-normal/arm64 -I/Users/andreea/StudioProjects/Flutter_Project/build/macos/Build/Intermediates.noindex/Pods.build/Debug/sign_in_with_apple.build/DerivedSources/arm64 -I/Users/andreea/StudioProjects/Flutter_Project/build/macos/Build/Intermediates.noindex/Pods.build/Debug/sign_in_with_apple.build/DerivedSources -F/Users/andreea/StudioProjects/Flutter_Project/build/macos/Build/Products/Debug/sign_in_with_apple -F/Users/andreea/StudioProjects/development/flutter_honoo/bin/cache/artifacts/engine/darwin-x64
[        ] WriteAuxiliaryFile /Users/andreea/StudioProjects/Flutter_Project/build/macos/Build/Intermediates.noindex/Pods.build/Debug/sign_in_with_apple.build/DerivedSources/sign_in_with_apple_vers.c (in target 'sign_in_with_apple' from project 'Pods')
[        ]     cd /Users/andreea/StudioProjects/Flutter_Project/macos/Pods
[        ]     write-file /Users/andreea/StudioProjects/Flutter_Project/build/macos/Build/Intermediates.noindex/Pods.build/Debug/sign_in_with_apple.build/DerivedSources/sign_in_with_apple_vers.c
[        ] Concatenate /Users/andreea/StudioProjects/Flutter_Project/build/macos/Build/Intermediates.noindex/Pods.build/Debug/sign_in_with_apple.build/unextended-module.modulemap /Users/andreea/StudioProjects/Flutter_Project/macos/Pods/Target\ Support\ Files/sign_in_with_apple/sign_in_with_apple.modulemap /Users/andreea/StudioProjects/Flutter_Project/build/macos/Build/Intermediates.noindex/Pods.build/Debug/sign_in_with_apple.build/unextended-module-swiftunextension.modulemap (in target 'sign_in_with_apple' from project 'Pods')
[        ]     cd /Users/andreea/StudioProjects/Flutter_Project/macos/Pods
[        ]     builtin-concatenate /Users/andreea/StudioProjects/Flutter_Project/build/macos/Build/Intermediates.noindex/Pods.build/Debug/sign_in_with_apple.build/unextended-module.modulemap /Users/andreea/StudioProjects/Flutter_Project/macos/Pods/Target\ Support\ Files/sign_in_with_apple/sign_in_with_apple.modulemap /Users/andreea/StudioProjects/Flutter_Project/build/macos/Build/Intermediates.noindex/Pods.build/Debug/sign_in_with_apple.build/unextended-module-swiftunextension.modulemap
[        ] Concatenate /Users/andreea/StudioProjects/Flutter_Project/build/macos/Build/Intermediates.noindex/Pods.build/Debug/sign_in_with_apple.build/module.modulemap /Users/andreea/StudioProjects/Flutter_Project/macos/Pods/Target\ Support\ Files/sign_in_with_apple/sign_in_with_apple.modulemap /Users/andreea/StudioProjects/Flutter_Project/build/macos/Build/Intermediates.noindex/Pods.build/Debug/sign_in_with_apple.build/module-swiftextension.modulemap (in target 'sign_in_with_apple' from project 'Pods')
[        ]     cd /Users/andreea/StudioProjects/Flutter_Project/macos/Pods
[        ]     builtin-concatenate /Users/andreea/StudioProjects/Flutter_Project/build/macos/Build/Intermediates.noindex/Pods.build/Debug/sign_in_with_apple.build/module.modulemap /Users/andreea/StudioProjects/Flutter_Project/macos/Pods/Target\ Support\ Files/sign_in_with_apple/sign_in_with_apple.modulemap /Users/andreea/StudioProjects/Flutter_Project/build/macos/Build/Intermediates.noindex/Pods.build/Debug/sign_in_with_apple.build/module-swiftextension.modulemap
[        ] CpHeader /Users/andreea/StudioProjects/Flutter_Project/build/macos/Build/Products/Debug/sign_in_with_apple/sign_in_with_apple.framework/Versions/A/Headers/sign_in_with_apple-umbrella.h /Users/andreea/StudioProjects/Flutter_Project/macos/Pods/Target\ Support\ Files/sign_in_with_apple/sign_in_with_apple-umbrella.h (in target 'sign_in_with_apple' from project 'Pods')
[        ]     cd /Users/andreea/StudioProjects/Flutter_Project/macos/Pods
[        ]     builtin-copy -exclude .DS_Store -exclude CVS -exclude .svn -exclude .git -exclude .hg -resolve-src-symlinks /Users/andreea/StudioProjects/Flutter_Project/macos/Pods/Target\ Support\ Files/sign_in_with_apple/sign_in_with_apple-umbrella.h /Users/andreea/StudioProjects/Flutter_Project/build/macos/Build/Products/Debug/sign_in_with_apple/sign_in_with_apple.framework/Versions/A/Headers
[        ] WriteAuxiliaryFile /Users/andreea/StudioProjects/Flutter_Project/build/macos/Build/Intermediates.noindex/Pods.build/Debug/shared_preferences_foundation.build/unextended-module-swiftunextension.modulemap (in target 'shared_preferences_foundation' from project 'Pods')
[        ]     cd /Users/andreea/StudioProjects/Flutter_Project/macos/Pods
[        ]     write-file /Users/andreea/StudioProjects/Flutter_Project/build/macos/Build/Intermediates.noindex/Pods.build/Debug/shared_preferences_foundation.build/unextended-module-swiftunextension.modulemap
[        ] WriteAuxiliaryFile /Users/andreea/StudioProjects/Flutter_Project/build/macos/Build/Intermediates.noindex/Pods.build/Debug/shared_preferences_foundation.build/unextended-module-overlay.yaml (in target 'shared_preferences_foundation' from project 'Pods')
[        ]     cd /Users/andreea/StudioProjects/Flutter_Project/macos/Pods
[        ]     write-file /Users/andreea/StudioProjects/Flutter_Project/build/macos/Build/Intermediates.noindex/Pods.build/Debug/shared_preferences_foundation.build/unextended-module-overlay.yaml
[        ] WriteAuxiliaryFile /Users/andreea/StudioProjects/Flutter_Project/build/macos/Build/Intermediates.noindex/Pods.build/Debug/shared_preferences_foundation.build/shared_preferences_foundation.hmap (in target 'shared_preferences_foundation' from project 'Pods')
[        ]     cd /Users/andreea/StudioProjects/Flutter_Project/macos/Pods
[        ]     write-file /Users/andreea/StudioProjects/Flutter_Project/build/macos/Build/Intermediates.noindex/Pods.build/Debug/shared_preferences_foundation.build/shared_preferences_foundation.hmap
[        ] WriteAuxiliaryFile /Users/andreea/StudioProjects/Flutter_Project/build/macos/Build/Intermediates.noindex/Pods.build/Debug/shared_preferences_foundation.build/shared_preferences_foundation.DependencyStaticMetadataFileList (in target 'shared_preferences_foundation' from project 'Pods')
[        ]     cd /Users/andreea/StudioProjects/Flutter_Project/macos/Pods
[        ]     write-file /Users/andreea/StudioProjects/Flutter_Project/build/macos/Build/Intermediates.noindex/Pods.build/Debug/shared_preferences_foundation.build/shared_preferences_foundation.DependencyStaticMetadataFileList
[        ] WriteAuxiliaryFile /Users/andreea/StudioProjects/Flutter_Project/build/macos/Build/Intermediates.noindex/Pods.build/Debug/shared_preferences_foundation.build/shared_preferences_foundation.DependencyMetadataFileList (in target 'shared_preferences_foundation' from project 'Pods')
[        ]     cd /Users/andreea/StudioProjects/Flutter_Project/macos/Pods
[        ]     write-file /Users/andreea/StudioProjects/Flutter_Project/build/macos/Build/Intermediates.noindex/Pods.build/Debug/shared_preferences_foundation.build/shared_preferences_foundation.DependencyMetadataFileList
[        ] WriteAuxiliaryFile /Users/andreea/StudioProjects/Flutter_Project/build/macos/Build/Intermediates.noindex/Pods.build/Debug/shared_preferences_foundation.build/shared_preferences_foundation-project-headers.hmap (in target 'shared_preferences_foundation' from project 'Pods')
[        ]     cd /Users/andreea/StudioProjects/Flutter_Project/macos/Pods
[        ]     write-file /Users/andreea/StudioProjects/Flutter_Project/build/macos/Build/Intermediates.noindex/Pods.build/Debug/shared_preferences_foundation.build/shared_preferences_foundation-project-headers.hmap
[        ] WriteAuxiliaryFile /Users/andreea/StudioProjects/Flutter_Project/build/macos/Build/Intermediates.noindex/Pods.build/Debug/shared_preferences_foundation.build/shared_preferences_foundation-own-target-headers.hmap (in target 'shared_preferences_foundation' from project 'Pods')
[        ]     cd /Users/andreea/StudioProjects/Flutter_Project/macos/Pods
[        ]     write-file /Users/andreea/StudioProjects/Flutter_Project/build/macos/Build/Intermediates.noindex/Pods.build/Debug/shared_preferences_foundation.build/shared_preferences_foundation-own-target-headers.hmap
[        ] WriteAuxiliaryFile /Users/andreea/StudioProjects/Flutter_Project/build/macos/Build/Intermediates.noindex/Pods.build/Debug/shared_preferences_foundation.build/shared_preferences_foundation-generated-files.hmap (in target 'shared_preferences_foundation' from project 'Pods')
[        ]     cd /Users/andreea/StudioProjects/Flutter_Project/macos/Pods
[        ]     write-file /Users/andreea/StudioProjects/Flutter_Project/build/macos/Build/Intermediates.noindex/Pods.build/Debug/shared_preferences_foundation.build/shared_preferences_foundation-generated-files.hmap
[        ] WriteAuxiliaryFile /Users/andreea/StudioProjects/Flutter_Project/build/macos/Build/Intermediates.noindex/Pods.build/Debug/shared_preferences_foundation.build/shared_preferences_foundation-all-target-headers.hmap (in target 'shared_preferences_foundation' from project 'Pods')
[        ]     cd /Users/andreea/StudioProjects/Flutter_Project/macos/Pods
[        ]     write-file /Users/andreea/StudioProjects/Flutter_Project/build/macos/Build/Intermediates.noindex/Pods.build/Debug/shared_preferences_foundation.build/shared_preferences_foundation-all-target-headers.hmap
[        ] Copy /Users/andreea/StudioProjects/Flutter_Project/build/macos/Build/Products/Debug/sign_in_with_apple/sign_in_with_apple.framework/Versions/A/Modules/module.modulemap /Users/andreea/StudioProjects/Flutter_Project/build/macos/Build/Intermediates.noindex/Pods.build/Debug/sign_in_with_apple.build/module.modulemap (in target 'sign_in_with_apple' from project 'Pods')
[        ]     cd /Users/andreea/StudioProjects/Flutter_Project/macos/Pods
[        ]     builtin-copy -exclude .DS_Store -exclude CVS -exclude .svn -exclude .git -exclude .hg -resolve-src-symlinks /Users/andreea/StudioProjects/Flutter_Project/build/macos/Build/Intermediates.noindex/Pods.build/Debug/sign_in_with_apple.build/module.modulemap /Users/andreea/StudioProjects/Flutter_Project/build/macos/Build/Products/Debug/sign_in_with_apple/sign_in_with_apple.framework/Versions/A/Modules
[        ] WriteAuxiliaryFile /Users/andreea/StudioProjects/Flutter_Project/build/macos/Build/Intermediates.noindex/Pods.build/Debug/shared_preferences_foundation.build/shared_preferences_foundation-all-non-framework-target-headers.hmap (in target 'shared_preferences_foundation' from project 'Pods')
[        ]     cd /Users/andreea/StudioProjects/Flutter_Project/macos/Pods
[        ]     write-file /Users/andreea/StudioProjects/Flutter_Project/build/macos/Build/Intermediates.noindex/Pods.build/Debug/shared_preferences_foundation.build/shared_preferences_foundation-all-non-framework-target-headers.hmap
[        ] WriteAuxiliaryFile /Users/andreea/StudioProjects/Flutter_Project/build/macos/Build/Intermediates.noindex/Pods.build/Debug/shared_preferences_foundation.build/module-swiftextension.modulemap (in target 'shared_preferences_foundation' from project 'Pods')
[        ]     cd /Users/andreea/StudioProjects/Flutter_Project/macos/Pods
[        ]     write-file /Users/andreea/StudioProjects/Flutter_Project/build/macos/Build/Intermediates.noindex/Pods.build/Debug/shared_preferences_foundation.build/module-swiftextension.modulemap
[        ] WriteAuxiliaryFile /Users/andreea/StudioProjects/Flutter_Project/build/macos/Build/Intermediates.noindex/Pods.build/Debug/shared_preferences_foundation.build/Objects-normal/arm64/shared_preferences_foundation_const_extract_protocols.json (in target 'shared_preferences_foundation' from project 'Pods')
[        ]     cd /Users/andreea/StudioProjects/Flutter_Project/macos/Pods
[        ]     write-file /Users/andreea/StudioProjects/Flutter_Project/build/macos/Build/Intermediates.noindex/Pods.build/Debug/shared_preferences_foundation.build/Objects-normal/arm64/shared_preferences_foundation_const_extract_protocols.json
[        ] WriteAuxiliaryFile /Users/andreea/StudioProjects/Flutter_Project/build/macos/Build/Intermediates.noindex/Pods.build/Debug/shared_preferences_foundation.build/Objects-normal/arm64/shared_preferences_foundation.SwiftFileList (in target 'shared_preferences_foundation' from project 'Pods')
[        ]     cd /Users/andreea/StudioProjects/Flutter_Project/macos/Pods
[        ]     write-file /Users/andreea/StudioProjects/Flutter_Project/build/macos/Build/Intermediates.noindex/Pods.build/Debug/shared_preferences_foundation.build/Objects-normal/arm64/shared_preferences_foundation.SwiftFileList
[        ] WriteAuxiliaryFile /Users/andreea/StudioProjects/Flutter_Project/build/macos/Build/Intermediates.noindex/Pods.build/Debug/shared_preferences_foundation.build/Objects-normal/arm64/shared_preferences_foundation.SwiftConstValuesFileList (in target 'shared_preferences_foundation' from project 'Pods')
[        ]     cd /Users/andreea/StudioProjects/Flutter_Project/macos/Pods
[        ]     write-file /Users/andreea/StudioProjects/Flutter_Project/build/macos/Build/Intermediates.noindex/Pods.build/Debug/shared_preferences_foundation.build/Objects-normal/arm64/shared_preferences_foundation.SwiftConstValuesFileList
[        ] WriteAuxiliaryFile /Users/andreea/StudioProjects/Flutter_Project/build/macos/Build/Intermediates.noindex/Pods.build/Debug/shared_preferences_foundation.build/Objects-normal/arm64/shared_preferences_foundation.LinkFileList (in target 'shared_preferences_foundation' from project 'Pods')
[        ]     cd /Users/andreea/StudioProjects/Flutter_Project/macos/Pods
[        ]     write-file /Users/andreea/StudioProjects/Flutter_Project/build/macos/Build/Intermediates.noindex/Pods.build/Debug/shared_preferences_foundation.build/Objects-normal/arm64/shared_preferences_foundation.LinkFileList
[        ] WriteAuxiliaryFile /Users/andreea/StudioProjects/Flutter_Project/build/macos/Build/Intermediates.noindex/Pods.build/Debug/shared_preferences_foundation.build/Objects-normal/arm64/shared_preferences_foundation-OutputFileMap.json (in target 'shared_preferences_foundation' from project 'Pods')
[        ]     cd /Users/andreea/StudioProjects/Flutter_Project/macos/Pods
[        ]     write-file /Users/andreea/StudioProjects/Flutter_Project/build/macos/Build/Intermediates.noindex/Pods.build/Debug/shared_preferences_foundation.build/Objects-normal/arm64/shared_preferences_foundation-OutputFileMap.json
[        ] WriteAuxiliaryFile /Users/andreea/StudioProjects/Flutter_Project/build/macos/Build/Intermediates.noindex/Pods.build/Debug/shared_preferences_foundation.build/Objects-normal/arm64/e6072d4f65d7061329687fe24e3d63a7-common-args.resp (in target 'shared_preferences_foundation' from project 'Pods')
[        ]     cd /Users/andreea/StudioProjects/Flutter_Project/macos/Pods
[        ]     write-file /Users/andreea/StudioProjects/Flutter_Project/build/macos/Build/Intermediates.noindex/Pods.build/Debug/shared_preferences_foundation.build/Objects-normal/arm64/e6072d4f65d7061329687fe24e3d63a7-common-args.resp
[        ] -target arm64-apple-macos10.14 '-std=gnu11' -fobjc-arc -fmodules -gmodules '-fmodules-cache-path=/Users/andreea/StudioProjects/Flutter_Project/build/macos/ModuleCache.noindex' '-fmodule-name=shared_preferences_foundation' -fpascal-strings -O0 -fno-common '-DPOD_CONFIGURATION_DEBUG=1' '-DDEBUG=1' '-DCOCOAPODS=1' '-DOBJC_OLD_DISPATCH_PROTOTYPES=0' -isysroot /Applications/Xcode.app/Contents/Developer/Platforms/MacOSX.platform/Developer/SDKs/MacOSX15.4.sdk -g -iquote /Users/andreea/StudioProjects/Flutter_Project/build/macos/Build/Intermediates.noindex/Pods.build/Debug/shared_preferences_foundation.build/shared_preferences_foundation-generated-files.hmap -I/Users/andreea/StudioProjects/Flutter_Project/build/macos/Build/Intermediates.noindex/Pods.build/Debug/shared_preferences_foundation.build/shared_preferences_foundation-own-target-headers.hmap -I/Users/andreea/StudioProjects/Flutter_Project/build/macos/Build/Intermediates.noindex/Pods.build/Debug/shared_preferences_foundation.build/shared_preferences_foundation-all-non-framework-target-headers.hmap -ivfsoverlay /Users/andreea/StudioProjects/Flutter_Project/build/macos/Build/Intermediates.noindex/Pods.build/Debug/Pods-8699adb1dd336b26511df848a716bd42-VFS/all-product-headers.yaml -iquote /Users/andreea/StudioProjects/Flutter_Project/build/macos/Build/Intermediates.noindex/Pods.build/Debug/shared_preferences_foundation.build/shared_preferences_foundation-project-headers.hmap -I/Users/andreea/StudioProjects/Flutter_Project/build/macos/Build/Products/Debug/shared_preferences_foundation/include -I/Users/andreea/StudioProjects/Flutter_Project/build/macos/Build/Intermediates.noindex/Pods.build/Debug/shared_preferences_foundation.build/DerivedSources-normal/arm64 -I/Users/andreea/StudioProjects/Flutter_Project/build/macos/Build/Intermediates.noindex/Pods.build/Debug/shared_preferences_foundation.build/DerivedSources/arm64 -I/Users/andreea/StudioProjects/Flutter_Project/build/macos/Build/Intermediates.noindex/Pods.build/Debug/shared_preferences_foundation.build/DerivedSources -F/Users/andreea/StudioProjects/Flutter_Project/build/macos/Build/Products/Debug/shared_preferences_foundation -F/Users/andreea/StudioProjects/development/flutter_honoo/bin/cache/artifacts/engine/darwin-x64
[        ] WriteAuxiliaryFile /Users/andreea/StudioProjects/Flutter_Project/build/macos/Build/Intermediates.noindex/Pods.build/Debug/shared_preferences_foundation.build/Objects-normal/arm64/7187679823f38a2a940e0043cdf9d637-common-args.resp (in target 'shared_preferences_foundation' from project 'Pods')
[        ]     cd /Users/andreea/StudioProjects/Flutter_Project/macos/Pods
[        ]     write-file /Users/andreea/StudioProjects/Flutter_Project/build/macos/Build/Intermediates.noindex/Pods.build/Debug/shared_preferences_foundation.build/Objects-normal/arm64/7187679823f38a2a940e0043cdf9d637-common-args.resp
[        ] -target arm64-apple-macos10.14 '-std=gnu11' -fmodules -gmodules '-fmodules-cache-path=/Users/andreea/StudioProjects/Flutter_Project/build/macos/ModuleCache.noindex' '-fmodule-name=shared_preferences_foundation' -fpascal-strings -O0 -fno-common '-DPOD_CONFIGURATION_DEBUG=1' '-DDEBUG=1' '-DCOCOAPODS=1' -isysroot /Applications/Xcode.app/Contents/Developer/Platforms/MacOSX.platform/Developer/SDKs/MacOSX15.4.sdk -g -iquote /Users/andreea/StudioProjects/Flutter_Project/build/macos/Build/Intermediates.noindex/Pods.build/Debug/shared_preferences_foundation.build/shared_preferences_foundation-generated-files.hmap -I/Users/andreea/StudioProjects/Flutter_Project/build/macos/Build/Intermediates.noindex/Pods.build/Debug/shared_preferences_foundation.build/shared_preferences_foundation-own-target-headers.hmap -I/Users/andreea/StudioProjects/Flutter_Project/build/macos/Build/Intermediates.noindex/Pods.build/Debug/shared_preferences_foundation.build/shared_preferences_foundation-all-non-framework-target-headers.hmap -ivfsoverlay /Users/andreea/StudioProjects/Flutter_Project/build/macos/Build/Intermediates.noindex/Pods.build/Debug/Pods-8699adb1dd336b26511df848a716bd42-VFS/all-product-headers.yaml -iquote /Users/andreea/StudioProjects/Flutter_Project/build/macos/Build/Intermediates.noindex/Pods.build/Debug/shared_preferences_foundation.build/shared_preferences_foundation-project-headers.hmap -I/Users/andreea/StudioProjects/Flutter_Project/build/macos/Build/Products/Debug/shared_preferences_foundation/include -I/Users/andreea/StudioProjects/Flutter_Project/build/macos/Build/Intermediates.noindex/Pods.build/Debug/shared_preferences_foundation.build/DerivedSources-normal/arm64 -I/Users/andreea/StudioProjects/Flutter_Project/build/macos/Build/Intermediates.noindex/Pods.build/Debug/shared_preferences_foundation.build/DerivedSources/arm64 -I/Users/andreea/StudioProjects/Flutter_Project/build/macos/Build/Intermediates.noindex/Pods.build/Debug/shared_preferences_foundation.build/DerivedSources -F/Users/andreea/StudioProjects/Flutter_Project/build/macos/Build/Products/Debug/shared_preferences_foundation -F/Users/andreea/StudioProjects/development/flutter_honoo/bin/cache/artifacts/engine/darwin-x64
[        ] WriteAuxiliaryFile /Users/andreea/StudioProjects/Flutter_Project/build/macos/Build/Intermediates.noindex/Pods.build/Debug/shared_preferences_foundation.build/DerivedSources/shared_preferences_foundation_vers.c (in target 'shared_preferences_foundation' from project 'Pods')
[        ]     cd /Users/andreea/StudioProjects/Flutter_Project/macos/Pods
[        ]     write-file /Users/andreea/StudioProjects/Flutter_Project/build/macos/Build/Intermediates.noindex/Pods.build/Debug/shared_preferences_foundation.build/DerivedSources/shared_preferences_foundation_vers.c
[        ] CpHeader /Users/andreea/StudioProjects/Flutter_Project/build/macos/Build/Products/Debug/shared_preferences_foundation/shared_preferences_foundation.framework/Versions/A/Headers/shared_preferences_foundation-umbrella.h /Users/andreea/StudioProjects/Flutter_Project/macos/Pods/Target\ Support\ Files/shared_preferences_foundation/shared_preferences_foundation-umbrella.h (in target 'shared_preferences_foundation' from project 'Pods')
[        ]     cd /Users/andreea/StudioProjects/Flutter_Project/macos/Pods
[        ]     builtin-copy -exclude .DS_Store -exclude CVS -exclude .svn -exclude .git -exclude .hg -resolve-src-symlinks /Users/andreea/StudioProjects/Flutter_Project/macos/Pods/Target\ Support\ Files/shared_preferences_foundation/shared_preferences_foundation-umbrella.h /Users/andreea/StudioProjects/Flutter_Project/build/macos/Build/Products/Debug/shared_preferences_foundation/shared_preferences_foundation.framework/Versions/A/Headers
[        ] Concatenate /Users/andreea/StudioProjects/Flutter_Project/build/macos/Build/Intermediates.noindex/Pods.build/Debug/shared_preferences_foundation.build/unextended-module.modulemap /Users/andreea/StudioProjects/Flutter_Project/macos/Pods/Target\ Support\ Files/shared_preferences_foundation/shared_preferences_foundation.modulemap /Users/andreea/StudioProjects/Flutter_Project/build/macos/Build/Intermediates.noindex/Pods.build/Debug/shared_preferences_foundation.build/unextended-module-swiftunextension.modulemap (in target 'shared_preferences_foundation' from project 'Pods')
[        ]     cd /Users/andreea/StudioProjects/Flutter_Project/macos/Pods
[        ]     builtin-concatenate /Users/andreea/StudioProjects/Flutter_Project/build/macos/Build/Intermediates.noindex/Pods.build/Debug/shared_preferences_foundation.build/unextended-module.modulemap /Users/andreea/StudioProjects/Flutter_Project/macos/Pods/Target\ Support\ Files/shared_preferences_foundation/shared_preferences_foundation.modulemap /Users/andreea/StudioProjects/Flutter_Project/build/macos/Build/Intermediates.noindex/Pods.build/Debug/shared_preferences_foundation.build/unextended-module-swiftunextension.modulemap
[        ] Concatenate /Users/andreea/StudioProjects/Flutter_Project/build/macos/Build/Intermediates.noindex/Pods.build/Debug/shared_preferences_foundation.build/module.modulemap /Users/andreea/StudioProjects/Flutter_Project/macos/Pods/Target\ Support\ Files/shared_preferences_foundation/shared_preferences_foundation.modulemap /Users/andreea/StudioProjects/Flutter_Project/build/macos/Build/Intermediates.noindex/Pods.build/Debug/shared_preferences_foundation.build/module-swiftextension.modulemap (in target 'shared_preferences_foundation' from project 'Pods')
[        ]     cd /Users/andreea/StudioProjects/Flutter_Project/macos/Pods
[        ]     builtin-concatenate /Users/andreea/StudioProjects/Flutter_Project/build/macos/Build/Intermediates.noindex/Pods.build/Debug/shared_preferences_foundation.build/module.modulemap /Users/andreea/StudioProjects/Flutter_Project/macos/Pods/Target\ Support\ Files/shared_preferences_foundation/shared_preferences_foundation.modulemap /Users/andreea/StudioProjects/Flutter_Project/build/macos/Build/Intermediates.noindex/Pods.build/Debug/shared_preferences_foundation.build/module-swiftextension.modulemap
[        ] WriteAuxiliaryFile /Users/andreea/StudioProjects/Flutter_Project/build/macos/Build/Intermediates.noindex/Pods.build/Debug/share_plus.build/unextended-module-swiftunextension.modulemap (in target 'share_plus' from project 'Pods')
[        ]     cd /Users/andreea/StudioProjects/Flutter_Project/macos/Pods
[        ]     write-file /Users/andreea/StudioProjects/Flutter_Project/build/macos/Build/Intermediates.noindex/Pods.build/Debug/share_plus.build/unextended-module-swiftunextension.modulemap
[        ] WriteAuxiliaryFile /Users/andreea/StudioProjects/Flutter_Project/build/macos/Build/Intermediates.noindex/Pods.build/Debug/share_plus.build/unextended-module-overlay.yaml (in target 'share_plus' from project 'Pods')
[        ]     cd /Users/andreea/StudioProjects/Flutter_Project/macos/Pods
[        ]     write-file /Users/andreea/StudioProjects/Flutter_Project/build/macos/Build/Intermediates.noindex/Pods.build/Debug/share_plus.build/unextended-module-overlay.yaml
[        ] WriteAuxiliaryFile /Users/andreea/StudioProjects/Flutter_Project/build/macos/Build/Intermediates.noindex/Pods.build/Debug/share_plus.build/share_plus.hmap (in target 'share_plus' from project 'Pods')
[        ]     cd /Users/andreea/StudioProjects/Flutter_Project/macos/Pods
[        ]     write-file /Users/andreea/StudioProjects/Flutter_Project/build/macos/Build/Intermediates.noindex/Pods.build/Debug/share_plus.build/share_plus.hmap
[        ] WriteAuxiliaryFile /Users/andreea/StudioProjects/Flutter_Project/build/macos/Build/Intermediates.noindex/Pods.build/Debug/share_plus.build/share_plus.DependencyStaticMetadataFileList (in target 'share_plus' from project 'Pods')
[        ]     cd /Users/andreea/StudioProjects/Flutter_Project/macos/Pods
[        ]     write-file /Users/andreea/StudioProjects/Flutter_Project/build/macos/Build/Intermediates.noindex/Pods.build/Debug/share_plus.build/share_plus.DependencyStaticMetadataFileList
[        ] WriteAuxiliaryFile /Users/andreea/StudioProjects/Flutter_Project/build/macos/Build/Intermediates.noindex/Pods.build/Debug/share_plus.build/share_plus.DependencyMetadataFileList (in target 'share_plus' from project 'Pods')
[        ]     cd /Users/andreea/StudioProjects/Flutter_Project/macos/Pods
[        ]     write-file /Users/andreea/StudioProjects/Flutter_Project/build/macos/Build/Intermediates.noindex/Pods.build/Debug/share_plus.build/share_plus.DependencyMetadataFileList
[        ] WriteAuxiliaryFile /Users/andreea/StudioProjects/Flutter_Project/build/macos/Build/Intermediates.noindex/Pods.build/Debug/share_plus.build/share_plus-project-headers.hmap (in target 'share_plus' from project 'Pods')
[        ]     cd /Users/andreea/StudioProjects/Flutter_Project/macos/Pods
[        ]     write-file /Users/andreea/StudioProjects/Flutter_Project/build/macos/Build/Intermediates.noindex/Pods.build/Debug/share_plus.build/share_plus-project-headers.hmap
[        ] WriteAuxiliaryFile /Users/andreea/StudioProjects/Flutter_Project/build/macos/Build/Intermediates.noindex/Pods.build/Debug/share_plus.build/share_plus-own-target-headers.hmap (in target 'share_plus' from project 'Pods')
[        ]     cd /Users/andreea/StudioProjects/Flutter_Project/macos/Pods
[        ]     write-file /Users/andreea/StudioProjects/Flutter_Project/build/macos/Build/Intermediates.noindex/Pods.build/Debug/share_plus.build/share_plus-own-target-headers.hmap
[        ] WriteAuxiliaryFile /Users/andreea/StudioProjects/Flutter_Project/build/macos/Build/Intermediates.noindex/Pods.build/Debug/share_plus.build/share_plus-generated-files.hmap (in target 'share_plus' from project 'Pods')
[        ]     cd /Users/andreea/StudioProjects/Flutter_Project/macos/Pods
[        ]     write-file /Users/andreea/StudioProjects/Flutter_Project/build/macos/Build/Intermediates.noindex/Pods.build/Debug/share_plus.build/share_plus-generated-files.hmap
[        ] WriteAuxiliaryFile /Users/andreea/StudioProjects/Flutter_Project/build/macos/Build/Intermediates.noindex/Pods.build/Debug/share_plus.build/share_plus-all-target-headers.hmap (in target 'share_plus' from project 'Pods')
[        ]     cd /Users/andreea/StudioProjects/Flutter_Project/macos/Pods
[        ]     write-file /Users/andreea/StudioProjects/Flutter_Project/build/macos/Build/Intermediates.noindex/Pods.build/Debug/share_plus.build/share_plus-all-target-headers.hmap
[        ] Copy /Users/andreea/StudioProjects/Flutter_Project/build/macos/Build/Products/Debug/shared_preferences_foundation/shared_preferences_foundation.framework/Versions/A/Modules/module.modulemap /Users/andreea/StudioProjects/Flutter_Project/build/macos/Build/Intermediates.noindex/Pods.build/Debug/shared_preferences_foundation.build/module.modulemap (in target 'shared_preferences_foundation' from project 'Pods')
[        ]     cd /Users/andreea/StudioProjects/Flutter_Project/macos/Pods
[        ]     builtin-copy -exclude .DS_Store -exclude CVS -exclude .svn -exclude .git -exclude .hg -resolve-src-symlinks /Users/andreea/StudioProjects/Flutter_Project/build/macos/Build/Intermediates.noindex/Pods.build/Debug/shared_preferences_foundation.build/module.modulemap /Users/andreea/StudioProjects/Flutter_Project/build/macos/Build/Products/Debug/shared_preferences_foundation/shared_preferences_foundation.framework/Versions/A/Modules
[        ] WriteAuxiliaryFile /Users/andreea/StudioProjects/Flutter_Project/build/macos/Build/Intermediates.noindex/Pods.build/Debug/share_plus.build/share_plus-all-non-framework-target-headers.hmap (in target 'share_plus' from project 'Pods')
[        ]     cd /Users/andreea/StudioProjects/Flutter_Project/macos/Pods
[        ]     write-file /Users/andreea/StudioProjects/Flutter_Project/build/macos/Build/Intermediates.noindex/Pods.build/Debug/share_plus.build/share_plus-all-non-framework-target-headers.hmap
[        ] WriteAuxiliaryFile /Users/andreea/StudioProjects/Flutter_Project/build/macos/Build/Intermediates.noindex/Pods.build/Debug/share_plus.build/module-swiftextension.modulemap (in target 'share_plus' from project 'Pods')
[        ]     cd /Users/andreea/StudioProjects/Flutter_Project/macos/Pods
[        ]     write-file /Users/andreea/StudioProjects/Flutter_Project/build/macos/Build/Intermediates.noindex/Pods.build/Debug/share_plus.build/module-swiftextension.modulemap
[        ] WriteAuxiliaryFile /Users/andreea/StudioProjects/Flutter_Project/build/macos/Build/Intermediates.noindex/Pods.build/Debug/share_plus.build/Objects-normal/arm64/share_plus_const_extract_protocols.json (in target 'share_plus' from project 'Pods')
[        ]     cd /Users/andreea/StudioProjects/Flutter_Project/macos/Pods
[        ]     write-file /Users/andreea/StudioProjects/Flutter_Project/build/macos/Build/Intermediates.noindex/Pods.build/Debug/share_plus.build/Objects-normal/arm64/share_plus_const_extract_protocols.json
[        ] WriteAuxiliaryFile /Users/andreea/StudioProjects/Flutter_Project/build/macos/Build/Intermediates.noindex/Pods.build/Debug/share_plus.build/Objects-normal/arm64/share_plus.SwiftFileList (in target 'share_plus' from project 'Pods')
[        ]     cd /Users/andreea/StudioProjects/Flutter_Project/macos/Pods
[        ]     write-file /Users/andreea/StudioProjects/Flutter_Project/build/macos/Build/Intermediates.noindex/Pods.build/Debug/share_plus.build/Objects-normal/arm64/share_plus.SwiftFileList
[        ] WriteAuxiliaryFile /Users/andreea/StudioProjects/Flutter_Project/build/macos/Build/Intermediates.noindex/Pods.build/Debug/share_plus.build/Objects-normal/arm64/share_plus.SwiftConstValuesFileList (in target 'share_plus' from project 'Pods')
[        ]     cd /Users/andreea/StudioProjects/Flutter_Project/macos/Pods
[        ]     write-file /Users/andreea/StudioProjects/Flutter_Project/build/macos/Build/Intermediates.noindex/Pods.build/Debug/share_plus.build/Objects-normal/arm64/share_plus.SwiftConstValuesFileList
[        ] WriteAuxiliaryFile /Users/andreea/StudioProjects/Flutter_Project/build/macos/Build/Intermediates.noindex/Pods.build/Debug/share_plus.build/Objects-normal/arm64/share_plus.LinkFileList (in target 'share_plus' from project 'Pods')
[        ]     cd /Users/andreea/StudioProjects/Flutter_Project/macos/Pods
[        ]     write-file /Users/andreea/StudioProjects/Flutter_Project/build/macos/Build/Intermediates.noindex/Pods.build/Debug/share_plus.build/Objects-normal/arm64/share_plus.LinkFileList
[        ] WriteAuxiliaryFile /Users/andreea/StudioProjects/Flutter_Project/build/macos/Build/Intermediates.noindex/Pods.build/Debug/share_plus.build/Objects-normal/arm64/share_plus-OutputFileMap.json (in target 'share_plus' from project 'Pods')
[        ]     cd /Users/andreea/StudioProjects/Flutter_Project/macos/Pods
[        ]     write-file /Users/andreea/StudioProjects/Flutter_Project/build/macos/Build/Intermediates.noindex/Pods.build/Debug/share_plus.build/Objects-normal/arm64/share_plus-OutputFileMap.json
[        ] WriteAuxiliaryFile /Users/andreea/StudioProjects/Flutter_Project/build/macos/Build/Intermediates.noindex/Pods.build/Debug/share_plus.build/Objects-normal/arm64/e6072d4f65d7061329687fe24e3d63a7-common-args.resp (in target 'share_plus' from project 'Pods')
[        ]     cd /Users/andreea/StudioProjects/Flutter_Project/macos/Pods
[        ]     write-file /Users/andreea/StudioProjects/Flutter_Project/build/macos/Build/Intermediates.noindex/Pods.build/Debug/share_plus.build/Objects-normal/arm64/e6072d4f65d7061329687fe24e3d63a7-common-args.resp
[        ] -target arm64-apple-macos10.14 '-std=gnu11' -fobjc-arc -fmodules -gmodules '-fmodules-cache-path=/Users/andreea/StudioProjects/Flutter_Project/build/macos/ModuleCache.noindex' '-fmodule-name=share_plus' -fpascal-strings -O0 -fno-common '-DPOD_CONFIGURATION_DEBUG=1' '-DDEBUG=1' '-DCOCOAPODS=1' '-DOBJC_OLD_DISPATCH_PROTOTYPES=0' -isysroot /Applications/Xcode.app/Contents/Developer/Platforms/MacOSX.platform/Developer/SDKs/MacOSX15.4.sdk -g -iquote /Users/andreea/StudioProjects/Flutter_Project/build/macos/Build/Intermediates.noindex/Pods.build/Debug/share_plus.build/share_plus-generated-files.hmap -I/Users/andreea/StudioProjects/Flutter_Project/build/macos/Build/Intermediates.noindex/Pods.build/Debug/share_plus.build/share_plus-own-target-headers.hmap -I/Users/andreea/StudioProjects/Flutter_Project/build/macos/Build/Intermediates.noindex/Pods.build/Debug/share_plus.build/share_plus-all-non-framework-target-headers.hmap -ivfsoverlay /Users/andreea/StudioProjects/Flutter_Project/build/macos/Build/Intermediates.noindex/Pods.build/Debug/Pods-8699adb1dd336b26511df848a716bd42-VFS/all-product-headers.yaml -iquote /Users/andreea/StudioProjects/Flutter_Project/build/macos/Build/Intermediates.noindex/Pods.build/Debug/share_plus.build/share_plus-project-headers.hmap -I/Users/andreea/StudioProjects/Flutter_Project/build/macos/Build/Products/Debug/share_plus/include -I/Users/andreea/StudioProjects/Flutter_Project/build/macos/Build/Intermediates.noindex/Pods.build/Debug/share_plus.build/DerivedSources-normal/arm64 -I/Users/andreea/StudioProjects/Flutter_Project/build/macos/Build/Intermediates.noindex/Pods.build/Debug/share_plus.build/DerivedSources/arm64 -I/Users/andreea/StudioProjects/Flutter_Project/build/macos/Build/Intermediates.noindex/Pods.build/Debug/share_plus.build/DerivedSources -F/Users/andreea/StudioProjects/Flutter_Project/build/macos/Build/Products/Debug/share_plus -F/Users/andreea/StudioProjects/development/flutter_honoo/bin/cache/artifacts/engine/darwin-x64
[        ] WriteAuxiliaryFile /Users/andreea/StudioProjects/Flutter_Project/build/macos/Build/Intermediates.noindex/Pods.build/Debug/share_plus.build/Objects-normal/arm64/7187679823f38a2a940e0043cdf9d637-common-args.resp (in target 'share_plus' from project 'Pods')
[        ]     cd /Users/andreea/StudioProjects/Flutter_Project/macos/Pods
[        ]     write-file /Users/andreea/StudioProjects/Flutter_Project/build/macos/Build/Intermediates.noindex/Pods.build/Debug/share_plus.build/Objects-normal/arm64/7187679823f38a2a940e0043cdf9d637-common-args.resp
[        ] -target arm64-apple-macos10.14 '-std=gnu11' -fmodules -gmodules '-fmodules-cache-path=/Users/andreea/StudioProjects/Flutter_Project/build/macos/ModuleCache.noindex' '-fmodule-name=share_plus' -fpascal-strings -O0 -fno-common '-DPOD_CONFIGURATION_DEBUG=1' '-DDEBUG=1' '-DCOCOAPODS=1' -isysroot /Applications/Xcode.app/Contents/Developer/Platforms/MacOSX.platform/Developer/SDKs/MacOSX15.4.sdk -g -iquote /Users/andreea/StudioProjects/Flutter_Project/build/macos/Build/Intermediates.noindex/Pods.build/Debug/share_plus.build/share_plus-generated-files.hmap -I/Users/andreea/StudioProjects/Flutter_Project/build/macos/Build/Intermediates.noindex/Pods.build/Debug/share_plus.build/share_plus-own-target-headers.hmap -I/Users/andreea/StudioProjects/Flutter_Project/build/macos/Build/Intermediates.noindex/Pods.build/Debug/share_plus.build/share_plus-all-non-framework-target-headers.hmap -ivfsoverlay /Users/andreea/StudioProjects/Flutter_Project/build/macos/Build/Intermediates.noindex/Pods.build/Debug/Pods-8699adb1dd336b26511df848a716bd42-VFS/all-product-headers.yaml -iquote /Users/andreea/StudioProjects/Flutter_Project/build/macos/Build/Intermediates.noindex/Pods.build/Debug/share_plus.build/share_plus-project-headers.hmap -I/Users/andreea/StudioProjects/Flutter_Project/build/macos/Build/Products/Debug/share_plus/include -I/Users/andreea/StudioProjects/Flutter_Project/build/macos/Build/Intermediates.noindex/Pods.build/Debug/share_plus.build/DerivedSources-normal/arm64 -I/Users/andreea/StudioProjects/Flutter_Project/build/macos/Build/Intermediates.noindex/Pods.build/Debug/share_plus.build/DerivedSources/arm64 -I/Users/andreea/StudioProjects/Flutter_Project/build/macos/Build/Intermediates.noindex/Pods.build/Debug/share_plus.build/DerivedSources -F/Users/andreea/StudioProjects/Flutter_Project/build/macos/Build/Products/Debug/share_plus -F/Users/andreea/StudioProjects/development/flutter_honoo/bin/cache/artifacts/engine/darwin-x64
[        ] WriteAuxiliaryFile /Users/andreea/StudioProjects/Flutter_Project/build/macos/Build/Intermediates.noindex/Pods.build/Debug/share_plus.build/DerivedSources/share_plus_vers.c (in target 'share_plus' from project 'Pods')
[        ]     cd /Users/andreea/StudioProjects/Flutter_Project/macos/Pods
[        ]     write-file /Users/andreea/StudioProjects/Flutter_Project/build/macos/Build/Intermediates.noindex/Pods.build/Debug/share_plus.build/DerivedSources/share_plus_vers.c
[        ] Concatenate /Users/andreea/StudioProjects/Flutter_Project/build/macos/Build/Intermediates.noindex/Pods.build/Debug/share_plus.build/unextended-module.modulemap /Users/andreea/StudioProjects/Flutter_Project/macos/Pods/Target\ Support\ Files/share_plus/share_plus.modulemap /Users/andreea/StudioProjects/Flutter_Project/build/macos/Build/Intermediates.noindex/Pods.build/Debug/share_plus.build/unextended-module-swiftunextension.modulemap (in target 'share_plus' from project 'Pods')
[        ]     cd /Users/andreea/StudioProjects/Flutter_Project/macos/Pods
[        ]     builtin-concatenate /Users/andreea/StudioProjects/Flutter_Project/build/macos/Build/Intermediates.noindex/Pods.build/Debug/share_plus.build/unextended-module.modulemap /Users/andreea/StudioProjects/Flutter_Project/macos/Pods/Target\ Support\ Files/share_plus/share_plus.modulemap /Users/andreea/StudioProjects/Flutter_Project/build/macos/Build/Intermediates.noindex/Pods.build/Debug/share_plus.build/unextended-module-swiftunextension.modulemap
[        ] Concatenate /Users/andreea/StudioProjects/Flutter_Project/build/macos/Build/Intermediates.noindex/Pods.build/Debug/share_plus.build/module.modulemap /Users/andreea/StudioProjects/Flutter_Project/macos/Pods/Target\ Support\ Files/share_plus/share_plus.modulemap /Users/andreea/StudioProjects/Flutter_Project/build/macos/Build/Intermediates.noindex/Pods.build/Debug/share_plus.build/module-swiftextension.modulemap (in target 'share_plus' from project 'Pods')
[        ]     cd /Users/andreea/StudioProjects/Flutter_Project/macos/Pods
[        ]     builtin-concatenate /Users/andreea/StudioProjects/Flutter_Project/build/macos/Build/Intermediates.noindex/Pods.build/Debug/share_plus.build/module.modulemap /Users/andreea/StudioProjects/Flutter_Project/macos/Pods/Target\ Support\ Files/share_plus/share_plus.modulemap /Users/andreea/StudioProjects/Flutter_Project/build/macos/Build/Intermediates.noindex/Pods.build/Debug/share_plus.build/module-swiftextension.modulemap
[        ] WriteAuxiliaryFile /Users/andreea/StudioProjects/Flutter_Project/build/macos/Build/Intermediates.noindex/Pods.build/Debug/path_provider_foundation.build/unextended-module-swiftunextension.modulemap (in target 'path_provider_foundation' from project 'Pods')
[        ]     cd /Users/andreea/StudioProjects/Flutter_Project/macos/Pods
[        ]     write-file /Users/andreea/StudioProjects/Flutter_Project/build/macos/Build/Intermediates.noindex/Pods.build/Debug/path_provider_foundation.build/unextended-module-swiftunextension.modulemap
[        ] CpHeader /Users/andreea/StudioProjects/Flutter_Project/build/macos/Build/Products/Debug/share_plus/share_plus.framework/Versions/A/Headers/share_plus-umbrella.h /Users/andreea/StudioProjects/Flutter_Project/macos/Pods/Target\ Support\ Files/share_plus/share_plus-umbrella.h (in target 'share_plus' from project 'Pods')
[        ]     cd /Users/andreea/StudioProjects/Flutter_Project/macos/Pods
[        ]     builtin-copy -exclude .DS_Store -exclude CVS -exclude .svn -exclude .git -exclude .hg -resolve-src-symlinks /Users/andreea/StudioProjects/Flutter_Project/macos/Pods/Target\ Support\ Files/share_plus/share_plus-umbrella.h /Users/andreea/StudioProjects/Flutter_Project/build/macos/Build/Products/Debug/share_plus/share_plus.framework/Versions/A/Headers
[        ] WriteAuxiliaryFile /Users/andreea/StudioProjects/Flutter_Project/build/macos/Build/Intermediates.noindex/Pods.build/Debug/path_provider_foundation.build/unextended-module-overlay.yaml (in target 'path_provider_foundation' from project 'Pods')
[        ]     cd /Users/andreea/StudioProjects/Flutter_Project/macos/Pods
[        ]     write-file /Users/andreea/StudioProjects/Flutter_Project/build/macos/Build/Intermediates.noindex/Pods.build/Debug/path_provider_foundation.build/unextended-module-overlay.yaml
[        ] WriteAuxiliaryFile /Users/andreea/StudioProjects/Flutter_Project/build/macos/Build/Intermediates.noindex/Pods.build/Debug/path_provider_foundation.build/path_provider_foundation.hmap (in target 'path_provider_foundation' from project 'Pods')
[        ]     cd /Users/andreea/StudioProjects/Flutter_Project/macos/Pods
[        ]     write-file /Users/andreea/StudioProjects/Flutter_Project/build/macos/Build/Intermediates.noindex/Pods.build/Debug/path_provider_foundation.build/path_provider_foundation.hmap
[        ] WriteAuxiliaryFile /Users/andreea/StudioProjects/Flutter_Project/build/macos/Build/Intermediates.noindex/Pods.build/Debug/path_provider_foundation.build/path_provider_foundation.DependencyStaticMetadataFileList (in target 'path_provider_foundation' from project 'Pods')
[        ]     cd /Users/andreea/StudioProjects/Flutter_Project/macos/Pods
[        ]     write-file /Users/andreea/StudioProjects/Flutter_Project/build/macos/Build/Intermediates.noindex/Pods.build/Debug/path_provider_foundation.build/path_provider_foundation.DependencyStaticMetadataFileList
[        ] WriteAuxiliaryFile /Users/andreea/StudioProjects/Flutter_Project/build/macos/Build/Intermediates.noindex/Pods.build/Debug/path_provider_foundation.build/path_provider_foundation.DependencyMetadataFileList (in target 'path_provider_foundation' from project 'Pods')
[        ]     cd /Users/andreea/StudioProjects/Flutter_Project/macos/Pods
[        ]     write-file /Users/andreea/StudioProjects/Flutter_Project/build/macos/Build/Intermediates.noindex/Pods.build/Debug/path_provider_foundation.build/path_provider_foundation.DependencyMetadataFileList
[        ] WriteAuxiliaryFile /Users/andreea/StudioProjects/Flutter_Project/build/macos/Build/Intermediates.noindex/Pods.build/Debug/path_provider_foundation.build/path_provider_foundation-project-headers.hmap (in target 'path_provider_foundation' from project 'Pods')
[        ]     cd /Users/andreea/StudioProjects/Flutter_Project/macos/Pods
[        ]     write-file /Users/andreea/StudioProjects/Flutter_Project/build/macos/Build/Intermediates.noindex/Pods.build/Debug/path_provider_foundation.build/path_provider_foundation-project-headers.hmap
[        ] WriteAuxiliaryFile /Users/andreea/StudioProjects/Flutter_Project/build/macos/Build/Intermediates.noindex/Pods.build/Debug/path_provider_foundation.build/path_provider_foundation-own-target-headers.hmap (in target 'path_provider_foundation' from project 'Pods')
[        ]     cd /Users/andreea/StudioProjects/Flutter_Project/macos/Pods
[        ]     write-file /Users/andreea/StudioProjects/Flutter_Project/build/macos/Build/Intermediates.noindex/Pods.build/Debug/path_provider_foundation.build/path_provider_foundation-own-target-headers.hmap
[        ] WriteAuxiliaryFile /Users/andreea/StudioProjects/Flutter_Project/build/macos/Build/Intermediates.noindex/Pods.build/Debug/path_provider_foundation.build/path_provider_foundation-generated-files.hmap (in target 'path_provider_foundation' from project 'Pods')
[        ]     cd /Users/andreea/StudioProjects/Flutter_Project/macos/Pods
[        ]     write-file /Users/andreea/StudioProjects/Flutter_Project/build/macos/Build/Intermediates.noindex/Pods.build/Debug/path_provider_foundation.build/path_provider_foundation-generated-files.hmap
[        ] Copy /Users/andreea/StudioProjects/Flutter_Project/build/macos/Build/Products/Debug/share_plus/share_plus.framework/Versions/A/Modules/module.modulemap /Users/andreea/StudioProjects/Flutter_Project/build/macos/Build/Intermediates.noindex/Pods.build/Debug/share_plus.build/module.modulemap (in target 'share_plus' from project 'Pods')
[        ]     cd /Users/andreea/StudioProjects/Flutter_Project/macos/Pods
[        ]     builtin-copy -exclude .DS_Store -exclude CVS -exclude .svn -exclude .git -exclude .hg -resolve-src-symlinks /Users/andreea/StudioProjects/Flutter_Project/build/macos/Build/Intermediates.noindex/Pods.build/Debug/share_plus.build/module.modulemap /Users/andreea/StudioProjects/Flutter_Project/build/macos/Build/Products/Debug/share_plus/share_plus.framework/Versions/A/Modules
[        ] WriteAuxiliaryFile /Users/andreea/StudioProjects/Flutter_Project/build/macos/Build/Intermediates.noindex/Pods.build/Debug/path_provider_foundation.build/path_provider_foundation-all-target-headers.hmap (in target 'path_provider_foundation' from project 'Pods')
[        ]     cd /Users/andreea/StudioProjects/Flutter_Project/macos/Pods
[        ]     write-file /Users/andreea/StudioProjects/Flutter_Project/build/macos/Build/Intermediates.noindex/Pods.build/Debug/path_provider_foundation.build/path_provider_foundation-all-target-headers.hmap
[        ] WriteAuxiliaryFile /Users/andreea/StudioProjects/Flutter_Project/build/macos/Build/Intermediates.noindex/Pods.build/Debug/path_provider_foundation.build/path_provider_foundation-all-non-framework-target-headers.hmap (in target 'path_provider_foundation' from project 'Pods')
[        ]     cd /Users/andreea/StudioProjects/Flutter_Project/macos/Pods
[        ]     write-file /Users/andreea/StudioProjects/Flutter_Project/build/macos/Build/Intermediates.noindex/Pods.build/Debug/path_provider_foundation.build/path_provider_foundation-all-non-framework-target-headers.hmap
[        ] WriteAuxiliaryFile /Users/andreea/StudioProjects/Flutter_Project/build/macos/Build/Intermediates.noindex/Pods.build/Debug/path_provider_foundation.build/module-swiftextension.modulemap (in target 'path_provider_foundation' from project 'Pods')
[        ]     cd /Users/andreea/StudioProjects/Flutter_Project/macos/Pods
[        ]     write-file /Users/andreea/StudioProjects/Flutter_Project/build/macos/Build/Intermediates.noindex/Pods.build/Debug/path_provider_foundation.build/module-swiftextension.modulemap
[        ] WriteAuxiliaryFile /Users/andreea/StudioProjects/Flutter_Project/build/macos/Build/Intermediates.noindex/Pods.build/Debug/path_provider_foundation.build/Objects-normal/arm64/path_provider_foundation_const_extract_protocols.json (in target 'path_provider_foundation' from project 'Pods')
[        ]     cd /Users/andreea/StudioProjects/Flutter_Project/macos/Pods
[        ]     write-file /Users/andreea/StudioProjects/Flutter_Project/build/macos/Build/Intermediates.noindex/Pods.build/Debug/path_provider_foundation.build/Objects-normal/arm64/path_provider_foundation_const_extract_protocols.json
[        ] WriteAuxiliaryFile /Users/andreea/StudioProjects/Flutter_Project/build/macos/Build/Intermediates.noindex/Pods.build/Debug/path_provider_foundation.build/Objects-normal/arm64/path_provider_foundation.SwiftFileList (in target 'path_provider_foundation' from project 'Pods')
[        ]     cd /Users/andreea/StudioProjects/Flutter_Project/macos/Pods
[        ]     write-file /Users/andreea/StudioProjects/Flutter_Project/build/macos/Build/Intermediates.noindex/Pods.build/Debug/path_provider_foundation.build/Objects-normal/arm64/path_provider_foundation.SwiftFileList
[        ] WriteAuxiliaryFile /Users/andreea/StudioProjects/Flutter_Project/build/macos/Build/Intermediates.noindex/Pods.build/Debug/path_provider_foundation.build/Objects-normal/arm64/path_provider_foundation.SwiftConstValuesFileList (in target 'path_provider_foundation' from project 'Pods')
[        ]     cd /Users/andreea/StudioProjects/Flutter_Project/macos/Pods
[        ]     write-file /Users/andreea/StudioProjects/Flutter_Project/build/macos/Build/Intermediates.noindex/Pods.build/Debug/path_provider_foundation.build/Objects-normal/arm64/path_provider_foundation.SwiftConstValuesFileList
[        ] WriteAuxiliaryFile /Users/andreea/StudioProjects/Flutter_Project/build/macos/Build/Intermediates.noindex/Pods.build/Debug/path_provider_foundation.build/Objects-normal/arm64/path_provider_foundation.LinkFileList (in target 'path_provider_foundation' from project 'Pods')
[        ]     cd /Users/andreea/StudioProjects/Flutter_Project/macos/Pods
[        ]     write-file /Users/andreea/StudioProjects/Flutter_Project/build/macos/Build/Intermediates.noindex/Pods.build/Debug/path_provider_foundation.build/Objects-normal/arm64/path_provider_foundation.LinkFileList
[        ] WriteAuxiliaryFile /Users/andreea/StudioProjects/Flutter_Project/build/macos/Build/Intermediates.noindex/Pods.build/Debug/path_provider_foundation.build/Objects-normal/arm64/path_provider_foundation-OutputFileMap.json (in target 'path_provider_foundation' from project 'Pods')
[        ]     cd /Users/andreea/StudioProjects/Flutter_Project/macos/Pods
[        ]     write-file /Users/andreea/StudioProjects/Flutter_Project/build/macos/Build/Intermediates.noindex/Pods.build/Debug/path_provider_foundation.build/Objects-normal/arm64/path_provider_foundation-OutputFileMap.json
[        ] WriteAuxiliaryFile /Users/andreea/StudioProjects/Flutter_Project/build/macos/Build/Intermediates.noindex/Pods.build/Debug/path_provider_foundation.build/Objects-normal/arm64/e6072d4f65d7061329687fe24e3d63a7-common-args.resp (in target 'path_provider_foundation' from project 'Pods')
[        ]     cd /Users/andreea/StudioProjects/Flutter_Project/macos/Pods
[        ]     write-file /Users/andreea/StudioProjects/Flutter_Project/build/macos/Build/Intermediates.noindex/Pods.build/Debug/path_provider_foundation.build/Objects-normal/arm64/e6072d4f65d7061329687fe24e3d63a7-common-args.resp
[        ] -target arm64-apple-macos10.14 '-std=gnu11' -fobjc-arc -fmodules -gmodules '-fmodules-cache-path=/Users/andreea/StudioProjects/Flutter_Project/build/macos/ModuleCache.noindex' '-fmodule-name=path_provider_foundation' -fpascal-strings -O0 -fno-common '-DPOD_CONFIGURATION_DEBUG=1' '-DDEBUG=1' '-DCOCOAPODS=1' '-DOBJC_OLD_DISPATCH_PROTOTYPES=0' -isysroot /Applications/Xcode.app/Contents/Developer/Platforms/MacOSX.platform/Developer/SDKs/MacOSX15.4.sdk -g -iquote /Users/andreea/StudioProjects/Flutter_Project/build/macos/Build/Intermediates.noindex/Pods.build/Debug/path_provider_foundation.build/path_provider_foundation-generated-files.hmap -I/Users/andreea/StudioProjects/Flutter_Project/build/macos/Build/Intermediates.noindex/Pods.build/Debug/path_provider_foundation.build/path_provider_foundation-own-target-headers.hmap -I/Users/andreea/StudioProjects/Flutter_Project/build/macos/Build/Intermediates.noindex/Pods.build/Debug/path_provider_foundation.build/path_provider_foundation-all-non-framework-target-headers.hmap -ivfsoverlay /Users/andreea/StudioProjects/Flutter_Project/build/macos/Build/Intermediates.noindex/Pods.build/Debug/Pods-8699adb1dd336b26511df848a716bd42-VFS/all-product-headers.yaml -iquote /Users/andreea/StudioProjects/Flutter_Project/build/macos/Build/Intermediates.noindex/Pods.build/Debug/path_provider_foundation.build/path_provider_foundation-project-headers.hmap -I/Users/andreea/StudioProjects/Flutter_Project/build/macos/Build/Products/Debug/path_provider_foundation/include -I/Users/andreea/StudioProjects/Flutter_Project/build/macos/Build/Intermediates.noindex/Pods.build/Debug/path_provider_foundation.build/DerivedSources-normal/arm64 -I/Users/andreea/StudioProjects/Flutter_Project/build/macos/Build/Intermediates.noindex/Pods.build/Debug/path_provider_foundation.build/DerivedSources/arm64 -I/Users/andreea/StudioProjects/Flutter_Project/build/macos/Build/Intermediates.noindex/Pods.build/Debug/path_provider_foundation.build/DerivedSources -F/Users/andreea/StudioProjects/Flutter_Project/build/macos/Build/Products/Debug/path_provider_foundation -F/Users/andreea/StudioProjects/development/flutter_honoo/bin/cache/artifacts/engine/darwin-x64
[        ] WriteAuxiliaryFile /Users/andreea/StudioProjects/Flutter_Project/build/macos/Build/Intermediates.noindex/Pods.build/Debug/path_provider_foundation.build/Objects-normal/arm64/7187679823f38a2a940e0043cdf9d637-common-args.resp (in target 'path_provider_foundation' from project 'Pods')
[        ]     cd /Users/andreea/StudioProjects/Flutter_Project/macos/Pods
[        ]     write-file /Users/andreea/StudioProjects/Flutter_Project/build/macos/Build/Intermediates.noindex/Pods.build/Debug/path_provider_foundation.build/Objects-normal/arm64/7187679823f38a2a940e0043cdf9d637-common-args.resp
[        ] -target arm64-apple-macos10.14 '-std=gnu11' -fmodules -gmodules '-fmodules-cache-path=/Users/andreea/StudioProjects/Flutter_Project/build/macos/ModuleCache.noindex' '-fmodule-name=path_provider_foundation' -fpascal-strings -O0 -fno-common '-DPOD_CONFIGURATION_DEBUG=1' '-DDEBUG=1' '-DCOCOAPODS=1' -isysroot /Applications/Xcode.app/Contents/Developer/Platforms/MacOSX.platform/Developer/SDKs/MacOSX15.4.sdk -g -iquote /Users/andreea/StudioProjects/Flutter_Project/build/macos/Build/Intermediates.noindex/Pods.build/Debug/path_provider_foundation.build/path_provider_foundation-generated-files.hmap -I/Users/andreea/StudioProjects/Flutter_Project/build/macos/Build/Intermediates.noindex/Pods.build/Debug/path_provider_foundation.build/path_provider_foundation-own-target-headers.hmap -I/Users/andreea/StudioProjects/Flutter_Project/build/macos/Build/Intermediates.noindex/Pods.build/Debug/path_provider_foundation.build/path_provider_foundation-all-non-framework-target-headers.hmap -ivfsoverlay /Users/andreea/StudioProjects/Flutter_Project/build/macos/Build/Intermediates.noindex/Pods.build/Debug/Pods-8699adb1dd336b26511df848a716bd42-VFS/all-product-headers.yaml -iquote /Users/andreea/StudioProjects/Flutter_Project/build/macos/Build/Intermediates.noindex/Pods.build/Debug/path_provider_foundation.build/path_provider_foundation-project-headers.hmap -I/Users/andreea/StudioProjects/Flutter_Project/build/macos/Build/Products/Debug/path_provider_foundation/include -I/Users/andreea/StudioProjects/Flutter_Project/build/macos/Build/Intermediates.noindex/Pods.build/Debug/path_provider_foundation.build/DerivedSources-normal/arm64 -I/Users/andreea/StudioProjects/Flutter_Project/build/macos/Build/Intermediates.noindex/Pods.build/Debug/path_provider_foundation.build/DerivedSources/arm64 -I/Users/andreea/StudioProjects/Flutter_Project/build/macos/Build/Intermediates.noindex/Pods.build/Debug/path_provider_foundation.build/DerivedSources -F/Users/andreea/StudioProjects/Flutter_Project/build/macos/Build/Products/Debug/path_provider_foundation -F/Users/andreea/StudioProjects/development/flutter_honoo/bin/cache/artifacts/engine/darwin-x64
[        ] WriteAuxiliaryFile /Users/andreea/StudioProjects/Flutter_Project/build/macos/Build/Intermediates.noindex/Pods.build/Debug/path_provider_foundation.build/DerivedSources/path_provider_foundation_vers.c (in target 'path_provider_foundation' from project 'Pods')
[        ]     cd /Users/andreea/StudioProjects/Flutter_Project/macos/Pods
[        ]     write-file /Users/andreea/StudioProjects/Flutter_Project/build/macos/Build/Intermediates.noindex/Pods.build/Debug/path_provider_foundation.build/DerivedSources/path_provider_foundation_vers.c
[        ] Concatenate /Users/andreea/StudioProjects/Flutter_Project/build/macos/Build/Intermediates.noindex/Pods.build/Debug/path_provider_foundation.build/unextended-module.modulemap /Users/andreea/StudioProjects/Flutter_Project/macos/Pods/Target\ Support\ Files/path_provider_foundation/path_provider_foundation.modulemap /Users/andreea/StudioProjects/Flutter_Project/build/macos/Build/Intermediates.noindex/Pods.build/Debug/path_provider_foundation.build/unextended-module-swiftunextension.modulemap (in target 'path_provider_foundation' from project 'Pods')
[        ]     cd /Users/andreea/StudioProjects/Flutter_Project/macos/Pods
[        ]     builtin-concatenate /Users/andreea/StudioProjects/Flutter_Project/build/macos/Build/Intermediates.noindex/Pods.build/Debug/path_provider_foundation.build/unextended-module.modulemap /Users/andreea/StudioProjects/Flutter_Project/macos/Pods/Target\ Support\ Files/path_provider_foundation/path_provider_foundation.modulemap /Users/andreea/StudioProjects/Flutter_Project/build/macos/Build/Intermediates.noindex/Pods.build/Debug/path_provider_foundation.build/unextended-module-swiftunextension.modulemap
[        ] CpHeader /Users/andreea/StudioProjects/Flutter_Project/build/macos/Build/Products/Debug/path_provider_foundation/path_provider_foundation.framework/Versions/A/Headers/path_provider_foundation-umbrella.h /Users/andreea/StudioProjects/Flutter_Project/macos/Pods/Target\ Support\ Files/path_provider_foundation/path_provider_foundation-umbrella.h (in target 'path_provider_foundation' from project 'Pods')
[        ]     cd /Users/andreea/StudioProjects/Flutter_Project/macos/Pods
[        ]     builtin-copy -exclude .DS_Store -exclude CVS -exclude .svn -exclude .git -exclude .hg -resolve-src-symlinks /Users/andreea/StudioProjects/Flutter_Project/macos/Pods/Target\ Support\ Files/path_provider_foundation/path_provider_foundation-umbrella.h /Users/andreea/StudioProjects/Flutter_Project/build/macos/Build/Products/Debug/path_provider_foundation/path_provider_foundation.framework/Versions/A/Headers
[        ] Concatenate /Users/andreea/StudioProjects/Flutter_Project/build/macos/Build/Intermediates.noindex/Pods.build/Debug/path_provider_foundation.build/module.modulemap /Users/andreea/StudioProjects/Flutter_Project/macos/Pods/Target\ Support\ Files/path_provider_foundation/path_provider_foundation.modulemap /Users/andreea/StudioProjects/Flutter_Project/build/macos/Build/Intermediates.noindex/Pods.build/Debug/path_provider_foundation.build/module-swiftextension.modulemap (in target 'path_provider_foundation' from project 'Pods')
[        ]     cd /Users/andreea/StudioProjects/Flutter_Project/macos/Pods
[        ]     builtin-concatenate /Users/andreea/StudioProjects/Flutter_Project/build/macos/Build/Intermediates.noindex/Pods.build/Debug/path_provider_foundation.build/module.modulemap /Users/andreea/StudioProjects/Flutter_Project/macos/Pods/Target\ Support\ Files/path_provider_foundation/path_provider_foundation.modulemap /Users/andreea/StudioProjects/Flutter_Project/build/macos/Build/Intermediates.noindex/Pods.build/Debug/path_provider_foundation.build/module-swiftextension.modulemap
[        ] Copy /Users/andreea/StudioProjects/Flutter_Project/build/macos/Build/Products/Debug/Pods_Runner.framework/Versions/A/Modules/module.modulemap /Users/andreea/StudioProjects/Flutter_Project/build/macos/Build/Intermediates.noindex/Pods.build/Debug/Pods-Runner.build/module.modulemap (in target 'Pods-Runner' from project 'Pods')
[        ]     cd /Users/andreea/StudioProjects/Flutter_Project/macos/Pods
[        ]     builtin-copy -exclude .DS_Store -exclude CVS -exclude .svn -exclude .git -exclude .hg -resolve-src-symlinks /Users/andreea/StudioProjects/Flutter_Project/build/macos/Build/Intermediates.noindex/Pods.build/Debug/Pods-Runner.build/module.modulemap /Users/andreea/StudioProjects/Flutter_Project/build/macos/Build/Products/Debug/Pods_Runner.framework/Versions/A/Modules
[        ] SymLink /Users/andreea/StudioProjects/Flutter_Project/build/macos/Build/Products/Debug/url_launcher_macos/url_launcher_macos.framework/url_launcher_macos Versions/Current/url_launcher_macos (in target 'url_launcher_macos' from project 'Pods')
[        ]     cd /Users/andreea/StudioProjects/Flutter_Project/macos/Pods
[        ]     /bin/ln -sfh Versions/Current/url_launcher_macos /Users/andreea/StudioProjects/Flutter_Project/build/macos/Build/Products/Debug/url_launcher_macos/url_launcher_macos.framework/url_launcher_macos
[        ] SymLink /Users/andreea/StudioProjects/Flutter_Project/build/macos/Build/Products/Debug/url_launcher_macos/url_launcher_macos.framework/Versions/Current A (in target 'url_launcher_macos' from project 'Pods')
[        ]     cd /Users/andreea/StudioProjects/Flutter_Project/macos/Pods
[        ]     /bin/ln -sfh A /Users/andreea/StudioProjects/Flutter_Project/build/macos/Build/Products/Debug/url_launcher_macos/url_launcher_macos.framework/Versions/Current
[        ] SymLink /Users/andreea/StudioProjects/Flutter_Project/build/macos/Build/Products/Debug/url_launcher_macos/url_launcher_macos.framework/Resources Versions/Current/Resources (in target 'url_launcher_macos' from project 'Pods')
[        ]     cd /Users/andreea/StudioProjects/Flutter_Project/macos/Pods
[        ]     /bin/ln -sfh Versions/Current/Resources /Users/andreea/StudioProjects/Flutter_Project/build/macos/Build/Products/Debug/url_launcher_macos/url_launcher_macos.framework/Resources
[        ] SymLink /Users/andreea/StudioProjects/Flutter_Project/build/macos/Build/Products/Debug/url_launcher_macos/url_launcher_macos.framework/Modules Versions/Current/Modules (in target 'url_launcher_macos' from project 'Pods')
[        ]     cd /Users/andreea/StudioProjects/Flutter_Project/macos/Pods
[        ]     /bin/ln -sfh Versions/Current/Modules /Users/andreea/StudioProjects/Flutter_Project/build/macos/Build/Products/Debug/url_launcher_macos/url_launcher_macos.framework/Modules
[        ] SymLink /Users/andreea/StudioProjects/Flutter_Project/build/macos/Build/Products/Debug/url_launcher_macos/url_launcher_macos.framework/Headers Versions/Current/Headers (in target 'url_launcher_macos' from project 'Pods')
[        ]     cd /Users/andreea/StudioProjects/Flutter_Project/macos/Pods
[        ]     /bin/ln -sfh Versions/Current/Headers /Users/andreea/StudioProjects/Flutter_Project/build/macos/Build/Products/Debug/url_launcher_macos/url_launcher_macos.framework/Headers
[        ] MkDir /Users/andreea/StudioProjects/Flutter_Project/build/macos/Build/Products/Debug/url_launcher_macos/url_launcher_macos.framework/Versions/A/Resources (in target 'url_launcher_macos' from project 'Pods')
[        ]     cd /Users/andreea/StudioProjects/Flutter_Project/macos/Pods
[        ]     /bin/mkdir -p /Users/andreea/StudioProjects/Flutter_Project/build/macos/Build/Products/Debug/url_launcher_macos/url_launcher_macos.framework/Versions/A/Resources
[        ] MkDir /Users/andreea/StudioProjects/Flutter_Project/build/macos/Build/Products/Debug/url_launcher_macos/url_launcher_macos.framework/Versions/A/Headers (in target 'url_launcher_macos' from project 'Pods')
[        ]     cd /Users/andreea/StudioProjects/Flutter_Project/macos/Pods
[        ]     /bin/mkdir -p /Users/andreea/StudioProjects/Flutter_Project/build/macos/Build/Products/Debug/url_launcher_macos/url_launcher_macos.framework/Versions/A/Headers
[        ] MkDir /Users/andreea/StudioProjects/Flutter_Project/build/macos/Build/Products/Debug/url_launcher_macos/url_launcher_macos.framework/Versions/A (in target 'url_launcher_macos' from project 'Pods')
[        ]     cd /Users/andreea/StudioProjects/Flutter_Project/macos/Pods
[        ]     /bin/mkdir -p /Users/andreea/StudioProjects/Flutter_Project/build/macos/Build/Products/Debug/url_launcher_macos/url_launcher_macos.framework/Versions/A
[        ] MkDir /Users/andreea/StudioProjects/Flutter_Project/build/macos/Build/Products/Debug/url_launcher_macos/url_launcher_macos.framework/Versions (in target 'url_launcher_macos' from project 'Pods')
[        ]     cd /Users/andreea/StudioProjects/Flutter_Project/macos/Pods
[        ]     /bin/mkdir -p /Users/andreea/StudioProjects/Flutter_Project/build/macos/Build/Products/Debug/url_launcher_macos/url_launcher_macos.framework/Versions
[        ] MkDir /Users/andreea/StudioProjects/Flutter_Project/build/macos/Build/Products/Debug/url_launcher_macos/url_launcher_macos.framework (in target 'url_launcher_macos' from project 'Pods')
[        ]     cd /Users/andreea/StudioProjects/Flutter_Project/macos/Pods
[        ]     /bin/mkdir -p /Users/andreea/StudioProjects/Flutter_Project/build/macos/Build/Products/Debug/url_launcher_macos/url_launcher_macos.framework
[        ] SymLink /Users/andreea/StudioProjects/Flutter_Project/build/macos/Build/Products/Debug/sign_in_with_apple/sign_in_with_apple.framework/sign_in_with_apple Versions/Current/sign_in_with_apple (in target 'sign_in_with_apple' from project 'Pods')
[        ]     cd /Users/andreea/StudioProjects/Flutter_Project/macos/Pods
[        ]     /bin/ln -sfh Versions/Current/sign_in_with_apple /Users/andreea/StudioProjects/Flutter_Project/build/macos/Build/Products/Debug/sign_in_with_apple/sign_in_with_apple.framework/sign_in_with_apple
[        ] SymLink /Users/andreea/StudioProjects/Flutter_Project/build/macos/Build/Products/Debug/sign_in_with_apple/sign_in_with_apple.framework/Resources Versions/Current/Resources (in target 'sign_in_with_apple' from project 'Pods')
[        ]     cd /Users/andreea/StudioProjects/Flutter_Project/macos/Pods
[        ]     /bin/ln -sfh Versions/Current/Resources /Users/andreea/StudioProjects/Flutter_Project/build/macos/Build/Products/Debug/sign_in_with_apple/sign_in_with_apple.framework/Resources
[        ] SymLink /Users/andreea/StudioProjects/Flutter_Project/build/macos/Build/Products/Debug/sign_in_with_apple/sign_in_with_apple.framework/Versions/Current A (in target 'sign_in_with_apple' from project 'Pods')
[        ]     cd /Users/andreea/StudioProjects/Flutter_Project/macos/Pods
[        ]     /bin/ln -sfh A /Users/andreea/StudioProjects/Flutter_Project/build/macos/Build/Products/Debug/sign_in_with_apple/sign_in_with_apple.framework/Versions/Current
[        ] SymLink /Users/andreea/StudioProjects/Flutter_Project/build/macos/Build/Products/Debug/sign_in_with_apple/sign_in_with_apple.framework/Modules Versions/Current/Modules (in target 'sign_in_with_apple' from project 'Pods')
[        ]     cd /Users/andreea/StudioProjects/Flutter_Project/macos/Pods
[        ]     /bin/ln -sfh Versions/Current/Modules /Users/andreea/StudioProjects/Flutter_Project/build/macos/Build/Products/Debug/sign_in_with_apple/sign_in_with_apple.framework/Modules
[        ] SymLink /Users/andreea/StudioProjects/Flutter_Project/build/macos/Build/Products/Debug/sign_in_with_apple/sign_in_with_apple.framework/Headers Versions/Current/Headers (in target 'sign_in_with_apple' from project 'Pods')
[        ]     cd /Users/andreea/StudioProjects/Flutter_Project/macos/Pods
[        ]     /bin/ln -sfh Versions/Current/Headers /Users/andreea/StudioProjects/Flutter_Project/build/macos/Build/Products/Debug/sign_in_with_apple/sign_in_with_apple.framework/Headers
[        ] MkDir /Users/andreea/StudioProjects/Flutter_Project/build/macos/Build/Products/Debug/sign_in_with_apple/sign_in_with_apple.framework/Versions/A/Resources (in target 'sign_in_with_apple' from project 'Pods')
[        ]     cd /Users/andreea/StudioProjects/Flutter_Project/macos/Pods
[        ]     /bin/mkdir -p /Users/andreea/StudioProjects/Flutter_Project/build/macos/Build/Products/Debug/sign_in_with_apple/sign_in_with_apple.framework/Versions/A/Resources
[        ] MkDir /Users/andreea/StudioProjects/Flutter_Project/build/macos/Build/Products/Debug/sign_in_with_apple/sign_in_with_apple.framework/Versions/A/Headers (in target 'sign_in_with_apple' from project 'Pods')
[        ]     cd /Users/andreea/StudioProjects/Flutter_Project/macos/Pods
[        ]     /bin/mkdir -p /Users/andreea/StudioProjects/Flutter_Project/build/macos/Build/Products/Debug/sign_in_with_apple/sign_in_with_apple.framework/Versions/A/Headers
[        ] MkDir /Users/andreea/StudioProjects/Flutter_Project/build/macos/Build/Products/Debug/sign_in_with_apple/sign_in_with_apple.framework/Versions (in target 'sign_in_with_apple' from project 'Pods')
[        ]     cd /Users/andreea/StudioProjects/Flutter_Project/macos/Pods
[        ]     /bin/mkdir -p /Users/andreea/StudioProjects/Flutter_Project/build/macos/Build/Products/Debug/sign_in_with_apple/sign_in_with_apple.framework/Versions
[        ] MkDir /Users/andreea/StudioProjects/Flutter_Project/build/macos/Build/Products/Debug/sign_in_with_apple/sign_in_with_apple.framework (in target 'sign_in_with_apple' from project 'Pods')
[        ]     cd /Users/andreea/StudioProjects/Flutter_Project/macos/Pods
[        ]     /bin/mkdir -p /Users/andreea/StudioProjects/Flutter_Project/build/macos/Build/Products/Debug/sign_in_with_apple/sign_in_with_apple.framework
[        ] SymLink /Users/andreea/StudioProjects/Flutter_Project/build/macos/Build/Products/Debug/shared_preferences_foundation/shared_preferences_foundation.framework/shared_preferences_foundation Versions/Current/shared_preferences_foundation (in target 'shared_preferences_foundation' from project 'Pods')
[        ]     cd /Users/andreea/StudioProjects/Flutter_Project/macos/Pods
[        ]     /bin/ln -sfh Versions/Current/shared_preferences_foundation /Users/andreea/StudioProjects/Flutter_Project/build/macos/Build/Products/Debug/shared_preferences_foundation/shared_preferences_foundation.framework/shared_preferences_foundation
[        ] SymLink /Users/andreea/StudioProjects/Flutter_Project/build/macos/Build/Products/Debug/shared_preferences_foundation/shared_preferences_foundation.framework/Versions/Current A (in target 'shared_preferences_foundation' from project 'Pods')
[        ]     cd /Users/andreea/StudioProjects/Flutter_Project/macos/Pods
[        ]     /bin/ln -sfh A /Users/andreea/StudioProjects/Flutter_Project/build/macos/Build/Products/Debug/shared_preferences_foundation/shared_preferences_foundation.framework/Versions/Current
[        ] MkDir /Users/andreea/StudioProjects/Flutter_Project/build/macos/Build/Products/Debug/sign_in_with_apple/sign_in_with_apple.framework/Versions/A (in target 'sign_in_with_apple' from project 'Pods')
[        ]     cd /Users/andreea/StudioProjects/Flutter_Project/macos/Pods
[        ]     /bin/mkdir -p /Users/andreea/StudioProjects/Flutter_Project/build/macos/Build/Products/Debug/sign_in_with_apple/sign_in_with_apple.framework/Versions/A
[        ] SymLink /Users/andreea/StudioProjects/Flutter_Project/build/macos/Build/Products/Debug/shared_preferences_foundation/shared_preferences_foundation.framework/Resources Versions/Current/Resources (in target 'shared_preferences_foundation' from project 'Pods')
[        ]     cd /Users/andreea/StudioProjects/Flutter_Project/macos/Pods
[        ]     /bin/ln -sfh Versions/Current/Resources /Users/andreea/StudioProjects/Flutter_Project/build/macos/Build/Products/Debug/shared_preferences_foundation/shared_preferences_foundation.framework/Resources
[        ] SymLink /Users/andreea/StudioProjects/Flutter_Project/build/macos/Build/Products/Debug/shared_preferences_foundation/shared_preferences_foundation.framework/Modules Versions/Current/Modules (in target 'shared_preferences_foundation' from project 'Pods')
[        ]     cd /Users/andreea/StudioProjects/Flutter_Project/macos/Pods
[        ]     /bin/ln -sfh Versions/Current/Modules /Users/andreea/StudioProjects/Flutter_Project/build/macos/Build/Products/Debug/shared_preferences_foundation/shared_preferences_foundation.framework/Modules
[        ] SymLink /Users/andreea/StudioProjects/Flutter_Project/build/macos/Build/Products/Debug/shared_preferences_foundation/shared_preferences_foundation.framework/Headers Versions/Current/Headers (in target 'shared_preferences_foundation' from project 'Pods')
[        ]     cd /Users/andreea/StudioProjects/Flutter_Project/macos/Pods
[        ]     /bin/ln -sfh Versions/Current/Headers /Users/andreea/StudioProjects/Flutter_Project/build/macos/Build/Products/Debug/shared_preferences_foundation/shared_preferences_foundation.framework/Headers
[        ] MkDir /Users/andreea/StudioProjects/Flutter_Project/build/macos/Build/Products/Debug/shared_preferences_foundation/shared_preferences_foundation.framework/Versions/A/Resources (in target 'shared_preferences_foundation' from project 'Pods')
[        ]     cd /Users/andreea/StudioProjects/Flutter_Project/macos/Pods
[        ]     /bin/mkdir -p /Users/andreea/StudioProjects/Flutter_Project/build/macos/Build/Products/Debug/shared_preferences_foundation/shared_preferences_foundation.framework/Versions/A/Resources
[        ] MkDir /Users/andreea/StudioProjects/Flutter_Project/build/macos/Build/Products/Debug/shared_preferences_foundation/shared_preferences_foundation.framework/Versions/A/Headers (in target 'shared_preferences_foundation' from project 'Pods')
[        ]     cd /Users/andreea/StudioProjects/Flutter_Project/macos/Pods
[        ]     /bin/mkdir -p /Users/andreea/StudioProjects/Flutter_Project/build/macos/Build/Products/Debug/shared_preferences_foundation/shared_preferences_foundation.framework/Versions/A/Headers
[        ] MkDir /Users/andreea/StudioProjects/Flutter_Project/build/macos/Build/Products/Debug/shared_preferences_foundation/shared_preferences_foundation.framework/Versions/A (in target 'shared_preferences_foundation' from project 'Pods')
[        ]     cd /Users/andreea/StudioProjects/Flutter_Project/macos/Pods
[        ]     /bin/mkdir -p /Users/andreea/StudioProjects/Flutter_Project/build/macos/Build/Products/Debug/shared_preferences_foundation/shared_preferences_foundation.framework/Versions/A
[        ] MkDir /Users/andreea/StudioProjects/Flutter_Project/build/macos/Build/Products/Debug/shared_preferences_foundation/shared_preferences_foundation.framework/Versions (in target 'shared_preferences_foundation' from project 'Pods')
[        ]     cd /Users/andreea/StudioProjects/Flutter_Project/macos/Pods
[        ]     /bin/mkdir -p /Users/andreea/StudioProjects/Flutter_Project/build/macos/Build/Products/Debug/shared_preferences_foundation/shared_preferences_foundation.framework/Versions
[        ] MkDir /Users/andreea/StudioProjects/Flutter_Project/build/macos/Build/Products/Debug/shared_preferences_foundation/shared_preferences_foundation.framework (in target 'shared_preferences_foundation' from project 'Pods')
[        ]     cd /Users/andreea/StudioProjects/Flutter_Project/macos/Pods
[        ]     /bin/mkdir -p /Users/andreea/StudioProjects/Flutter_Project/build/macos/Build/Products/Debug/shared_preferences_foundation/shared_preferences_foundation.framework
[        ] SymLink /Users/andreea/StudioProjects/Flutter_Project/build/macos/Build/Products/Debug/share_plus/share_plus.framework/Versions/Current A (in target 'share_plus' from project 'Pods')
[        ]     cd /Users/andreea/StudioProjects/Flutter_Project/macos/Pods
[        ]     /bin/ln -sfh A /Users/andreea/StudioProjects/Flutter_Project/build/macos/Build/Products/Debug/share_plus/share_plus.framework/Versions/Current
[        ] SymLink /Users/andreea/StudioProjects/Flutter_Project/build/macos/Build/Products/Debug/share_plus/share_plus.framework/share_plus Versions/Current/share_plus (in target 'share_plus' from project 'Pods')
[        ]     cd /Users/andreea/StudioProjects/Flutter_Project/macos/Pods
[        ]     /bin/ln -sfh Versions/Current/share_plus /Users/andreea/StudioProjects/Flutter_Project/build/macos/Build/Products/Debug/share_plus/share_plus.framework/share_plus
[        ] SymLink /Users/andreea/StudioProjects/Flutter_Project/build/macos/Build/Products/Debug/share_plus/share_plus.framework/Resources Versions/Current/Resources (in target 'share_plus' from project 'Pods')
[        ]     cd /Users/andreea/StudioProjects/Flutter_Project/macos/Pods
[        ]     /bin/ln -sfh Versions/Current/Resources /Users/andreea/StudioProjects/Flutter_Project/build/macos/Build/Products/Debug/share_plus/share_plus.framework/Resources
[        ] SymLink /Users/andreea/StudioProjects/Flutter_Project/build/macos/Build/Products/Debug/share_plus/share_plus.framework/Headers Versions/Current/Headers (in target 'share_plus' from project 'Pods')
[        ]     cd /Users/andreea/StudioProjects/Flutter_Project/macos/Pods
[        ]     /bin/ln -sfh Versions/Current/Headers /Users/andreea/StudioProjects/Flutter_Project/build/macos/Build/Products/Debug/share_plus/share_plus.framework/Headers
[        ] SymLink /Users/andreea/StudioProjects/Flutter_Project/build/macos/Build/Products/Debug/share_plus/share_plus.framework/Modules Versions/Current/Modules (in target 'share_plus' from project 'Pods')
[        ]     cd /Users/andreea/StudioProjects/Flutter_Project/macos/Pods
[        ]     /bin/ln -sfh Versions/Current/Modules /Users/andreea/StudioProjects/Flutter_Project/build/macos/Build/Products/Debug/share_plus/share_plus.framework/Modules
[        ] MkDir /Users/andreea/StudioProjects/Flutter_Project/build/macos/Build/Products/Debug/share_plus/share_plus.framework/Versions/A/Resources (in target 'share_plus' from project 'Pods')
[        ]     cd /Users/andreea/StudioProjects/Flutter_Project/macos/Pods
[        ]     /bin/mkdir -p /Users/andreea/StudioProjects/Flutter_Project/build/macos/Build/Products/Debug/share_plus/share_plus.framework/Versions/A/Resources
[        ] MkDir /Users/andreea/StudioProjects/Flutter_Project/build/macos/Build/Products/Debug/share_plus/share_plus.framework/Versions/A/Headers (in target 'share_plus' from project 'Pods')
[        ]     cd /Users/andreea/StudioProjects/Flutter_Project/macos/Pods
[        ]     /bin/mkdir -p /Users/andreea/StudioProjects/Flutter_Project/build/macos/Build/Products/Debug/share_plus/share_plus.framework/Versions/A/Headers
[        ] MkDir /Users/andreea/StudioProjects/Flutter_Project/build/macos/Build/Products/Debug/share_plus/share_plus.framework/Versions/A (in target 'share_plus' from project 'Pods')
[        ]     cd /Users/andreea/StudioProjects/Flutter_Project/macos/Pods
[        ]     /bin/mkdir -p /Users/andreea/StudioProjects/Flutter_Project/build/macos/Build/Products/Debug/share_plus/share_plus.framework/Versions/A
[        ] MkDir /Users/andreea/StudioProjects/Flutter_Project/build/macos/Build/Products/Debug/share_plus/share_plus.framework/Versions (in target 'share_plus' from project 'Pods')
[        ]     cd /Users/andreea/StudioProjects/Flutter_Project/macos/Pods
[        ]     /bin/mkdir -p /Users/andreea/StudioProjects/Flutter_Project/build/macos/Build/Products/Debug/share_plus/share_plus.framework/Versions
[        ] MkDir /Users/andreea/StudioProjects/Flutter_Project/build/macos/Build/Products/Debug/share_plus/share_plus.framework (in target 'share_plus' from project 'Pods')
[        ]     cd /Users/andreea/StudioProjects/Flutter_Project/macos/Pods
[        ]     /bin/mkdir -p /Users/andreea/StudioProjects/Flutter_Project/build/macos/Build/Products/Debug/share_plus/share_plus.framework
[        ] SymLink /Users/andreea/StudioProjects/Flutter_Project/build/macos/Build/Products/Debug/path_provider_foundation/path_provider_foundation.framework/Versions/Current A (in target 'path_provider_foundation' from project 'Pods')
[        ]     cd /Users/andreea/StudioProjects/Flutter_Project/macos/Pods
[        ]     /bin/ln -sfh A /Users/andreea/StudioProjects/Flutter_Project/build/macos/Build/Products/Debug/path_provider_foundation/path_provider_foundation.framework/Versions/Current
[        ] SymLink /Users/andreea/StudioProjects/Flutter_Project/build/macos/Build/Products/Debug/path_provider_foundation/path_provider_foundation.framework/Modules Versions/Current/Modules (in target 'path_provider_foundation' from project 'Pods')
[        ]     cd /Users/andreea/StudioProjects/Flutter_Project/macos/Pods
[        ]     /bin/ln -sfh Versions/Current/Modules /Users/andreea/StudioProjects/Flutter_Project/build/macos/Build/Products/Debug/path_provider_foundation/path_provider_foundation.framework/Modules
[        ] SymLink /Users/andreea/StudioProjects/Flutter_Project/build/macos/Build/Products/Debug/path_provider_foundation/path_provider_foundation.framework/path_provider_foundation Versions/Current/path_provider_foundation (in target 'path_provider_foundation' from project 'Pods')
[        ]     cd /Users/andreea/StudioProjects/Flutter_Project/macos/Pods
[        ]     /bin/ln -sfh Versions/Current/path_provider_foundation /Users/andreea/StudioProjects/Flutter_Project/build/macos/Build/Products/Debug/path_provider_foundation/path_provider_foundation.framework/path_provider_foundation
[        ] SymLink /Users/andreea/StudioProjects/Flutter_Project/build/macos/Build/Products/Debug/path_provider_foundation/path_provider_foundation.framework/Resources Versions/Current/Resources (in target 'path_provider_foundation' from project 'Pods')
[        ]     cd /Users/andreea/StudioProjects/Flutter_Project/macos/Pods
[        ]     /bin/ln -sfh Versions/Current/Resources /Users/andreea/StudioProjects/Flutter_Project/build/macos/Build/Products/Debug/path_provider_foundation/path_provider_foundation.framework/Resources
[        ] SymLink /Users/andreea/StudioProjects/Flutter_Project/build/macos/Build/Products/Debug/path_provider_foundation/path_provider_foundation.framework/Headers Versions/Current/Headers (in target 'path_provider_foundation' from project 'Pods')
[        ]     cd /Users/andreea/StudioProjects/Flutter_Project/macos/Pods
[        ]     /bin/ln -sfh Versions/Current/Headers /Users/andreea/StudioProjects/Flutter_Project/build/macos/Build/Products/Debug/path_provider_foundation/path_provider_foundation.framework/Headers
[        ] MkDir /Users/andreea/StudioProjects/Flutter_Project/build/macos/Build/Products/Debug/path_provider_foundation/path_provider_foundation.framework/Versions/A/Headers (in target 'path_provider_foundation' from project 'Pods')
[        ]     cd /Users/andreea/StudioProjects/Flutter_Project/macos/Pods
[        ]     /bin/mkdir -p /Users/andreea/StudioProjects/Flutter_Project/build/macos/Build/Products/Debug/path_provider_foundation/path_provider_foundation.framework/Versions/A/Headers
[        ] MkDir /Users/andreea/StudioProjects/Flutter_Project/build/macos/Build/Products/Debug/path_provider_foundation/path_provider_foundation.framework/Versions/A (in target 'path_provider_foundation' from project 'Pods')
[        ]     cd /Users/andreea/StudioProjects/Flutter_Project/macos/Pods
[        ]     /bin/mkdir -p /Users/andreea/StudioProjects/Flutter_Project/build/macos/Build/Products/Debug/path_provider_foundation/path_provider_foundation.framework/Versions/A
[        ] MkDir /Users/andreea/StudioProjects/Flutter_Project/build/macos/Build/Products/Debug/path_provider_foundation/path_provider_foundation.framework/Versions/A/Resources (in target 'path_provider_foundation' from project 'Pods')
[        ]     cd /Users/andreea/StudioProjects/Flutter_Project/macos/Pods
[        ]     /bin/mkdir -p /Users/andreea/StudioProjects/Flutter_Project/build/macos/Build/Products/Debug/path_provider_foundation/path_provider_foundation.framework/Versions/A/Resources
[        ] MkDir /Users/andreea/StudioProjects/Flutter_Project/build/macos/Build/Products/Debug/path_provider_foundation/path_provider_foundation.framework/Versions (in target 'path_provider_foundation' from project 'Pods')
[        ]     cd /Users/andreea/StudioProjects/Flutter_Project/macos/Pods
[        ]     /bin/mkdir -p /Users/andreea/StudioProjects/Flutter_Project/build/macos/Build/Products/Debug/path_provider_foundation/path_provider_foundation.framework/Versions
[        ] MkDir /Users/andreea/StudioProjects/Flutter_Project/build/macos/Build/Products/Debug/path_provider_foundation/path_provider_foundation.framework (in target 'path_provider_foundation' from project 'Pods')
[        ]     cd /Users/andreea/StudioProjects/Flutter_Project/macos/Pods
[        ]     /bin/mkdir -p /Users/andreea/StudioProjects/Flutter_Project/build/macos/Build/Products/Debug/path_provider_foundation/path_provider_foundation.framework
[        ] MkDir /Users/andreea/StudioProjects/Flutter_Project/build/macos/Build/Products/Debug/Pods_Runner.framework/Versions/A/Headers (in target 'Pods-Runner' from project 'Pods')
[        ]     cd /Users/andreea/StudioProjects/Flutter_Project/macos/Pods
[        ]     /bin/mkdir -p /Users/andreea/StudioProjects/Flutter_Project/build/macos/Build/Products/Debug/Pods_Runner.framework/Versions/A/Headers
[        ] MkDir /Users/andreea/StudioProjects/Flutter_Project/build/macos/Build/Products/Debug/Pods_Runner.framework/Versions/A (in target 'Pods-Runner' from project 'Pods')
[        ]     cd /Users/andreea/StudioProjects/Flutter_Project/macos/Pods
[        ]     /bin/mkdir -p /Users/andreea/StudioProjects/Flutter_Project/build/macos/Build/Products/Debug/Pods_Runner.framework/Versions/A
[        ] MkDir /Users/andreea/StudioProjects/Flutter_Project/build/macos/Build/Products/Debug/Pods_Runner.framework/Versions (in target 'Pods-Runner' from project 'Pods')
[        ]     cd /Users/andreea/StudioProjects/Flutter_Project/macos/Pods
[        ]     /bin/mkdir -p /Users/andreea/StudioProjects/Flutter_Project/build/macos/Build/Products/Debug/Pods_Runner.framework/Versions
[        ] MkDir /Users/andreea/StudioProjects/Flutter_Project/build/macos/Build/Products/Debug/Pods_Runner.framework (in target 'Pods-Runner' from project 'Pods')
[        ]     cd /Users/andreea/StudioProjects/Flutter_Project/macos/Pods
[        ]     /bin/mkdir -p /Users/andreea/StudioProjects/Flutter_Project/build/macos/Build/Products/Debug/Pods_Runner.framework
[        ] CreateBuildDirectory /Users/andreea/StudioProjects/Flutter_Project/build/macos/Build/Products/Debug/file_selector_macos
[        ]     cd /Users/andreea/StudioProjects/Flutter_Project/macos
[        ]     builtin-create-build-directory /Users/andreea/StudioProjects/Flutter_Project/build/macos/Build/Products/Debug/file_selector_macos
[        ] CreateBuildDirectory /Users/andreea/StudioProjects/Flutter_Project/build/macos/Build/Products/Debug/FlutterMacOS
[        ]     cd /Users/andreea/StudioProjects/Flutter_Project/macos
[        ]     builtin-create-build-directory /Users/andreea/StudioProjects/Flutter_Project/build/macos/Build/Products/Debug/FlutterMacOS
[        ] CreateBuildDirectory /Users/andreea/StudioProjects/Flutter_Project/build/macos/Build/Products/Debug/app_links
[        ]     cd /Users/andreea/StudioProjects/Flutter_Project/macos
[        ]     builtin-create-build-directory /Users/andreea/StudioProjects/Flutter_Project/build/macos/Build/Products/Debug/app_links
[        ] Copy /Users/andreea/StudioProjects/Flutter_Project/build/macos/Build/Products/Debug/path_provider_foundation/path_provider_foundation.framework/Versions/A/Modules/module.modulemap /Users/andreea/StudioProjects/Flutter_Project/build/macos/Build/Intermediates.noindex/Pods.build/Debug/path_provider_foundation.build/module.modulemap (in target 'path_provider_foundation' from project 'Pods')
[        ]     cd /Users/andreea/StudioProjects/Flutter_Project/macos/Pods
[        ]     builtin-copy -exclude .DS_Store -exclude CVS -exclude .svn -exclude .git -exclude .hg -resolve-src-symlinks /Users/andreea/StudioProjects/Flutter_Project/build/macos/Build/Intermediates.noindex/Pods.build/Debug/path_provider_foundation.build/module.modulemap /Users/andreea/StudioProjects/Flutter_Project/build/macos/Build/Products/Debug/path_provider_foundation/path_provider_foundation.framework/Versions/A/Modules
[        ] ProcessInfoPlistFile /Users/andreea/StudioProjects/Flutter_Project/build/macos/Build/Products/Debug/sign_in_with_apple/sign_in_with_apple.framework/Versions/A/Resources/Info.plist /Users/andreea/StudioProjects/Flutter_Project/macos/Pods/Target\ Support\ Files/sign_in_with_apple/sign_in_with_apple-Info.plist (in target 'sign_in_with_apple' from project 'Pods')
[        ]     cd /Users/andreea/StudioProjects/Flutter_Project/macos/Pods
[        ]     builtin-infoPlistUtility /Users/andreea/StudioProjects/Flutter_Project/macos/Pods/Target\ Support\ Files/sign_in_with_apple/sign_in_with_apple-Info.plist -producttype com.apple.product-type.framework -expandbuildsettings -platform macosx -o /Users/andreea/StudioProjects/Flutter_Project/build/macos/Build/Products/Debug/sign_in_with_apple/sign_in_with_apple.framework/Versions/A/Resources/Info.plist
[        ] ProcessInfoPlistFile /Users/andreea/StudioProjects/Flutter_Project/build/macos/Build/Products/Debug/url_launcher_macos/url_launcher_macos.framework/Versions/A/Resources/Info.plist /Users/andreea/StudioProjects/Flutter_Project/macos/Pods/Target\ Support\ Files/url_launcher_macos/url_launcher_macos-Info.plist (in target 'url_launcher_macos' from project 'Pods')
[        ]     cd /Users/andreea/StudioProjects/Flutter_Project/macos/Pods
[        ]     builtin-infoPlistUtility /Users/andreea/StudioProjects/Flutter_Project/macos/Pods/Target\ Support\ Files/url_launcher_macos/url_launcher_macos-Info.plist -producttype com.apple.product-type.framework -expandbuildsettings -platform macosx -o /Users/andreea/StudioProjects/Flutter_Project/build/macos/Build/Products/Debug/url_launcher_macos/url_launcher_macos.framework/Versions/A/Resources/Info.plist
[        ] ProcessInfoPlistFile /Users/andreea/StudioProjects/Flutter_Project/build/macos/Build/Products/Debug/shared_preferences_foundation/shared_preferences_foundation.framework/Versions/A/Resources/Info.plist /Users/andreea/StudioProjects/Flutter_Project/macos/Pods/Target\ Support\ Files/shared_preferences_foundation/shared_preferences_foundation-Info.plist (in target 'shared_preferences_foundation' from project 'Pods')
[        ]     cd /Users/andreea/StudioProjects/Flutter_Project/macos/Pods
[        ]     builtin-infoPlistUtility /Users/andreea/StudioProjects/Flutter_Project/macos/Pods/Target\ Support\ Files/shared_preferences_foundation/shared_preferences_foundation-Info.plist -producttype com.apple.product-type.framework -expandbuildsettings -platform macosx -o /Users/andreea/StudioProjects/Flutter_Project/build/macos/Build/Products/Debug/shared_preferences_foundation/shared_preferences_foundation.framework/Versions/A/Resources/Info.plist
[        ] ProcessInfoPlistFile /Users/andreea/StudioProjects/Flutter_Project/build/macos/Build/Products/Debug/share_plus/share_plus.framework/Versions/A/Resources/Info.plist /Users/andreea/StudioProjects/Flutter_Project/macos/Pods/Target\ Support\ Files/share_plus/share_plus-Info.plist (in target 'share_plus' from project 'Pods')
[        ]     cd /Users/andreea/StudioProjects/Flutter_Project/macos/Pods
[        ]     builtin-infoPlistUtility /Users/andreea/StudioProjects/Flutter_Project/macos/Pods/Target\ Support\ Files/share_plus/share_plus-Info.plist -producttype com.apple.product-type.framework -expandbuildsettings -platform macosx -o /Users/andreea/StudioProjects/Flutter_Project/build/macos/Build/Products/Debug/share_plus/share_plus.framework/Versions/A/Resources/Info.plist
[        ] ProcessInfoPlistFile /Users/andreea/StudioProjects/Flutter_Project/build/macos/Build/Products/Debug/path_provider_foundation/path_provider_foundation.framework/Versions/A/Resources/Info.plist /Users/andreea/StudioProjects/Flutter_Project/macos/Pods/Target\ Support\ Files/path_provider_foundation/path_provider_foundation-Info.plist (in target 'path_provider_foundation' from project 'Pods')
[        ]     cd /Users/andreea/StudioProjects/Flutter_Project/macos/Pods
[        ]     builtin-infoPlistUtility /Users/andreea/StudioProjects/Flutter_Project/macos/Pods/Target\ Support\ Files/path_provider_foundation/path_provider_foundation-Info.plist -producttype com.apple.product-type.framework -expandbuildsettings -platform macosx -o /Users/andreea/StudioProjects/Flutter_Project/build/macos/Build/Products/Debug/path_provider_foundation/path_provider_foundation.framework/Versions/A/Resources/Info.plist
[        ] WriteAuxiliaryFile /Users/andreea/StudioProjects/Flutter_Project/build/macos/Build/Intermediates.noindex/Pods.build/Debug/file_selector_macos.build/module-swiftextension.modulemap (in target 'file_selector_macos' from project 'Pods')
[        ]     cd /Users/andreea/StudioProjects/Flutter_Project/macos/Pods
[        ]     write-file /Users/andreea/StudioProjects/Flutter_Project/build/macos/Build/Intermediates.noindex/Pods.build/Debug/file_selector_macos.build/module-swiftextension.modulemap
[        ] WriteAuxiliaryFile /Users/andreea/StudioProjects/Flutter_Project/build/macos/Build/Intermediates.noindex/Pods.build/Debug/file_selector_macos.build/unextended-module-swiftunextension.modulemap (in target 'file_selector_macos' from project 'Pods')
[        ]     cd /Users/andreea/StudioProjects/Flutter_Project/macos/Pods
[        ]     write-file /Users/andreea/StudioProjects/Flutter_Project/build/macos/Build/Intermediates.noindex/Pods.build/Debug/file_selector_macos.build/unextended-module-swiftunextension.modulemap
[        ] WriteAuxiliaryFile /Users/andreea/StudioProjects/Flutter_Project/build/macos/Build/Intermediates.noindex/Pods.build/Debug/file_selector_macos.build/file_selector_macos.hmap (in target 'file_selector_macos' from project 'Pods')
[        ]     cd /Users/andreea/StudioProjects/Flutter_Project/macos/Pods
[        ]     write-file /Users/andreea/StudioProjects/Flutter_Project/build/macos/Build/Intermediates.noindex/Pods.build/Debug/file_selector_macos.build/file_selector_macos.hmap
[        ] WriteAuxiliaryFile /Users/andreea/StudioProjects/Flutter_Project/build/macos/Build/Intermediates.noindex/Pods.build/Debug/file_selector_macos.build/unextended-module-overlay.yaml (in target 'file_selector_macos' from project 'Pods')
[        ]     cd /Users/andreea/StudioProjects/Flutter_Project/macos/Pods
[        ]     write-file /Users/andreea/StudioProjects/Flutter_Project/build/macos/Build/Intermediates.noindex/Pods.build/Debug/file_selector_macos.build/unextended-module-overlay.yaml
[        ] WriteAuxiliaryFile /Users/andreea/StudioProjects/Flutter_Project/build/macos/Build/Intermediates.noindex/Pods.build/Debug/file_selector_macos.build/file_selector_macos.DependencyStaticMetadataFileList (in target 'file_selector_macos' from project 'Pods')
[        ]     cd /Users/andreea/StudioProjects/Flutter_Project/macos/Pods
[        ]     write-file /Users/andreea/StudioProjects/Flutter_Project/build/macos/Build/Intermediates.noindex/Pods.build/Debug/file_selector_macos.build/file_selector_macos.DependencyStaticMetadataFileList
[        ] WriteAuxiliaryFile /Users/andreea/StudioProjects/Flutter_Project/build/macos/Build/Intermediates.noindex/Pods.build/Debug/file_selector_macos.build/file_selector_macos.DependencyMetadataFileList (in target 'file_selector_macos' from project 'Pods')
[        ]     cd /Users/andreea/StudioProjects/Flutter_Project/macos/Pods
[        ]     write-file /Users/andreea/StudioProjects/Flutter_Project/build/macos/Build/Intermediates.noindex/Pods.build/Debug/file_selector_macos.build/file_selector_macos.DependencyMetadataFileList
[        ] WriteAuxiliaryFile /Users/andreea/StudioProjects/Flutter_Project/build/macos/Build/Intermediates.noindex/Pods.build/Debug/file_selector_macos.build/file_selector_macos-project-headers.hmap (in target 'file_selector_macos' from project 'Pods')
[        ]     cd /Users/andreea/StudioProjects/Flutter_Project/macos/Pods
[        ]     write-file /Users/andreea/StudioProjects/Flutter_Project/build/macos/Build/Intermediates.noindex/Pods.build/Debug/file_selector_macos.build/file_selector_macos-project-headers.hmap
[        ] WriteAuxiliaryFile /Users/andreea/StudioProjects/Flutter_Project/build/macos/Build/Intermediates.noindex/Pods.build/Debug/file_selector_macos.build/file_selector_macos-own-target-headers.hmap (in target 'file_selector_macos' from project 'Pods')
[        ]     cd /Users/andreea/StudioProjects/Flutter_Project/macos/Pods
[        ]     write-file /Users/andreea/StudioProjects/Flutter_Project/build/macos/Build/Intermediates.noindex/Pods.build/Debug/file_selector_macos.build/file_selector_macos-own-target-headers.hmap
[        ] WriteAuxiliaryFile /Users/andreea/StudioProjects/Flutter_Project/build/macos/Build/Intermediates.noindex/Pods.build/Debug/file_selector_macos.build/file_selector_macos-generated-files.hmap (in target 'file_selector_macos' from project 'Pods')
[        ]     cd /Users/andreea/StudioProjects/Flutter_Project/macos/Pods
[        ]     write-file /Users/andreea/StudioProjects/Flutter_Project/build/macos/Build/Intermediates.noindex/Pods.build/Debug/file_selector_macos.build/file_selector_macos-generated-files.hmap
[        ] WriteAuxiliaryFile /Users/andreea/StudioProjects/Flutter_Project/build/macos/Build/Intermediates.noindex/Pods.build/Debug/file_selector_macos.build/file_selector_macos-all-target-headers.hmap (in target 'file_selector_macos' from project 'Pods')
[        ]     cd /Users/andreea/StudioProjects/Flutter_Project/macos/Pods
[        ]     write-file /Users/andreea/StudioProjects/Flutter_Project/build/macos/Build/Intermediates.noindex/Pods.build/Debug/file_selector_macos.build/file_selector_macos-all-target-headers.hmap
[        ] WriteAuxiliaryFile /Users/andreea/StudioProjects/Flutter_Project/build/macos/Build/Intermediates.noindex/Pods.build/Debug/file_selector_macos.build/file_selector_macos-all-non-framework-target-headers.hmap (in target 'file_selector_macos' from project 'Pods')
[        ]     cd /Users/andreea/StudioProjects/Flutter_Project/macos/Pods
[        ]     write-file /Users/andreea/StudioProjects/Flutter_Project/build/macos/Build/Intermediates.noindex/Pods.build/Debug/file_selector_macos.build/file_selector_macos-all-non-framework-target-headers.hmap
[        ] WriteAuxiliaryFile /Users/andreea/StudioProjects/Flutter_Project/build/macos/Build/Intermediates.noindex/Pods.build/Debug/file_selector_macos.build/Objects-normal/arm64/file_selector_macos_const_extract_protocols.json (in target 'file_selector_macos' from project 'Pods')
[        ]     cd /Users/andreea/StudioProjects/Flutter_Project/macos/Pods
[        ]     write-file /Users/andreea/StudioProjects/Flutter_Project/build/macos/Build/Intermediates.noindex/Pods.build/Debug/file_selector_macos.build/Objects-normal/arm64/file_selector_macos_const_extract_protocols.json
[        ] WriteAuxiliaryFile /Users/andreea/StudioProjects/Flutter_Project/build/macos/Build/Intermediates.noindex/Pods.build/Debug/file_selector_macos.build/Objects-normal/arm64/file_selector_macos.SwiftFileList (in target 'file_selector_macos' from project 'Pods')
[        ]     cd /Users/andreea/StudioProjects/Flutter_Project/macos/Pods
[        ]     write-file /Users/andreea/StudioProjects/Flutter_Project/build/macos/Build/Intermediates.noindex/Pods.build/Debug/file_selector_macos.build/Objects-normal/arm64/file_selector_macos.SwiftFileList
[        ] WriteAuxiliaryFile /Users/andreea/StudioProjects/Flutter_Project/build/macos/Build/Intermediates.noindex/Pods.build/Debug/file_selector_macos.build/Objects-normal/arm64/file_selector_macos.SwiftConstValuesFileList (in target 'file_selector_macos' from project 'Pods')
[        ]     cd /Users/andreea/StudioProjects/Flutter_Project/macos/Pods
[        ]     write-file /Users/andreea/StudioProjects/Flutter_Project/build/macos/Build/Intermediates.noindex/Pods.build/Debug/file_selector_macos.build/Objects-normal/arm64/file_selector_macos.SwiftConstValuesFileList
[        ] WriteAuxiliaryFile /Users/andreea/StudioProjects/Flutter_Project/build/macos/Build/Intermediates.noindex/Pods.build/Debug/file_selector_macos.build/Objects-normal/arm64/file_selector_macos.LinkFileList (in target 'file_selector_macos' from project 'Pods')
[        ]     cd /Users/andreea/StudioProjects/Flutter_Project/macos/Pods
[        ]     write-file /Users/andreea/StudioProjects/Flutter_Project/build/macos/Build/Intermediates.noindex/Pods.build/Debug/file_selector_macos.build/Objects-normal/arm64/file_selector_macos.LinkFileList
[        ] WriteAuxiliaryFile /Users/andreea/StudioProjects/Flutter_Project/build/macos/Build/Intermediates.noindex/Pods.build/Debug/file_selector_macos.build/Objects-normal/arm64/file_selector_macos-OutputFileMap.json (in target 'file_selector_macos' from project 'Pods')
[        ]     cd /Users/andreea/StudioProjects/Flutter_Project/macos/Pods
[        ]     write-file /Users/andreea/StudioProjects/Flutter_Project/build/macos/Build/Intermediates.noindex/Pods.build/Debug/file_selector_macos.build/Objects-normal/arm64/file_selector_macos-OutputFileMap.json
[        ] WriteAuxiliaryFile /Users/andreea/StudioProjects/Flutter_Project/build/macos/Build/Intermediates.noindex/Pods.build/Debug/file_selector_macos.build/Objects-normal/arm64/e6072d4f65d7061329687fe24e3d63a7-common-args.resp (in target 'file_selector_macos' from project 'Pods')
[        ]     cd /Users/andreea/StudioProjects/Flutter_Project/macos/Pods
[        ]     write-file /Users/andreea/StudioProjects/Flutter_Project/build/macos/Build/Intermediates.noindex/Pods.build/Debug/file_selector_macos.build/Objects-normal/arm64/e6072d4f65d7061329687fe24e3d63a7-common-args.resp
[        ] -target arm64-apple-macos10.14 '-std=gnu11' -fobjc-arc -fmodules -gmodules '-fmodules-cache-path=/Users/andreea/StudioProjects/Flutter_Project/build/macos/ModuleCache.noindex' '-fmodule-name=file_selector_macos' -fpascal-strings -O0 -fno-common '-DPOD_CONFIGURATION_DEBUG=1' '-DDEBUG=1' '-DCOCOAPODS=1' '-DOBJC_OLD_DISPATCH_PROTOTYPES=0' -isysroot /Applications/Xcode.app/Contents/Developer/Platforms/MacOSX.platform/Developer/SDKs/MacOSX15.4.sdk -g -iquote /Users/andreea/StudioProjects/Flutter_Project/build/macos/Build/Intermediates.noindex/Pods.build/Debug/file_selector_macos.build/file_selector_macos-generated-files.hmap -I/Users/andreea/StudioProjects/Flutter_Project/build/macos/Build/Intermediates.noindex/Pods.build/Debug/file_selector_macos.build/file_selector_macos-own-target-headers.hmap -I/Users/andreea/StudioProjects/Flutter_Project/build/macos/Build/Intermediates.noindex/Pods.build/Debug/file_selector_macos.build/file_selector_macos-all-non-framework-target-headers.hmap -ivfsoverlay /Users/andreea/StudioProjects/Flutter_Project/build/macos/Build/Intermediates.noindex/Pods.build/Debug/Pods-8699adb1dd336b26511df848a716bd42-VFS/all-product-headers.yaml -iquote /Users/andreea/StudioProjects/Flutter_Project/build/macos/Build/Intermediates.noindex/Pods.build/Debug/file_selector_macos.build/file_selector_macos-project-headers.hmap -I/Users/andreea/StudioProjects/Flutter_Project/build/macos/Build/Products/Debug/file_selector_macos/include -I/Users/andreea/StudioProjects/Flutter_Project/build/macos/Build/Intermediates.noindex/Pods.build/Debug/file_selector_macos.build/DerivedSources-normal/arm64 -I/Users/andreea/StudioProjects/Flutter_Project/build/macos/Build/Intermediates.noindex/Pods.build/Debug/file_selector_macos.build/DerivedSources/arm64 -I/Users/andreea/StudioProjects/Flutter_Project/build/macos/Build/Intermediates.noindex/Pods.build/Debug/file_selector_macos.build/DerivedSources -F/Users/andreea/StudioProjects/Flutter_Project/build/macos/Build/Products/Debug/file_selector_macos -F/Users/andreea/StudioProjects/development/flutter_honoo/bin/cache/artifacts/engine/darwin-x64
[        ] WriteAuxiliaryFile /Users/andreea/StudioProjects/Flutter_Project/build/macos/Build/Intermediates.noindex/Pods.build/Debug/file_selector_macos.build/Objects-normal/arm64/7187679823f38a2a940e0043cdf9d637-common-args.resp (in target 'file_selector_macos' from project 'Pods')
[        ]     cd /Users/andreea/StudioProjects/Flutter_Project/macos/Pods
[        ]     write-file /Users/andreea/StudioProjects/Flutter_Project/build/macos/Build/Intermediates.noindex/Pods.build/Debug/file_selector_macos.build/Objects-normal/arm64/7187679823f38a2a940e0043cdf9d637-common-args.resp
[        ] -target arm64-apple-macos10.14 '-std=gnu11' -fmodules -gmodules '-fmodules-cache-path=/Users/andreea/StudioProjects/Flutter_Project/build/macos/ModuleCache.noindex' '-fmodule-name=file_selector_macos' -fpascal-strings -O0 -fno-common '-DPOD_CONFIGURATION_DEBUG=1' '-DDEBUG=1' '-DCOCOAPODS=1' -isysroot /Applications/Xcode.app/Contents/Developer/Platforms/MacOSX.platform/Developer/SDKs/MacOSX15.4.sdk -g -iquote /Users/andreea/StudioProjects/Flutter_Project/build/macos/Build/Intermediates.noindex/Pods.build/Debug/file_selector_macos.build/file_selector_macos-generated-files.hmap -I/Users/andreea/StudioProjects/Flutter_Project/build/macos/Build/Intermediates.noindex/Pods.build/Debug/file_selector_macos.build/file_selector_macos-own-target-headers.hmap -I/Users/andreea/StudioProjects/Flutter_Project/build/macos/Build/Intermediates.noindex/Pods.build/Debug/file_selector_macos.build/file_selector_macos-all-non-framework-target-headers.hmap -ivfsoverlay /Users/andreea/StudioProjects/Flutter_Project/build/macos/Build/Intermediates.noindex/Pods.build/Debug/Pods-8699adb1dd336b26511df848a716bd42-VFS/all-product-headers.yaml -iquote /Users/andreea/StudioProjects/Flutter_Project/build/macos/Build/Intermediates.noindex/Pods.build/Debug/file_selector_macos.build/file_selector_macos-project-headers.hmap -I/Users/andreea/StudioProjects/Flutter_Project/build/macos/Build/Products/Debug/file_selector_macos/include -I/Users/andreea/StudioProjects/Flutter_Project/build/macos/Build/Intermediates.noindex/Pods.build/Debug/file_selector_macos.build/DerivedSources-normal/arm64 -I/Users/andreea/StudioProjects/Flutter_Project/build/macos/Build/Intermediates.noindex/Pods.build/Debug/file_selector_macos.build/DerivedSources/arm64 -I/Users/andreea/StudioProjects/Flutter_Project/build/macos/Build/Intermediates.noindex/Pods.build/Debug/file_selector_macos.build/DerivedSources -F/Users/andreea/StudioProjects/Flutter_Project/build/macos/Build/Products/Debug/file_selector_macos -F/Users/andreea/StudioProjects/development/flutter_honoo/bin/cache/artifacts/engine/darwin-x64
[        ] WriteAuxiliaryFile /Users/andreea/StudioProjects/Flutter_Project/build/macos/Build/Intermediates.noindex/Pods.build/Debug/file_selector_macos.build/DerivedSources/file_selector_macos_vers.c (in target 'file_selector_macos' from project 'Pods')
[        ]     cd /Users/andreea/StudioProjects/Flutter_Project/macos/Pods
[        ]     write-file /Users/andreea/StudioProjects/Flutter_Project/build/macos/Build/Intermediates.noindex/Pods.build/Debug/file_selector_macos.build/DerivedSources/file_selector_macos_vers.c
[        ] CpHeader /Users/andreea/StudioProjects/Flutter_Project/build/macos/Build/Products/Debug/file_selector_macos/file_selector_macos.framework/Versions/A/Headers/file_selector_macos-umbrella.h /Users/andreea/StudioProjects/Flutter_Project/macos/Pods/Target\ Support\ Files/file_selector_macos/file_selector_macos-umbrella.h (in target 'file_selector_macos' from project 'Pods')
[        ]     cd /Users/andreea/StudioProjects/Flutter_Project/macos/Pods
[        ]     builtin-copy -exclude .DS_Store -exclude CVS -exclude .svn -exclude .git -exclude .hg -resolve-src-symlinks /Users/andreea/StudioProjects/Flutter_Project/macos/Pods/Target\ Support\ Files/file_selector_macos/file_selector_macos-umbrella.h /Users/andreea/StudioProjects/Flutter_Project/build/macos/Build/Products/Debug/file_selector_macos/file_selector_macos.framework/Versions/A/Headers
[        ] Concatenate /Users/andreea/StudioProjects/Flutter_Project/build/macos/Build/Intermediates.noindex/Pods.build/Debug/file_selector_macos.build/unextended-module.modulemap /Users/andreea/StudioProjects/Flutter_Project/macos/Pods/Target\ Support\ Files/file_selector_macos/file_selector_macos.modulemap /Users/andreea/StudioProjects/Flutter_Project/build/macos/Build/Intermediates.noindex/Pods.build/Debug/file_selector_macos.build/unextended-module-swiftunextension.modulemap (in target 'file_selector_macos' from project 'Pods')
[        ]     cd /Users/andreea/StudioProjects/Flutter_Project/macos/Pods
[        ]     builtin-concatenate /Users/andreea/StudioProjects/Flutter_Project/build/macos/Build/Intermediates.noindex/Pods.build/Debug/file_selector_macos.build/unextended-module.modulemap /Users/andreea/StudioProjects/Flutter_Project/macos/Pods/Target\ Support\ Files/file_selector_macos/file_selector_macos.modulemap /Users/andreea/StudioProjects/Flutter_Project/build/macos/Build/Intermediates.noindex/Pods.build/Debug/file_selector_macos.build/unextended-module-swiftunextension.modulemap
[        ] Concatenate /Users/andreea/StudioProjects/Flutter_Project/build/macos/Build/Intermediates.noindex/Pods.build/Debug/file_selector_macos.build/module.modulemap /Users/andreea/StudioProjects/Flutter_Project/macos/Pods/Target\ Support\ Files/file_selector_macos/file_selector_macos.modulemap /Users/andreea/StudioProjects/Flutter_Project/build/macos/Build/Intermediates.noindex/Pods.build/Debug/file_selector_macos.build/module-swiftextension.modulemap (in target 'file_selector_macos' from project 'Pods')
[        ]     cd /Users/andreea/StudioProjects/Flutter_Project/macos/Pods
[        ]     builtin-concatenate /Users/andreea/StudioProjects/Flutter_Project/build/macos/Build/Intermediates.noindex/Pods.build/Debug/file_selector_macos.build/module.modulemap /Users/andreea/StudioProjects/Flutter_Project/macos/Pods/Target\ Support\ Files/file_selector_macos/file_selector_macos.modulemap /Users/andreea/StudioProjects/Flutter_Project/build/macos/Build/Intermediates.noindex/Pods.build/Debug/file_selector_macos.build/module-swiftextension.modulemap
[        ] WriteAuxiliaryFile /Users/andreea/StudioProjects/Flutter_Project/build/macos/Build/Intermediates.noindex/Pods.build/Debug/app_links.build/unextended-module-swiftunextension.modulemap (in target 'app_links' from project 'Pods')
[        ]     cd /Users/andreea/StudioProjects/Flutter_Project/macos/Pods
[        ]     write-file /Users/andreea/StudioProjects/Flutter_Project/build/macos/Build/Intermediates.noindex/Pods.build/Debug/app_links.build/unextended-module-swiftunextension.modulemap
[        ] WriteAuxiliaryFile /Users/andreea/StudioProjects/Flutter_Project/build/macos/Build/Intermediates.noindex/Pods.build/Debug/app_links.build/unextended-module-overlay.yaml (in target 'app_links' from project 'Pods')
[        ]     cd /Users/andreea/StudioProjects/Flutter_Project/macos/Pods
[        ]     write-file /Users/andreea/StudioProjects/Flutter_Project/build/macos/Build/Intermediates.noindex/Pods.build/Debug/app_links.build/unextended-module-overlay.yaml
[        ] WriteAuxiliaryFile /Users/andreea/StudioProjects/Flutter_Project/build/macos/Build/Intermediates.noindex/Pods.build/Debug/app_links.build/module-swiftextension.modulemap (in target 'app_links' from project 'Pods')
[        ]     cd /Users/andreea/StudioProjects/Flutter_Project/macos/Pods
[        ]     write-file /Users/andreea/StudioProjects/Flutter_Project/build/macos/Build/Intermediates.noindex/Pods.build/Debug/app_links.build/module-swiftextension.modulemap
[        ] WriteAuxiliaryFile /Users/andreea/StudioProjects/Flutter_Project/build/macos/Build/Intermediates.noindex/Pods.build/Debug/app_links.build/app_links.hmap (in target 'app_links' from project 'Pods')
[        ]     cd /Users/andreea/StudioProjects/Flutter_Project/macos/Pods
[        ]     write-file /Users/andreea/StudioProjects/Flutter_Project/build/macos/Build/Intermediates.noindex/Pods.build/Debug/app_links.build/app_links.hmap
[        ] WriteAuxiliaryFile /Users/andreea/StudioProjects/Flutter_Project/build/macos/Build/Intermediates.noindex/Pods.build/Debug/app_links.build/app_links.DependencyStaticMetadataFileList (in target 'app_links' from project 'Pods')
[        ]     cd /Users/andreea/StudioProjects/Flutter_Project/macos/Pods
[        ]     write-file /Users/andreea/StudioProjects/Flutter_Project/build/macos/Build/Intermediates.noindex/Pods.build/Debug/app_links.build/app_links.DependencyStaticMetadataFileList
[        ] Copy /Users/andreea/StudioProjects/Flutter_Project/build/macos/Build/Products/Debug/file_selector_macos/file_selector_macos.framework/Versions/A/Modules/module.modulemap /Users/andreea/StudioProjects/Flutter_Project/build/macos/Build/Intermediates.noindex/Pods.build/Debug/file_selector_macos.build/module.modulemap (in target 'file_selector_macos' from project 'Pods')
[        ]     cd /Users/andreea/StudioProjects/Flutter_Project/macos/Pods
[        ]     builtin-copy -exclude .DS_Store -exclude CVS -exclude .svn -exclude .git -exclude .hg -resolve-src-symlinks /Users/andreea/StudioProjects/Flutter_Project/build/macos/Build/Intermediates.noindex/Pods.build/Debug/file_selector_macos.build/module.modulemap /Users/andreea/StudioProjects/Flutter_Project/build/macos/Build/Products/Debug/file_selector_macos/file_selector_macos.framework/Versions/A/Modules
[        ] WriteAuxiliaryFile /Users/andreea/StudioProjects/Flutter_Project/build/macos/Build/Intermediates.noindex/Pods.build/Debug/app_links.build/app_links.DependencyMetadataFileList (in target 'app_links' from project 'Pods')
[        ]     cd /Users/andreea/StudioProjects/Flutter_Project/macos/Pods
[        ]     write-file /Users/andreea/StudioProjects/Flutter_Project/build/macos/Build/Intermediates.noindex/Pods.build/Debug/app_links.build/app_links.DependencyMetadataFileList
[        ] WriteAuxiliaryFile /Users/andreea/StudioProjects/Flutter_Project/build/macos/Build/Intermediates.noindex/Pods.build/Debug/app_links.build/app_links-project-headers.hmap (in target 'app_links' from project 'Pods')
[        ]     cd /Users/andreea/StudioProjects/Flutter_Project/macos/Pods
[        ]     write-file /Users/andreea/StudioProjects/Flutter_Project/build/macos/Build/Intermediates.noindex/Pods.build/Debug/app_links.build/app_links-project-headers.hmap
[        ] WriteAuxiliaryFile /Users/andreea/StudioProjects/Flutter_Project/build/macos/Build/Intermediates.noindex/Pods.build/Debug/app_links.build/app_links-own-target-headers.hmap (in target 'app_links' from project 'Pods')
[        ]     cd /Users/andreea/StudioProjects/Flutter_Project/macos/Pods
[        ]     write-file /Users/andreea/StudioProjects/Flutter_Project/build/macos/Build/Intermediates.noindex/Pods.build/Debug/app_links.build/app_links-own-target-headers.hmap
[        ] WriteAuxiliaryFile /Users/andreea/StudioProjects/Flutter_Project/build/macos/Build/Intermediates.noindex/Pods.build/Debug/app_links.build/app_links-generated-files.hmap (in target 'app_links' from project 'Pods')
[        ]     cd /Users/andreea/StudioProjects/Flutter_Project/macos/Pods
[        ]     write-file /Users/andreea/StudioProjects/Flutter_Project/build/macos/Build/Intermediates.noindex/Pods.build/Debug/app_links.build/app_links-generated-files.hmap
[        ] WriteAuxiliaryFile /Users/andreea/StudioProjects/Flutter_Project/build/macos/Build/Intermediates.noindex/Pods.build/Debug/app_links.build/app_links-all-target-headers.hmap (in target 'app_links' from project 'Pods')
[        ]     cd /Users/andreea/StudioProjects/Flutter_Project/macos/Pods
[        ]     write-file /Users/andreea/StudioProjects/Flutter_Project/build/macos/Build/Intermediates.noindex/Pods.build/Debug/app_links.build/app_links-all-target-headers.hmap
[        ] WriteAuxiliaryFile /Users/andreea/StudioProjects/Flutter_Project/build/macos/Build/Intermediates.noindex/Pods.build/Debug/app_links.build/app_links-all-non-framework-target-headers.hmap (in target 'app_links' from project 'Pods')
[        ]     cd /Users/andreea/StudioProjects/Flutter_Project/macos/Pods
[        ]     write-file /Users/andreea/StudioProjects/Flutter_Project/build/macos/Build/Intermediates.noindex/Pods.build/Debug/app_links.build/app_links-all-non-framework-target-headers.hmap
[        ] WriteAuxiliaryFile /Users/andreea/StudioProjects/Flutter_Project/build/macos/Build/Intermediates.noindex/Pods.build/Debug/app_links.build/Objects-normal/arm64/e6072d4f65d7061329687fe24e3d63a7-common-args.resp (in target 'app_links' from project 'Pods')
[        ]     cd /Users/andreea/StudioProjects/Flutter_Project/macos/Pods
[        ]     write-file /Users/andreea/StudioProjects/Flutter_Project/build/macos/Build/Intermediates.noindex/Pods.build/Debug/app_links.build/Objects-normal/arm64/e6072d4f65d7061329687fe24e3d63a7-common-args.resp
[        ] -target arm64-apple-macos10.14 '-std=gnu11' -fobjc-arc -fmodules -gmodules '-fmodules-cache-path=/Users/andreea/StudioProjects/Flutter_Project/build/macos/ModuleCache.noindex' '-fmodule-name=app_links' -fpascal-strings -O0 -fno-common '-DPOD_CONFIGURATION_DEBUG=1' '-DDEBUG=1' '-DCOCOAPODS=1' '-DOBJC_OLD_DISPATCH_PROTOTYPES=0' -isysroot /Applications/Xcode.app/Contents/Developer/Platforms/MacOSX.platform/Developer/SDKs/MacOSX15.4.sdk -g -iquote /Users/andreea/StudioProjects/Flutter_Project/build/macos/Build/Intermediates.noindex/Pods.build/Debug/app_links.build/app_links-generated-files.hmap -I/Users/andreea/StudioProjects/Flutter_Project/build/macos/Build/Intermediates.noindex/Pods.build/Debug/app_links.build/app_links-own-target-headers.hmap -I/Users/andreea/StudioProjects/Flutter_Project/build/macos/Build/Intermediates.noindex/Pods.build/Debug/app_links.build/app_links-all-non-framework-target-headers.hmap -ivfsoverlay /Users/andreea/StudioProjects/Flutter_Project/build/macos/Build/Intermediates.noindex/Pods.build/Debug/Pods-8699adb1dd336b26511df848a716bd42-VFS/all-product-headers.yaml -iquote /Users/andreea/StudioProjects/Flutter_Project/build/macos/Build/Intermediates.noindex/Pods.build/Debug/app_links.build/app_links-project-headers.hmap -I/Users/andreea/StudioProjects/Flutter_Project/build/macos/Build/Products/Debug/app_links/include -I/Users/andreea/StudioProjects/Flutter_Project/build/macos/Build/Intermediates.noindex/Pods.build/Debug/app_links.build/DerivedSources-normal/arm64 -I/Users/andreea/StudioProjects/Flutter_Project/build/macos/Build/Intermediates.noindex/Pods.build/Debug/app_links.build/DerivedSources/arm64 -I/Users/andreea/StudioProjects/Flutter_Project/build/macos/Build/Intermediates.noindex/Pods.build/Debug/app_links.build/DerivedSources -F/Users/andreea/StudioProjects/Flutter_Project/build/macos/Build/Products/Debug/app_links -F/Users/andreea/StudioProjects/development/flutter_honoo/bin/cache/artifacts/engine/darwin-x64
[        ] WriteAuxiliaryFile /Users/andreea/StudioProjects/Flutter_Project/build/macos/Build/Intermediates.noindex/Pods.build/Debug/app_links.build/Objects-normal/arm64/app_links_const_extract_protocols.json (in target 'app_links' from project 'Pods')
[        ]     cd /Users/andreea/StudioProjects/Flutter_Project/macos/Pods
[        ]     write-file /Users/andreea/StudioProjects/Flutter_Project/build/macos/Build/Intermediates.noindex/Pods.build/Debug/app_links.build/Objects-normal/arm64/app_links_const_extract_protocols.json
[        ] WriteAuxiliaryFile /Users/andreea/StudioProjects/Flutter_Project/build/macos/Build/Intermediates.noindex/Pods.build/Debug/app_links.build/Objects-normal/arm64/app_links.SwiftFileList (in target 'app_links' from project 'Pods')
[        ]     cd /Users/andreea/StudioProjects/Flutter_Project/macos/Pods
[        ]     write-file /Users/andreea/StudioProjects/Flutter_Project/build/macos/Build/Intermediates.noindex/Pods.build/Debug/app_links.build/Objects-normal/arm64/app_links.SwiftFileList
[        ] WriteAuxiliaryFile /Users/andreea/StudioProjects/Flutter_Project/build/macos/Build/Intermediates.noindex/Pods.build/Debug/app_links.build/Objects-normal/arm64/app_links.SwiftConstValuesFileList (in target 'app_links' from project 'Pods')
[        ]     cd /Users/andreea/StudioProjects/Flutter_Project/macos/Pods
[        ]     write-file /Users/andreea/StudioProjects/Flutter_Project/build/macos/Build/Intermediates.noindex/Pods.build/Debug/app_links.build/Objects-normal/arm64/app_links.SwiftConstValuesFileList
[        ] WriteAuxiliaryFile /Users/andreea/StudioProjects/Flutter_Project/build/macos/Build/Intermediates.noindex/Pods.build/Debug/app_links.build/Objects-normal/arm64/app_links.LinkFileList (in target 'app_links' from project 'Pods')
[        ]     cd /Users/andreea/StudioProjects/Flutter_Project/macos/Pods
[        ]     write-file /Users/andreea/StudioProjects/Flutter_Project/build/macos/Build/Intermediates.noindex/Pods.build/Debug/app_links.build/Objects-normal/arm64/app_links.LinkFileList
[        ] WriteAuxiliaryFile /Users/andreea/StudioProjects/Flutter_Project/build/macos/Build/Intermediates.noindex/Pods.build/Debug/app_links.build/Objects-normal/arm64/app_links-OutputFileMap.json (in target 'app_links' from project 'Pods')
[        ]     cd /Users/andreea/StudioProjects/Flutter_Project/macos/Pods
[        ]     write-file /Users/andreea/StudioProjects/Flutter_Project/build/macos/Build/Intermediates.noindex/Pods.build/Debug/app_links.build/Objects-normal/arm64/app_links-OutputFileMap.json
[        ] WriteAuxiliaryFile /Users/andreea/StudioProjects/Flutter_Project/build/macos/Build/Intermediates.noindex/Pods.build/Debug/app_links.build/Objects-normal/arm64/7187679823f38a2a940e0043cdf9d637-common-args.resp (in target 'app_links' from project 'Pods')
[        ]     cd /Users/andreea/StudioProjects/Flutter_Project/macos/Pods
[        ]     write-file /Users/andreea/StudioProjects/Flutter_Project/build/macos/Build/Intermediates.noindex/Pods.build/Debug/app_links.build/Objects-normal/arm64/7187679823f38a2a940e0043cdf9d637-common-args.resp
[        ] -target arm64-apple-macos10.14 '-std=gnu11' -fmodules -gmodules '-fmodules-cache-path=/Users/andreea/StudioProjects/Flutter_Project/build/macos/ModuleCache.noindex' '-fmodule-name=app_links' -fpascal-strings -O0 -fno-common '-DPOD_CONFIGURATION_DEBUG=1' '-DDEBUG=1' '-DCOCOAPODS=1' -isysroot /Applications/Xcode.app/Contents/Developer/Platforms/MacOSX.platform/Developer/SDKs/MacOSX15.4.sdk -g -iquote /Users/andreea/StudioProjects/Flutter_Project/build/macos/Build/Intermediates.noindex/Pods.build/Debug/app_links.build/app_links-generated-files.hmap -I/Users/andreea/StudioProjects/Flutter_Project/build/macos/Build/Intermediates.noindex/Pods.build/Debug/app_links.build/app_links-own-target-headers.hmap -I/Users/andreea/StudioProjects/Flutter_Project/build/macos/Build/Intermediates.noindex/Pods.build/Debug/app_links.build/app_links-all-non-framework-target-headers.hmap -ivfsoverlay /Users/andreea/StudioProjects/Flutter_Project/build/macos/Build/Intermediates.noindex/Pods.build/Debug/Pods-8699adb1dd336b26511df848a716bd42-VFS/all-product-headers.yaml -iquote /Users/andreea/StudioProjects/Flutter_Project/build/macos/Build/Intermediates.noindex/Pods.build/Debug/app_links.build/app_links-project-headers.hmap -I/Users/andreea/StudioProjects/Flutter_Project/build/macos/Build/Products/Debug/app_links/include -I/Users/andreea/StudioProjects/Flutter_Project/build/macos/Build/Intermediates.noindex/Pods.build/Debug/app_links.build/DerivedSources-normal/arm64 -I/Users/andreea/StudioProjects/Flutter_Project/build/macos/Build/Intermediates.noindex/Pods.build/Debug/app_links.build/DerivedSources/arm64 -I/Users/andreea/StudioProjects/Flutter_Project/build/macos/Build/Intermediates.noindex/Pods.build/Debug/app_links.build/DerivedSources -F/Users/andreea/StudioProjects/Flutter_Project/build/macos/Build/Products/Debug/app_links -F/Users/andreea/StudioProjects/development/flutter_honoo/bin/cache/artifacts/engine/darwin-x64
[        ] WriteAuxiliaryFile /Users/andreea/StudioProjects/Flutter_Project/build/macos/Build/Intermediates.noindex/Pods.build/Debug/app_links.build/DerivedSources/app_links_vers.c (in target 'app_links' from project 'Pods')
[        ]     cd /Users/andreea/StudioProjects/Flutter_Project/macos/Pods
[        ]     write-file /Users/andreea/StudioProjects/Flutter_Project/build/macos/Build/Intermediates.noindex/Pods.build/Debug/app_links.build/DerivedSources/app_links_vers.c
[        ] Concatenate /Users/andreea/StudioProjects/Flutter_Project/build/macos/Build/Intermediates.noindex/Pods.build/Debug/app_links.build/unextended-module.modulemap /Users/andreea/StudioProjects/Flutter_Project/macos/Pods/Target\ Support\ Files/app_links/app_links.modulemap /Users/andreea/StudioProjects/Flutter_Project/build/macos/Build/Intermediates.noindex/Pods.build/Debug/app_links.build/unextended-module-swiftunextension.modulemap (in target 'app_links' from project 'Pods')
[        ]     cd /Users/andreea/StudioProjects/Flutter_Project/macos/Pods
[        ]     builtin-concatenate /Users/andreea/StudioProjects/Flutter_Project/build/macos/Build/Intermediates.noindex/Pods.build/Debug/app_links.build/unextended-module.modulemap /Users/andreea/StudioProjects/Flutter_Project/macos/Pods/Target\ Support\ Files/app_links/app_links.modulemap /Users/andreea/StudioProjects/Flutter_Project/build/macos/Build/Intermediates.noindex/Pods.build/Debug/app_links.build/unextended-module-swiftunextension.modulemap
[        ] CpHeader /Users/andreea/StudioProjects/Flutter_Project/build/macos/Build/Products/Debug/app_links/app_links.framework/Versions/A/Headers/app_links-umbrella.h /Users/andreea/StudioProjects/Flutter_Project/macos/Pods/Target\ Support\ Files/app_links/app_links-umbrella.h (in target 'app_links' from project 'Pods')
[        ]     cd /Users/andreea/StudioProjects/Flutter_Project/macos/Pods
[        ]     builtin-copy -exclude .DS_Store -exclude CVS -exclude .svn -exclude .git -exclude .hg -resolve-src-symlinks /Users/andreea/StudioProjects/Flutter_Project/macos/Pods/Target\ Support\ Files/app_links/app_links-umbrella.h /Users/andreea/StudioProjects/Flutter_Project/build/macos/Build/Products/Debug/app_links/app_links.framework/Versions/A/Headers
[        ] Concatenate /Users/andreea/StudioProjects/Flutter_Project/build/macos/Build/Intermediates.noindex/Pods.build/Debug/app_links.build/module.modulemap /Users/andreea/StudioProjects/Flutter_Project/macos/Pods/Target\ Support\ Files/app_links/app_links.modulemap /Users/andreea/StudioProjects/Flutter_Project/build/macos/Build/Intermediates.noindex/Pods.build/Debug/app_links.build/module-swiftextension.modulemap (in target 'app_links' from project 'Pods')
[        ]     cd /Users/andreea/StudioProjects/Flutter_Project/macos/Pods
[        ]     builtin-concatenate /Users/andreea/StudioProjects/Flutter_Project/build/macos/Build/Intermediates.noindex/Pods.build/Debug/app_links.build/module.modulemap /Users/andreea/StudioProjects/Flutter_Project/macos/Pods/Target\ Support\ Files/app_links/app_links.modulemap /Users/andreea/StudioProjects/Flutter_Project/build/macos/Build/Intermediates.noindex/Pods.build/Debug/app_links.build/module-swiftextension.modulemap
[        ] SymLink /Users/andreea/StudioProjects/Flutter_Project/build/macos/Build/Products/Debug/file_selector_macos/file_selector_macos.framework/Versions/Current A (in target 'file_selector_macos' from project 'Pods')
[        ]     cd /Users/andreea/StudioProjects/Flutter_Project/macos/Pods
[        ]     /bin/ln -sfh A /Users/andreea/StudioProjects/Flutter_Project/build/macos/Build/Products/Debug/file_selector_macos/file_selector_macos.framework/Versions/Current
[        ] SymLink /Users/andreea/StudioProjects/Flutter_Project/build/macos/Build/Products/Debug/file_selector_macos/file_selector_macos.framework/file_selector_macos Versions/Current/file_selector_macos (in target 'file_selector_macos' from project 'Pods')
[        ]     cd /Users/andreea/StudioProjects/Flutter_Project/macos/Pods
[        ]     /bin/ln -sfh Versions/Current/file_selector_macos /Users/andreea/StudioProjects/Flutter_Project/build/macos/Build/Products/Debug/file_selector_macos/file_selector_macos.framework/file_selector_macos
[        ] SymLink /Users/andreea/StudioProjects/Flutter_Project/build/macos/Build/Products/Debug/file_selector_macos/file_selector_macos.framework/Resources Versions/Current/Resources (in target 'file_selector_macos' from project 'Pods')
[        ]     cd /Users/andreea/StudioProjects/Flutter_Project/macos/Pods
[        ]     /bin/ln -sfh Versions/Current/Resources /Users/andreea/StudioProjects/Flutter_Project/build/macos/Build/Products/Debug/file_selector_macos/file_selector_macos.framework/Resources
[        ] SymLink /Users/andreea/StudioProjects/Flutter_Project/build/macos/Build/Products/Debug/file_selector_macos/file_selector_macos.framework/Modules Versions/Current/Modules (in target 'file_selector_macos' from project 'Pods')
[        ]     cd /Users/andreea/StudioProjects/Flutter_Project/macos/Pods
[        ]     /bin/ln -sfh Versions/Current/Modules /Users/andreea/StudioProjects/Flutter_Project/build/macos/Build/Products/Debug/file_selector_macos/file_selector_macos.framework/Modules
[        ] SymLink /Users/andreea/StudioProjects/Flutter_Project/build/macos/Build/Products/Debug/file_selector_macos/file_selector_macos.framework/Headers Versions/Current/Headers (in target 'file_selector_macos' from project 'Pods')
[        ]     cd /Users/andreea/StudioProjects/Flutter_Project/macos/Pods
[        ]     /bin/ln -sfh Versions/Current/Headers /Users/andreea/StudioProjects/Flutter_Project/build/macos/Build/Products/Debug/file_selector_macos/file_selector_macos.framework/Headers
[        ] MkDir /Users/andreea/StudioProjects/Flutter_Project/build/macos/Build/Products/Debug/file_selector_macos/file_selector_macos.framework/Versions/A/Resources (in target 'file_selector_macos' from project 'Pods')
[        ]     cd /Users/andreea/StudioProjects/Flutter_Project/macos/Pods
[        ]     /bin/mkdir -p /Users/andreea/StudioProjects/Flutter_Project/build/macos/Build/Products/Debug/file_selector_macos/file_selector_macos.framework/Versions/A/Resources
[        ] MkDir /Users/andreea/StudioProjects/Flutter_Project/build/macos/Build/Products/Debug/file_selector_macos/file_selector_macos.framework/Versions/A/Headers (in target 'file_selector_macos' from project 'Pods')
[        ]     cd /Users/andreea/StudioProjects/Flutter_Project/macos/Pods
[        ]     /bin/mkdir -p /Users/andreea/StudioProjects/Flutter_Project/build/macos/Build/Products/Debug/file_selector_macos/file_selector_macos.framework/Versions/A/Headers
[        ] MkDir /Users/andreea/StudioProjects/Flutter_Project/build/macos/Build/Products/Debug/file_selector_macos/file_selector_macos.framework/Versions/A (in target 'file_selector_macos' from project 'Pods')
[        ]     cd /Users/andreea/StudioProjects/Flutter_Project/macos/Pods
[        ]     /bin/mkdir -p /Users/andreea/StudioProjects/Flutter_Project/build/macos/Build/Products/Debug/file_selector_macos/file_selector_macos.framework/Versions/A
[        ] MkDir /Users/andreea/StudioProjects/Flutter_Project/build/macos/Build/Products/Debug/file_selector_macos/file_selector_macos.framework/Versions (in target 'file_selector_macos' from project 'Pods')
[        ]     cd /Users/andreea/StudioProjects/Flutter_Project/macos/Pods
[        ]     /bin/mkdir -p /Users/andreea/StudioProjects/Flutter_Project/build/macos/Build/Products/Debug/file_selector_macos/file_selector_macos.framework/Versions
[        ] MkDir /Users/andreea/StudioProjects/Flutter_Project/build/macos/Build/Products/Debug/file_selector_macos/file_selector_macos.framework (in target 'file_selector_macos' from project 'Pods')
[        ]     cd /Users/andreea/StudioProjects/Flutter_Project/macos/Pods
[        ]     /bin/mkdir -p /Users/andreea/StudioProjects/Flutter_Project/build/macos/Build/Products/Debug/file_selector_macos/file_selector_macos.framework
[        ] SymLink /Users/andreea/StudioProjects/Flutter_Project/build/macos/Build/Products/Debug/app_links/app_links.framework/app_links Versions/Current/app_links (in target 'app_links' from project 'Pods')
[        ]     cd /Users/andreea/StudioProjects/Flutter_Project/macos/Pods
[        ]     /bin/ln -sfh Versions/Current/app_links /Users/andreea/StudioProjects/Flutter_Project/build/macos/Build/Products/Debug/app_links/app_links.framework/app_links
[        ] SymLink /Users/andreea/StudioProjects/Flutter_Project/build/macos/Build/Products/Debug/app_links/app_links.framework/Versions/Current A (in target 'app_links' from project 'Pods')
[        ]     cd /Users/andreea/StudioProjects/Flutter_Project/macos/Pods
[        ]     /bin/ln -sfh A /Users/andreea/StudioProjects/Flutter_Project/build/macos/Build/Products/Debug/app_links/app_links.framework/Versions/Current
[        ] SymLink /Users/andreea/StudioProjects/Flutter_Project/build/macos/Build/Products/Debug/app_links/app_links.framework/Resources Versions/Current/Resources (in target 'app_links' from project 'Pods')
[        ]     cd /Users/andreea/StudioProjects/Flutter_Project/macos/Pods
[        ]     /bin/ln -sfh Versions/Current/Resources /Users/andreea/StudioProjects/Flutter_Project/build/macos/Build/Products/Debug/app_links/app_links.framework/Resources
[        ] SymLink /Users/andreea/StudioProjects/Flutter_Project/build/macos/Build/Products/Debug/app_links/app_links.framework/Modules Versions/Current/Modules (in target 'app_links' from project 'Pods')
[        ]     cd /Users/andreea/StudioProjects/Flutter_Project/macos/Pods
[        ]     /bin/ln -sfh Versions/Current/Modules /Users/andreea/StudioProjects/Flutter_Project/build/macos/Build/Products/Debug/app_links/app_links.framework/Modules
[        ] SymLink /Users/andreea/StudioProjects/Flutter_Project/build/macos/Build/Products/Debug/app_links/app_links.framework/Headers Versions/Current/Headers (in target 'app_links' from project 'Pods')
[        ]     cd /Users/andreea/StudioProjects/Flutter_Project/macos/Pods
[        ]     /bin/ln -sfh Versions/Current/Headers /Users/andreea/StudioProjects/Flutter_Project/build/macos/Build/Products/Debug/app_links/app_links.framework/Headers
[        ] MkDir /Users/andreea/StudioProjects/Flutter_Project/build/macos/Build/Products/Debug/app_links/app_links.framework/Versions/A/Resources (in target 'app_links' from project 'Pods')
[        ]     cd /Users/andreea/StudioProjects/Flutter_Project/macos/Pods
[        ]     /bin/mkdir -p /Users/andreea/StudioProjects/Flutter_Project/build/macos/Build/Products/Debug/app_links/app_links.framework/Versions/A/Resources
[        ] MkDir /Users/andreea/StudioProjects/Flutter_Project/build/macos/Build/Products/Debug/app_links/app_links.framework/Versions/A/Headers (in target 'app_links' from project 'Pods')
[        ]     cd /Users/andreea/StudioProjects/Flutter_Project/macos/Pods
[        ]     /bin/mkdir -p /Users/andreea/StudioProjects/Flutter_Project/build/macos/Build/Products/Debug/app_links/app_links.framework/Versions/A/Headers
[        ] MkDir /Users/andreea/StudioProjects/Flutter_Project/build/macos/Build/Products/Debug/app_links/app_links.framework/Versions/A (in target 'app_links' from project 'Pods')
[        ]     cd /Users/andreea/StudioProjects/Flutter_Project/macos/Pods
[        ]     /bin/mkdir -p /Users/andreea/StudioProjects/Flutter_Project/build/macos/Build/Products/Debug/app_links/app_links.framework/Versions/A
[        ] MkDir /Users/andreea/StudioProjects/Flutter_Project/build/macos/Build/Products/Debug/app_links/app_links.framework/Versions (in target 'app_links' from project 'Pods')
[        ]     cd /Users/andreea/StudioProjects/Flutter_Project/macos/Pods
[        ]     /bin/mkdir -p /Users/andreea/StudioProjects/Flutter_Project/build/macos/Build/Products/Debug/app_links/app_links.framework/Versions
[        ] MkDir /Users/andreea/StudioProjects/Flutter_Project/build/macos/Build/Products/Debug/app_links/app_links.framework (in target 'app_links' from project 'Pods')
[        ]     cd /Users/andreea/StudioProjects/Flutter_Project/macos/Pods
[        ]     /bin/mkdir -p /Users/andreea/StudioProjects/Flutter_Project/build/macos/Build/Products/Debug/app_links/app_links.framework
[        ] ProcessInfoPlistFile /Users/andreea/StudioProjects/Flutter_Project/build/macos/Build/Products/Debug/app_links/app_links.framework/Versions/A/Resources/Info.plist /Users/andreea/StudioProjects/Flutter_Project/macos/Pods/Target\ Support\ Files/app_links/app_links-Info.plist (in target 'app_links' from project 'Pods')
[        ]     cd /Users/andreea/StudioProjects/Flutter_Project/macos/Pods
[        ]     builtin-infoPlistUtility /Users/andreea/StudioProjects/Flutter_Project/macos/Pods/Target\ Support\ Files/app_links/app_links-Info.plist -producttype com.apple.product-type.framework -expandbuildsettings -platform macosx -o /Users/andreea/StudioProjects/Flutter_Project/build/macos/Build/Products/Debug/app_links/app_links.framework/Versions/A/Resources/Info.plist
[        ] ProcessInfoPlistFile /Users/andreea/StudioProjects/Flutter_Project/build/macos/Build/Products/Debug/file_selector_macos/file_selector_macos.framework/Versions/A/Resources/Info.plist /Users/andreea/StudioProjects/Flutter_Project/macos/Pods/Target\ Support\ Files/file_selector_macos/file_selector_macos-Info.plist (in target 'file_selector_macos' from project 'Pods')
[        ]     cd /Users/andreea/StudioProjects/Flutter_Project/macos/Pods
[        ]     builtin-infoPlistUtility /Users/andreea/StudioProjects/Flutter_Project/macos/Pods/Target\ Support\ Files/file_selector_macos/file_selector_macos-Info.plist -producttype com.apple.product-type.framework -expandbuildsettings -platform macosx -o /Users/andreea/StudioProjects/Flutter_Project/build/macos/Build/Products/Debug/file_selector_macos/file_selector_macos.framework/Versions/A/Resources/Info.plist
[        ] Copy /Users/andreea/StudioProjects/Flutter_Project/build/macos/Build/Products/Debug/app_links/app_links.framework/Versions/A/Modules/module.modulemap /Users/andreea/StudioProjects/Flutter_Project/build/macos/Build/Intermediates.noindex/Pods.build/Debug/app_links.build/module.modulemap (in target 'app_links' from project 'Pods')
[        ]     cd /Users/andreea/StudioProjects/Flutter_Project/macos/Pods
[        ]     builtin-copy -exclude .DS_Store -exclude CVS -exclude .svn -exclude .git -exclude .hg -resolve-src-symlinks /Users/andreea/StudioProjects/Flutter_Project/build/macos/Build/Intermediates.noindex/Pods.build/Debug/app_links.build/module.modulemap /Users/andreea/StudioProjects/Flutter_Project/build/macos/Build/Products/Debug/app_links/app_links.framework/Versions/A/Modules
[        ] SwiftDriver url_launcher_macos normal arm64 com.apple.xcode.tools.swift.compiler (in target 'url_launcher_macos' from project 'Pods')
[        ]     cd /Users/andreea/StudioProjects/Flutter_Project/macos/Pods
[        ]     builtin-SwiftDriver -- /Applications/Xcode.app/Contents/Developer/Toolchains/XcodeDefault.xctoolchain/usr/bin/swiftc -module-name url_launcher_macos -Onone -enforce-exclusivity\=checked @/Users/andreea/StudioProjects/Flutter_Project/build/macos/Build/Intermediates.noindex/Pods.build/Debug/url_launcher_macos.build/Objects-normal/arm64/url_launcher_macos.SwiftFileList -DDEBUG -D COCOAPODS -enable-bare-slash-regex -enable-experimental-feature DebugDescriptionMacro -sdk /Applications/Xcode.app/Contents/Developer/Platforms/MacOSX.platform/Developer/SDKs/MacOSX15.4.sdk -target arm64-apple-macos10.14 -g -module-cache-path /Users/andreea/StudioProjects/Flutter_Project/build/macos/ModuleCache.noindex -Xfrontend -serialize-debugging-options -enable-testing -swift-version 5 -I /Users/andreea/StudioProjects/Flutter_Project/build/macos/Build/Products/Debug/url_launcher_macos -F /Users/andreea/StudioProjects/Flutter_Project/build/macos/Build/Products/Debug/url_launcher_macos -F /Users/andreea/StudioProjects/development/flutter_honoo/bin/cache/artifacts/engine/darwin-x64 -c -j10 -enable-batch-mode -incremental -Xcc -ivfsstatcache -Xcc /Users/andreea/StudioProjects/Flutter_Project/build/macos/SDKStatCaches.noindex/macosx15.4-24E241-88b860576fb364319593bd8fb30666b0.sdkstatcache -output-file-map /Users/andreea/StudioProjects/Flutter_Project/build/macos/Build/Intermediates.noindex/Pods.build/Debug/url_launcher_macos.build/Objects-normal/arm64/url_launcher_macos-OutputFileMap.json -use-frontend-parseable-output -save-temps -no-color-diagnostics -serialize-diagnostics -emit-dependencies -emit-module -emit-module-path /Users/andreea/StudioProjects/Flutter_Project/build/macos/Build/Intermediates.noindex/Pods.build/Debug/url_launcher_macos.build/Objects-normal/arm64/url_launcher_macos.swiftmodule -validate-clang-modules-once -clang-build-session-file /Users/andreea/StudioProjects/Flutter_Project/build/macos/ModuleCache.noindex/Session.modulevalidation -Xcc -I/Users/andreea/StudioProjects/Flutter_Project/build/macos/Build/Intermediates.noindex/Pods.build/Debug/url_launcher_macos.build/swift-overrides.hmap -emit-const-values -Xfrontend -const-gather-protocols-file -Xfrontend /Users/andreea/StudioProjects/Flutter_Project/build/macos/Build/Intermediates.noindex/Pods.build/Debug/url_launcher_macos.build/Objects-normal/arm64/url_launcher_macos_const_extract_protocols.json -Xcc -iquote -Xcc /Users/andreea/StudioProjects/Flutter_Project/build/macos/Build/Intermediates.noindex/Pods.build/Debug/url_launcher_macos.build/url_launcher_macos-generated-files.hmap -Xcc -I/Users/andreea/StudioProjects/Flutter_Project/build/macos/Build/Intermediates.noindex/Pods.build/Debug/url_launcher_macos.build/url_launcher_macos-own-target-headers.hmap -Xcc -I/Users/andreea/StudioProjects/Flutter_Project/build/macos/Build/Intermediates.noindex/Pods.build/Debug/url_launcher_macos.build/url_launcher_macos-all-non-framework-target-headers.hmap -Xcc -ivfsoverlay -Xcc /Users/andreea/StudioProjects/Flutter_Project/build/macos/Build/Intermediates.noindex/Pods.build/Debug/Pods-8699adb1dd336b26511df848a716bd42-VFS/all-product-headers.yaml -Xcc -iquote -Xcc /Users/andreea/StudioProjects/Flutter_Project/build/macos/Build/Intermediates.noindex/Pods.build/Debug/url_launcher_macos.build/url_launcher_macos-project-headers.hmap -Xcc -I/Users/andreea/StudioProjects/Flutter_Project/build/macos/Build/Products/Debug/url_launcher_macos/include -Xcc -I/Users/andreea/StudioProjects/Flutter_Project/build/macos/Build/Intermediates.noindex/Pods.build/Debug/url_launcher_macos.build/DerivedSources-normal/arm64 -Xcc -I/Users/andreea/StudioProjects/Flutter_Project/build/macos/Build/Intermediates.noindex/Pods.build/Debug/url_launcher_macos.build/DerivedSources/arm64 -Xcc -I/Users/andreea/StudioProjects/Flutter_Project/build/macos/Build/Intermediates.noindex/Pods.build/Debug/url_launcher_macos.build/DerivedSources -Xcc -DPOD_CONFIGURATION_DEBUG\=1 -Xcc -DDEBUG\=1 -Xcc -DCOCOAPODS\=1 -emit-objc-header -emit-objc-header-path /Users/andreea/StudioProjects/Flutter_Project/build/macos/Build/Intermediates.noindex/Pods.build/Debug/url_launcher_macos.build/Objects-normal/arm64/url_launcher_macos-Swift.h -import-underlying-module -Xcc -ivfsoverlay -Xcc /Users/andreea/StudioProjects/Flutter_Project/build/macos/Build/Intermediates.noindex/Pods.build/Debug/url_launcher_macos.build/unextended-module-overlay.yaml -working-directory /Users/andreea/StudioProjects/Flutter_Project/macos/Pods -experimental-emit-module-separately -disable-cmo
[ +101 ms] SwiftDriver sign_in_with_apple normal arm64 com.apple.xcode.tools.swift.compiler (in target 'sign_in_with_apple' from project 'Pods')
[        ]     cd /Users/andreea/StudioProjects/Flutter_Project/macos/Pods
[        ]     builtin-SwiftDriver -- /Applications/Xcode.app/Contents/Developer/Toolchains/XcodeDefault.xctoolchain/usr/bin/swiftc -module-name sign_in_with_apple -Onone -enforce-exclusivity\=checked @/Users/andreea/StudioProjects/Flutter_Project/build/macos/Build/Intermediates.noindex/Pods.build/Debug/sign_in_with_apple.build/Objects-normal/arm64/sign_in_with_apple.SwiftFileList -DDEBUG -D COCOAPODS -enable-bare-slash-regex -enable-experimental-feature DebugDescriptionMacro -sdk /Applications/Xcode.app/Contents/Developer/Platforms/MacOSX.platform/Developer/SDKs/MacOSX15.4.sdk -target arm64-apple-macos10.14 -g -module-cache-path /Users/andreea/StudioProjects/Flutter_Project/build/macos/ModuleCache.noindex -Xfrontend -serialize-debugging-options -enable-testing -swift-version 5 -I /Users/andreea/StudioProjects/Flutter_Project/build/macos/Build/Products/Debug/sign_in_with_apple -F /Users/andreea/StudioProjects/Flutter_Project/build/macos/Build/Products/Debug/sign_in_with_apple -F /Users/andreea/StudioProjects/development/flutter_honoo/bin/cache/artifacts/engine/darwin-x64 -c -j10 -enable-batch-mode -incremental -Xcc -ivfsstatcache -Xcc /Users/andreea/StudioProjects/Flutter_Project/build/macos/SDKStatCaches.noindex/macosx15.4-24E241-88b860576fb364319593bd8fb30666b0.sdkstatcache -output-file-map /Users/andreea/StudioProjects/Flutter_Project/build/macos/Build/Intermediates.noindex/Pods.build/Debug/sign_in_with_apple.build/Objects-normal/arm64/sign_in_with_apple-OutputFileMap.json -use-frontend-parseable-output -save-temps -no-color-diagnostics -serialize-diagnostics -emit-dependencies -emit-module -emit-module-path /Users/andreea/StudioProjects/Flutter_Project/build/macos/Build/Intermediates.noindex/Pods.build/Debug/sign_in_with_apple.build/Objects-normal/arm64/sign_in_with_apple.swiftmodule -validate-clang-modules-once -clang-build-session-file /Users/andreea/StudioProjects/Flutter_Project/build/macos/ModuleCache.noindex/Session.modulevalidation -Xcc -I/Users/andreea/StudioProjects/Flutter_Project/build/macos/Build/Intermediates.noindex/Pods.build/Debug/sign_in_with_apple.build/swift-overrides.hmap -emit-const-values -Xfrontend -const-gather-protocols-file -Xfrontend /Users/andreea/StudioProjects/Flutter_Project/build/macos/Build/Intermediates.noindex/Pods.build/Debug/sign_in_with_apple.build/Objects-normal/arm64/sign_in_with_apple_const_extract_protocols.json -Xcc -iquote -Xcc /Users/andreea/StudioProjects/Flutter_Project/build/macos/Build/Intermediates.noindex/Pods.build/Debug/sign_in_with_apple.build/sign_in_with_apple-generated-files.hmap -Xcc -I/Users/andreea/StudioProjects/Flutter_Project/build/macos/Build/Intermediates.noindex/Pods.build/Debug/sign_in_with_apple.build/sign_in_with_apple-own-target-headers.hmap -Xcc -I/Users/andreea/StudioProjects/Flutter_Project/build/macos/Build/Intermediates.noindex/Pods.build/Debug/sign_in_with_apple.build/sign_in_with_apple-all-non-framework-target-headers.hmap -Xcc -ivfsoverlay -Xcc /Users/andreea/StudioProjects/Flutter_Project/build/macos/Build/Intermediates.noindex/Pods.build/Debug/Pods-8699adb1dd336b26511df848a716bd42-VFS/all-product-headers.yaml -Xcc -iquote -Xcc /Users/andreea/StudioProjects/Flutter_Project/build/macos/Build/Intermediates.noindex/Pods.build/Debug/sign_in_with_apple.build/sign_in_with_apple-project-headers.hmap -Xcc -I/Users/andreea/StudioProjects/Flutter_Project/build/macos/Build/Products/Debug/sign_in_with_apple/include -Xcc -I/Users/andreea/StudioProjects/Flutter_Project/build/macos/Build/Intermediates.noindex/Pods.build/Debug/sign_in_with_apple.build/DerivedSources-normal/arm64 -Xcc -I/Users/andreea/StudioProjects/Flutter_Project/build/macos/Build/Intermediates.noindex/Pods.build/Debug/sign_in_with_apple.build/DerivedSources/arm64 -Xcc -I/Users/andreea/StudioProjects/Flutter_Project/build/macos/Build/Intermediates.noindex/Pods.build/Debug/sign_in_with_apple.build/DerivedSources -Xcc -DPOD_CONFIGURATION_DEBUG\=1 -Xcc -DDEBUG\=1 -Xcc -DCOCOAPODS\=1 -emit-objc-header -emit-objc-header-path /Users/andreea/StudioProjects/Flutter_Project/build/macos/Build/Intermediates.noindex/Pods.build/Debug/sign_in_with_apple.build/Objects-normal/arm64/sign_in_with_apple-Swift.h -import-underlying-module -Xcc -ivfsoverlay -Xcc /Users/andreea/StudioProjects/Flutter_Project/build/macos/Build/Intermediates.noindex/Pods.build/Debug/sign_in_with_apple.build/unextended-module-overlay.yaml -working-directory /Users/andreea/StudioProjects/Flutter_Project/macos/Pods -experimental-emit-module-separately -disable-cmo
[        ] SwiftDriver path_provider_foundation normal arm64 com.apple.xcode.tools.swift.compiler (in target 'path_provider_foundation' from project 'Pods')
[        ]     cd /Users/andreea/StudioProjects/Flutter_Project/macos/Pods
[        ]     builtin-SwiftDriver -- /Applications/Xcode.app/Contents/Developer/Toolchains/XcodeDefault.xctoolchain/usr/bin/swiftc -module-name path_provider_foundation -Onone -enforce-exclusivity\=checked @/Users/andreea/StudioProjects/Flutter_Project/build/macos/Build/Intermediates.noindex/Pods.build/Debug/path_provider_foundation.build/Objects-normal/arm64/path_provider_foundation.SwiftFileList -DDEBUG -D COCOAPODS -enable-bare-slash-regex -enable-experimental-feature DebugDescriptionMacro -sdk /Applications/Xcode.app/Contents/Developer/Platforms/MacOSX.platform/Developer/SDKs/MacOSX15.4.sdk -target arm64-apple-macos10.14 -g -module-cache-path /Users/andreea/StudioProjects/Flutter_Project/build/macos/ModuleCache.noindex -Xfrontend -serialize-debugging-options -enable-testing -swift-version 5 -I /Users/andreea/StudioProjects/Flutter_Project/build/macos/Build/Products/Debug/path_provider_foundation -F /Users/andreea/StudioProjects/Flutter_Project/build/macos/Build/Products/Debug/path_provider_foundation -F /Users/andreea/StudioProjects/development/flutter_honoo/bin/cache/artifacts/engine/darwin-x64 -c -j10 -enable-batch-mode -incremental -Xcc -ivfsstatcache -Xcc /Users/andreea/StudioProjects/Flutter_Project/build/macos/SDKStatCaches.noindex/macosx15.4-24E241-88b860576fb364319593bd8fb30666b0.sdkstatcache -output-file-map /Users/andreea/StudioProjects/Flutter_Project/build/macos/Build/Intermediates.noindex/Pods.build/Debug/path_provider_foundation.build/Objects-normal/arm64/path_provider_foundation-OutputFileMap.json -use-frontend-parseable-output -save-temps -no-color-diagnostics -serialize-diagnostics -emit-dependencies -emit-module -emit-module-path /Users/andreea/StudioProjects/Flutter_Project/build/macos/Build/Intermediates.noindex/Pods.build/Debug/path_provider_foundation.build/Objects-normal/arm64/path_provider_foundation.swiftmodule -validate-clang-modules-once -clang-build-session-file /Users/andreea/StudioProjects/Flutter_Project/build/macos/ModuleCache.noindex/Session.modulevalidation -Xcc -I/Users/andreea/StudioProjects/Flutter_Project/build/macos/Build/Intermediates.noindex/Pods.build/Debug/path_provider_foundation.build/swift-overrides.hmap -emit-const-values -Xfrontend -const-gather-protocols-file -Xfrontend /Users/andreea/StudioProjects/Flutter_Project/build/macos/Build/Intermediates.noindex/Pods.build/Debug/path_provider_foundation.build/Objects-normal/arm64/path_provider_foundation_const_extract_protocols.json -Xcc -iquote -Xcc /Users/andreea/StudioProjects/Flutter_Project/build/macos/Build/Intermediates.noindex/Pods.build/Debug/path_provider_foundation.build/path_provider_foundation-generated-files.hmap -Xcc -I/Users/andreea/StudioProjects/Flutter_Project/build/macos/Build/Intermediates.noindex/Pods.build/Debug/path_provider_foundation.build/path_provider_foundation-own-target-headers.hmap -Xcc -I/Users/andreea/StudioProjects/Flutter_Project/build/macos/Build/Intermediates.noindex/Pods.build/Debug/path_provider_foundation.build/path_provider_foundation-all-non-framework-target-headers.hmap -Xcc -ivfsoverlay -Xcc /Users/andreea/StudioProjects/Flutter_Project/build/macos/Build/Intermediates.noindex/Pods.build/Debug/Pods-8699adb1dd336b26511df848a716bd42-VFS/all-product-headers.yaml -Xcc -iquote -Xcc /Users/andreea/StudioProjects/Flutter_Project/build/macos/Build/Intermediates.noindex/Pods.build/Debug/path_provider_foundation.build/path_provider_foundation-project-headers.hmap -Xcc -I/Users/andreea/StudioProjects/Flutter_Project/build/macos/Build/Products/Debug/path_provider_foundation/include -Xcc -I/Users/andreea/StudioProjects/Flutter_Project/build/macos/Build/Intermediates.noindex/Pods.build/Debug/path_provider_foundation.build/DerivedSources-normal/arm64 -Xcc -I/Users/andreea/StudioProjects/Flutter_Project/build/macos/Build/Intermediates.noindex/Pods.build/Debug/path_provider_foundation.build/DerivedSources/arm64 -Xcc -I/Users/andreea/StudioProjects/Flutter_Project/build/macos/Build/Intermediates.noindex/Pods.build/Debug/path_provider_foundation.build/DerivedSources -Xcc -DPOD_CONFIGURATION_DEBUG\=1 -Xcc -DDEBUG\=1 -Xcc -DCOCOAPODS\=1 -emit-objc-header -emit-objc-header-path /Users/andreea/StudioProjects/Flutter_Project/build/macos/Build/Intermediates.noindex/Pods.build/Debug/path_provider_foundation.build/Objects-normal/arm64/path_provider_foundation-Swift.h -import-underlying-module -Xcc -ivfsoverlay -Xcc /Users/andreea/StudioProjects/Flutter_Project/build/macos/Build/Intermediates.noindex/Pods.build/Debug/path_provider_foundation.build/unextended-module-overlay.yaml -working-directory /Users/andreea/StudioProjects/Flutter_Project/macos/Pods -experimental-emit-module-separately -disable-cmo
[        ] SwiftDriver share_plus normal arm64 com.apple.xcode.tools.swift.compiler (in target 'share_plus' from project 'Pods')
[        ]     cd /Users/andreea/StudioProjects/Flutter_Project/macos/Pods
[        ]     builtin-SwiftDriver -- /Applications/Xcode.app/Contents/Developer/Toolchains/XcodeDefault.xctoolchain/usr/bin/swiftc -module-name share_plus -Onone -enforce-exclusivity\=checked @/Users/andreea/StudioProjects/Flutter_Project/build/macos/Build/Intermediates.noindex/Pods.build/Debug/share_plus.build/Objects-normal/arm64/share_plus.SwiftFileList -DDEBUG -D COCOAPODS -enable-bare-slash-regex -enable-experimental-feature DebugDescriptionMacro -sdk /Applications/Xcode.app/Contents/Developer/Platforms/MacOSX.platform/Developer/SDKs/MacOSX15.4.sdk -target arm64-apple-macos10.14 -g -module-cache-path /Users/andreea/StudioProjects/Flutter_Project/build/macos/ModuleCache.noindex -Xfrontend -serialize-debugging-options -enable-testing -swift-version 5 -I /Users/andreea/StudioProjects/Flutter_Project/build/macos/Build/Products/Debug/share_plus -F /Users/andreea/StudioProjects/Flutter_Project/build/macos/Build/Products/Debug/share_plus -F /Users/andreea/StudioProjects/development/flutter_honoo/bin/cache/artifacts/engine/darwin-x64 -parse-as-library -c -j10 -enable-batch-mode -incremental -Xcc -ivfsstatcache -Xcc /Users/andreea/StudioProjects/Flutter_Project/build/macos/SDKStatCaches.noindex/macosx15.4-24E241-88b860576fb364319593bd8fb30666b0.sdkstatcache -output-file-map /Users/andreea/StudioProjects/Flutter_Project/build/macos/Build/Intermediates.noindex/Pods.build/Debug/share_plus.build/Objects-normal/arm64/share_plus-OutputFileMap.json -use-frontend-parseable-output -save-temps -no-color-diagnostics -serialize-diagnostics -emit-dependencies -emit-module -emit-module-path /Users/andreea/StudioProjects/Flutter_Project/build/macos/Build/Intermediates.noindex/Pods.build/Debug/share_plus.build/Objects-normal/arm64/share_plus.swiftmodule -validate-clang-modules-once -clang-build-session-file /Users/andreea/StudioProjects/Flutter_Project/build/macos/ModuleCache.noindex/Session.modulevalidation -Xcc -I/Users/andreea/StudioProjects/Flutter_Project/build/macos/Build/Intermediates.noindex/Pods.build/Debug/share_plus.build/swift-overrides.hmap -emit-const-values -Xfrontend -const-gather-protocols-file -Xfrontend /Users/andreea/StudioProjects/Flutter_Project/build/macos/Build/Intermediates.noindex/Pods.build/Debug/share_plus.build/Objects-normal/arm64/share_plus_const_extract_protocols.json -Xcc -iquote -Xcc /Users/andreea/StudioProjects/Flutter_Project/build/macos/Build/Intermediates.noindex/Pods.build/Debug/share_plus.build/share_plus-generated-files.hmap -Xcc -I/Users/andreea/StudioProjects/Flutter_Project/build/macos/Build/Intermediates.noindex/Pods.build/Debug/share_plus.build/share_plus-own-target-headers.hmap -Xcc -I/Users/andreea/StudioProjects/Flutter_Project/build/macos/Build/Intermediates.noindex/Pods.build/Debug/share_plus.build/share_plus-all-non-framework-target-headers.hmap -Xcc -ivfsoverlay -Xcc /Users/andreea/StudioProjects/Flutter_Project/build/macos/Build/Intermediates.noindex/Pods.build/Debug/Pods-8699adb1dd336b26511df848a716bd42-VFS/all-product-headers.yaml -Xcc -iquote -Xcc /Users/andreea/StudioProjects/Flutter_Project/build/macos/Build/Intermediates.noindex/Pods.build/Debug/share_plus.build/share_plus-project-headers.hmap -Xcc -I/Users/andreea/StudioProjects/Flutter_Project/build/macos/Build/Products/Debug/share_plus/include -Xcc -I/Users/andreea/StudioProjects/Flutter_Project/build/macos/Build/Intermediates.noindex/Pods.build/Debug/share_plus.build/DerivedSources-normal/arm64 -Xcc -I/Users/andreea/StudioProjects/Flutter_Project/build/macos/Build/Intermediates.noindex/Pods.build/Debug/share_plus.build/DerivedSources/arm64 -Xcc -I/Users/andreea/StudioProjects/Flutter_Project/build/macos/Build/Intermediates.noindex/Pods.build/Debug/share_plus.build/DerivedSources -Xcc -DPOD_CONFIGURATION_DEBUG\=1 -Xcc -DDEBUG\=1 -Xcc -DCOCOAPODS\=1 -emit-objc-header -emit-objc-header-path /Users/andreea/StudioProjects/Flutter_Project/build/macos/Build/Intermediates.noindex/Pods.build/Debug/share_plus.build/Objects-normal/arm64/share_plus-Swift.h -import-underlying-module -Xcc -ivfsoverlay -Xcc /Users/andreea/StudioProjects/Flutter_Project/build/macos/Build/Intermediates.noindex/Pods.build/Debug/share_plus.build/unextended-module-overlay.yaml -working-directory /Users/andreea/StudioProjects/Flutter_Project/macos/Pods -experimental-emit-module-separately -disable-cmo
[        ] SwiftDriver shared_preferences_foundation normal arm64 com.apple.xcode.tools.swift.compiler (in target 'shared_preferences_foundation' from project 'Pods')
[        ]     cd /Users/andreea/StudioProjects/Flutter_Project/macos/Pods
[        ]     builtin-SwiftDriver -- /Applications/Xcode.app/Contents/Developer/Toolchains/XcodeDefault.xctoolchain/usr/bin/swiftc -module-name shared_preferences_foundation -Onone -enforce-exclusivity\=checked @/Users/andreea/StudioProjects/Flutter_Project/build/macos/Build/Intermediates.noindex/Pods.build/Debug/shared_preferences_foundation.build/Objects-normal/arm64/shared_preferences_foundation.SwiftFileList -DDEBUG -D COCOAPODS -enable-bare-slash-regex -enable-experimental-feature DebugDescriptionMacro -sdk /Applications/Xcode.app/Contents/Developer/Platforms/MacOSX.platform/Developer/SDKs/MacOSX15.4.sdk -target arm64-apple-macos10.14 -g -module-cache-path /Users/andreea/StudioProjects/Flutter_Project/build/macos/ModuleCache.noindex -Xfrontend -serialize-debugging-options -enable-testing -swift-version 5 -I /Users/andreea/StudioProjects/Flutter_Project/build/macos/Build/Products/Debug/shared_preferences_foundation -F /Users/andreea/StudioProjects/Flutter_Project/build/macos/Build/Products/Debug/shared_preferences_foundation -F /Users/andreea/StudioProjects/development/flutter_honoo/bin/cache/artifacts/engine/darwin-x64 -c -j10 -enable-batch-mode -incremental -Xcc -ivfsstatcache -Xcc /Users/andreea/StudioProjects/Flutter_Project/build/macos/SDKStatCaches.noindex/macosx15.4-24E241-88b860576fb364319593bd8fb30666b0.sdkstatcache -output-file-map /Users/andreea/StudioProjects/Flutter_Project/build/macos/Build/Intermediates.noindex/Pods.build/Debug/shared_preferences_foundation.build/Objects-normal/arm64/shared_preferences_foundation-OutputFileMap.json -use-frontend-parseable-output -save-temps -no-color-diagnostics -serialize-diagnostics -emit-dependencies -emit-module -emit-module-path /Users/andreea/StudioProjects/Flutter_Project/build/macos/Build/Intermediates.noindex/Pods.build/Debug/shared_preferences_foundation.build/Objects-normal/arm64/shared_preferences_foundation.swiftmodule -validate-clang-modules-once -clang-build-session-file /Users/andreea/StudioProjects/Flutter_Project/build/macos/ModuleCache.noindex/Session.modulevalidation -Xcc -I/Users/andreea/StudioProjects/Flutter_Project/build/macos/Build/Intermediates.noindex/Pods.build/Debug/shared_preferences_foundation.build/swift-overrides.hmap -emit-const-values -Xfrontend -const-gather-protocols-file -Xfrontend /Users/andreea/StudioProjects/Flutter_Project/build/macos/Build/Intermediates.noindex/Pods.build/Debug/shared_preferences_foundation.build/Objects-normal/arm64/shared_preferences_foundation_const_extract_protocols.json -Xcc -iquote -Xcc /Users/andreea/StudioProjects/Flutter_Project/build/macos/Build/Intermediates.noindex/Pods.build/Debug/shared_preferences_foundation.build/shared_preferences_foundation-generated-files.hmap -Xcc -I/Users/andreea/StudioProjects/Flutter_Project/build/macos/Build/Intermediates.noindex/Pods.build/Debug/shared_preferences_foundation.build/shared_preferences_foundation-own-target-headers.hmap -Xcc -I/Users/andreea/StudioProjects/Flutter_Project/build/macos/Build/Intermediates.noindex/Pods.build/Debug/shared_preferences_foundation.build/shared_preferences_foundation-all-non-framework-target-headers.hmap -Xcc -ivfsoverlay -Xcc /Users/andreea/StudioProjects/Flutter_Project/build/macos/Build/Intermediates.noindex/Pods.build/Debug/Pods-8699adb1dd336b26511df848a716bd42-VFS/all-product-headers.yaml -Xcc -iquote -Xcc /Users/andreea/StudioProjects/Flutter_Project/build/macos/Build/Intermediates.noindex/Pods.build/Debug/shared_preferences_foundation.build/shared_preferences_foundation-project-headers.hmap -Xcc -I/Users/andreea/StudioProjects/Flutter_Project/build/macos/Build/Products/Debug/shared_preferences_foundation/include -Xcc -I/Users/andreea/StudioProjects/Flutter_Project/build/macos/Build/Intermediates.noindex/Pods.build/Debug/shared_preferences_foundation.build/DerivedSources-normal/arm64 -Xcc -I/Users/andreea/StudioProjects/Flutter_Project/build/macos/Build/Intermediates.noindex/Pods.build/Debug/shared_preferences_foundation.build/DerivedSources/arm64 -Xcc -I/Users/andreea/StudioProjects/Flutter_Project/build/macos/Build/Intermediates.noindex/Pods.build/Debug/shared_preferences_foundation.build/DerivedSources -Xcc -DPOD_CONFIGURATION_DEBUG\=1 -Xcc -DDEBUG\=1 -Xcc -DCOCOAPODS\=1 -emit-objc-header -emit-objc-header-path /Users/andreea/StudioProjects/Flutter_Project/build/macos/Build/Intermediates.noindex/Pods.build/Debug/shared_preferences_foundation.build/Objects-normal/arm64/shared_preferences_foundation-Swift.h -import-underlying-module -Xcc -ivfsoverlay -Xcc /Users/andreea/StudioProjects/Flutter_Project/build/macos/Build/Intermediates.noindex/Pods.build/Debug/shared_preferences_foundation.build/unextended-module-overlay.yaml -working-directory /Users/andreea/StudioProjects/Flutter_Project/macos/Pods -experimental-emit-module-separately -disable-cmo
[        ] SwiftDriver file_selector_macos normal arm64 com.apple.xcode.tools.swift.compiler (in target 'file_selector_macos' from project 'Pods')
[        ]     cd /Users/andreea/StudioProjects/Flutter_Project/macos/Pods
[        ]     builtin-SwiftDriver -- /Applications/Xcode.app/Contents/Developer/Toolchains/XcodeDefault.xctoolchain/usr/bin/swiftc -module-name file_selector_macos -Onone -enforce-exclusivity\=checked @/Users/andreea/StudioProjects/Flutter_Project/build/macos/Build/Intermediates.noindex/Pods.build/Debug/file_selector_macos.build/Objects-normal/arm64/file_selector_macos.SwiftFileList -DDEBUG -D COCOAPODS -enable-bare-slash-regex -enable-experimental-feature DebugDescriptionMacro -sdk /Applications/Xcode.app/Contents/Developer/Platforms/MacOSX.platform/Developer/SDKs/MacOSX15.4.sdk -target arm64-apple-macos10.14 -g -module-cache-path /Users/andreea/StudioProjects/Flutter_Project/build/macos/ModuleCache.noindex -Xfrontend -serialize-debugging-options -enable-testing -swift-version 5 -I /Users/andreea/StudioProjects/Flutter_Project/build/macos/Build/Products/Debug/file_selector_macos -F /Users/andreea/StudioProjects/Flutter_Project/build/macos/Build/Products/Debug/file_selector_macos -F /Users/andreea/StudioProjects/development/flutter_honoo/bin/cache/artifacts/engine/darwin-x64 -c -j10 -enable-batch-mode -incremental -Xcc -ivfsstatcache -Xcc /Users/andreea/StudioProjects/Flutter_Project/build/macos/SDKStatCaches.noindex/macosx15.4-24E241-88b860576fb364319593bd8fb30666b0.sdkstatcache -output-file-map /Users/andreea/StudioProjects/Flutter_Project/build/macos/Build/Intermediates.noindex/Pods.build/Debug/file_selector_macos.build/Objects-normal/arm64/file_selector_macos-OutputFileMap.json -use-frontend-parseable-output -save-temps -no-color-diagnostics -serialize-diagnostics -emit-dependencies -emit-module -emit-module-path /Users/andreea/StudioProjects/Flutter_Project/build/macos/Build/Intermediates.noindex/Pods.build/Debug/file_selector_macos.build/Objects-normal/arm64/file_selector_macos.swiftmodule -validate-clang-modules-once -clang-build-session-file /Users/andreea/StudioProjects/Flutter_Project/build/macos/ModuleCache.noindex/Session.modulevalidation -Xcc -I/Users/andreea/StudioProjects/Flutter_Project/build/macos/Build/Intermediates.noindex/Pods.build/Debug/file_selector_macos.build/swift-overrides.hmap -emit-const-values -Xfrontend -const-gather-protocols-file -Xfrontend /Users/andreea/StudioProjects/Flutter_Project/build/macos/Build/Intermediates.noindex/Pods.build/Debug/file_selector_macos.build/Objects-normal/arm64/file_selector_macos_const_extract_protocols.json -Xcc -iquote -Xcc /Users/andreea/StudioProjects/Flutter_Project/build/macos/Build/Intermediates.noindex/Pods.build/Debug/file_selector_macos.build/file_selector_macos-generated-files.hmap -Xcc -I/Users/andreea/StudioProjects/Flutter_Project/build/macos/Build/Intermediates.noindex/Pods.build/Debug/file_selector_macos.build/file_selector_macos-own-target-headers.hmap -Xcc -I/Users/andreea/StudioProjects/Flutter_Project/build/macos/Build/Intermediates.noindex/Pods.build/Debug/file_selector_macos.build/file_selector_macos-all-non-framework-target-headers.hmap -Xcc -ivfsoverlay -Xcc /Users/andreea/StudioProjects/Flutter_Project/build/macos/Build/Intermediates.noindex/Pods.build/Debug/Pods-8699adb1dd336b26511df848a716bd42-VFS/all-product-headers.yaml -Xcc -iquote -Xcc /Users/andreea/StudioProjects/Flutter_Project/build/macos/Build/Intermediates.noindex/Pods.build/Debug/file_selector_macos.build/file_selector_macos-project-headers.hmap -Xcc -I/Users/andreea/StudioProjects/Flutter_Project/build/macos/Build/Products/Debug/file_selector_macos/include -Xcc -I/Users/andreea/StudioProjects/Flutter_Project/build/macos/Build/Intermediates.noindex/Pods.build/Debug/file_selector_macos.build/DerivedSources-normal/arm64 -Xcc -I/Users/andreea/StudioProjects/Flutter_Project/build/macos/Build/Intermediates.noindex/Pods.build/Debug/file_selector_macos.build/DerivedSources/arm64 -Xcc -I/Users/andreea/StudioProjects/Flutter_Project/build/macos/Build/Intermediates.noindex/Pods.build/Debug/file_selector_macos.build/DerivedSources -Xcc -DPOD_CONFIGURATION_DEBUG\=1 -Xcc -DDEBUG\=1 -Xcc -DCOCOAPODS\=1 -emit-objc-header -emit-objc-header-path /Users/andreea/StudioProjects/Flutter_Project/build/macos/Build/Intermediates.noindex/Pods.build/Debug/file_selector_macos.build/Objects-normal/arm64/file_selector_macos-Swift.h -import-underlying-module -Xcc -ivfsoverlay -Xcc /Users/andreea/StudioProjects/Flutter_Project/build/macos/Build/Intermediates.noindex/Pods.build/Debug/file_selector_macos.build/unextended-module-overlay.yaml -working-directory /Users/andreea/StudioProjects/Flutter_Project/macos/Pods -experimental-emit-module-separately -disable-cmo
[        ] SwiftDriver app_links normal arm64 com.apple.xcode.tools.swift.compiler (in target 'app_links' from project 'Pods')
[        ]     cd /Users/andreea/StudioProjects/Flutter_Project/macos/Pods
[        ]     builtin-SwiftDriver -- /Applications/Xcode.app/Contents/Developer/Toolchains/XcodeDefault.xctoolchain/usr/bin/swiftc -module-name app_links -Onone -enforce-exclusivity\=checked @/Users/andreea/StudioProjects/Flutter_Project/build/macos/Build/Intermediates.noindex/Pods.build/Debug/app_links.build/Objects-normal/arm64/app_links.SwiftFileList -DDEBUG -D COCOAPODS -enable-bare-slash-regex -enable-experimental-feature DebugDescriptionMacro -sdk /Applications/Xcode.app/Contents/Developer/Platforms/MacOSX.platform/Developer/SDKs/MacOSX15.4.sdk -target arm64-apple-macos10.14 -g -module-cache-path /Users/andreea/StudioProjects/Flutter_Project/build/macos/ModuleCache.noindex -Xfrontend -serialize-debugging-options -enable-testing -swift-version 5 -I /Users/andreea/StudioProjects/Flutter_Project/build/macos/Build/Products/Debug/app_links -F /Users/andreea/StudioProjects/Flutter_Project/build/macos/Build/Products/Debug/app_links -F /Users/andreea/StudioProjects/development/flutter_honoo/bin/cache/artifacts/engine/darwin-x64 -parse-as-library -c -j10 -enable-batch-mode -incremental -Xcc -ivfsstatcache -Xcc /Users/andreea/StudioProjects/Flutter_Project/build/macos/SDKStatCaches.noindex/macosx15.4-24E241-88b860576fb364319593bd8fb30666b0.sdkstatcache -output-file-map /Users/andreea/StudioProjects/Flutter_Project/build/macos/Build/Intermediates.noindex/Pods.build/Debug/app_links.build/Objects-normal/arm64/app_links-OutputFileMap.json -use-frontend-parseable-output -save-temps -no-color-diagnostics -serialize-diagnostics -emit-dependencies -emit-module -emit-module-path /Users/andreea/StudioProjects/Flutter_Project/build/macos/Build/Intermediates.noindex/Pods.build/Debug/app_links.build/Objects-normal/arm64/app_links.swiftmodule -validate-clang-modules-once -clang-build-session-file /Users/andreea/StudioProjects/Flutter_Project/build/macos/ModuleCache.noindex/Session.modulevalidation -Xcc -I/Users/andreea/StudioProjects/Flutter_Project/build/macos/Build/Intermediates.noindex/Pods.build/Debug/app_links.build/swift-overrides.hmap -emit-const-values -Xfrontend -const-gather-protocols-file -Xfrontend /Users/andreea/StudioProjects/Flutter_Project/build/macos/Build/Intermediates.noindex/Pods.build/Debug/app_links.build/Objects-normal/arm64/app_links_const_extract_protocols.json -Xcc -iquote -Xcc /Users/andreea/StudioProjects/Flutter_Project/build/macos/Build/Intermediates.noindex/Pods.build/Debug/app_links.build/app_links-generated-files.hmap -Xcc -I/Users/andreea/StudioProjects/Flutter_Project/build/macos/Build/Intermediates.noindex/Pods.build/Debug/app_links.build/app_links-own-target-headers.hmap -Xcc -I/Users/andreea/StudioProjects/Flutter_Project/build/macos/Build/Intermediates.noindex/Pods.build/Debug/app_links.build/app_links-all-non-framework-target-headers.hmap -Xcc -ivfsoverlay -Xcc /Users/andreea/StudioProjects/Flutter_Project/build/macos/Build/Intermediates.noindex/Pods.build/Debug/Pods-8699adb1dd336b26511df848a716bd42-VFS/all-product-headers.yaml -Xcc -iquote -Xcc /Users/andreea/StudioProjects/Flutter_Project/build/macos/Build/Intermediates.noindex/Pods.build/Debug/app_links.build/app_links-project-headers.hmap -Xcc -I/Users/andreea/StudioProjects/Flutter_Project/build/macos/Build/Products/Debug/app_links/include -Xcc -I/Users/andreea/StudioProjects/Flutter_Project/build/macos/Build/Intermediates.noindex/Pods.build/Debug/app_links.build/DerivedSources-normal/arm64 -Xcc -I/Users/andreea/StudioProjects/Flutter_Project/build/macos/Build/Intermediates.noindex/Pods.build/Debug/app_links.build/DerivedSources/arm64 -Xcc -I/Users/andreea/StudioProjects/Flutter_Project/build/macos/Build/Intermediates.noindex/Pods.build/Debug/app_links.build/DerivedSources -Xcc -DPOD_CONFIGURATION_DEBUG\=1 -Xcc -DDEBUG\=1 -Xcc -DCOCOAPODS\=1 -emit-objc-header -emit-objc-header-path /Users/andreea/StudioProjects/Flutter_Project/build/macos/Build/Intermediates.noindex/Pods.build/Debug/app_links.build/Objects-normal/arm64/app_links-Swift.h -import-underlying-module -Xcc -ivfsoverlay -Xcc /Users/andreea/StudioProjects/Flutter_Project/build/macos/Build/Intermediates.noindex/Pods.build/Debug/app_links.build/unextended-module-overlay.yaml -working-directory /Users/andreea/StudioProjects/Flutter_Project/macos/Pods -experimental-emit-module-separately -disable-cmo
[   +4 ms] SwiftEmitModule normal arm64 Emitting\ module\ for\ path_provider_foundation (in target 'path_provider_foundation' from project 'Pods')
[  +75 ms] EmitSwiftModule normal arm64 (in target 'path_provider_foundation' from project 'Pods')
[        ]     cd /Users/andreea/StudioProjects/Flutter_Project/macos/Pods
[+5813 ms] SwiftCompile normal arm64 Compiling\ SignInWithAppleError.swift /Users/andreea/.pub-cache/hosted/pub.flutter-io.cn/sign_in_with_apple-5.0.0/macos/Classes/SignInWithAppleError.swift (in target 'sign_in_with_apple' from project 'Pods')
[        ] SwiftCompile normal arm64 /Users/andreea/.pub-cache/hosted/pub.flutter-io.cn/sign_in_with_apple-5.0.0/macos/Classes/SignInWithAppleError.swift (in target 'sign_in_with_apple' from project 'Pods')
[        ]     cd /Users/andreea/StudioProjects/Flutter_Project/macos/Pods
[        ] /Users/andreea/.pub-cache/hosted/pub.flutter-io.cn/sign_in_with_apple-5.0.0/macos/Classes/SignInWithAppleError.swift:99:13: warning: switch must be exhaustive
[        ]             switch code {
[        ]             ^
[        ] /Users/andreea/.pub-cache/hosted/pub.flutter-io.cn/sign_in_with_apple-5.0.0/macos/Classes/SignInWithAppleError.swift:99:13: note: add missing case: '.matchedExcludedCredential'
[        ]             switch code {
[        ]             ^
[        ] /Users/andreea/.pub-cache/hosted/pub.flutter-io.cn/sign_in_with_apple-5.0.0/macos/Classes/SignInWithAppleError.swift:99:13: note: add missing case: '.credentialImport'
[        ]             switch code {
[        ]             ^
[        ] /Users/andreea/.pub-cache/hosted/pub.flutter-io.cn/sign_in_with_apple-5.0.0/macos/Classes/SignInWithAppleError.swift:99:13: note: add missing case: '.credentialExport'
[        ]             switch code {
[        ]             ^
[        ] /Users/andreea/.pub-cache/hosted/pub.flutter-io.cn/sign_in_with_apple-5.0.0/macos/Classes/SignInWithAppleError.swift:99:13: note: add missing cases
[        ]             switch code {
[        ]             ^
[        ] SwiftCompile normal arm64 Compiling\ SignInWithAppleAvailablePlugin.swift /Users/andreea/.pub-cache/hosted/pub.flutter-io.cn/sign_in_with_apple-5.0.0/macos/Classes/SignInWithAppleAvailablePlugin.swift (in target 'sign_in_with_apple' from project 'Pods')
[        ] SwiftCompile normal arm64 /Users/andreea/.pub-cache/hosted/pub.flutter-io.cn/sign_in_with_apple-5.0.0/macos/Classes/SignInWithAppleAvailablePlugin.swift (in target 'sign_in_with_apple' from project 'Pods')
[        ]     cd /Users/andreea/StudioProjects/Flutter_Project/macos/Pods
[ +227 ms] SwiftCompile normal arm64 Compiling\ SignInWithApplePlugin.swift /Users/andreea/.pub-cache/hosted/pub.flutter-io.cn/sign_in_with_apple-5.0.0/macos/Classes/SignInWithApplePlugin.swift (in target 'sign_in_with_apple' from project 'Pods')
[        ] SwiftCompile normal arm64 /Users/andreea/.pub-cache/hosted/pub.flutter-io.cn/sign_in_with_apple-5.0.0/macos/Classes/SignInWithApplePlugin.swift (in target 'sign_in_with_apple' from project 'Pods')
[        ]     cd /Users/andreea/StudioProjects/Flutter_Project/macos/Pods
[        ] SwiftCompile normal arm64 Compiling\ messages.g.swift /Users/andreea/.pub-cache/hosted/pub.flutter-io.cn/path_provider_foundation-2.3.1/darwin/Classes/messages.g.swift (in target 'path_provider_foundation' from project 'Pods')
[        ] SwiftCompile normal arm64 /Users/andreea/.pub-cache/hosted/pub.flutter-io.cn/path_provider_foundation-2.3.1/darwin/Classes/messages.g.swift (in target 'path_provider_foundation' from project 'Pods')
[        ]     cd /Users/andreea/StudioProjects/Flutter_Project/macos/Pods
[        ] SwiftEmitModule normal arm64 Emitting\ module\ for\ sign_in_with_apple (in target 'sign_in_with_apple' from project 'Pods')
[        ] EmitSwiftModule normal arm64 (in target 'sign_in_with_apple' from project 'Pods')
[        ]     cd /Users/andreea/StudioProjects/Flutter_Project/macos/Pods
[        ] SwiftCompile normal arm64 Compiling\ SignInWithAppleUnavailablePlugin.swift /Users/andreea/.pub-cache/hosted/pub.flutter-io.cn/sign_in_with_apple-5.0.0/macos/Classes/SignInWithAppleUnavailablePlugin.swift (in target 'sign_in_with_apple' from project 'Pods')
[        ] SwiftCompile normal arm64 /Users/andreea/.pub-cache/hosted/pub.flutter-io.cn/sign_in_with_apple-5.0.0/macos/Classes/SignInWithAppleUnavailablePlugin.swift (in target 'sign_in_with_apple' from project 'Pods')
[        ]     cd /Users/andreea/StudioProjects/Flutter_Project/macos/Pods
[        ] SwiftEmitModule normal arm64 Emitting\ module\ for\ app_links (in target 'app_links' from project 'Pods')
[        ] SwiftCompile normal arm64 /Users/andreea/.pub-cache/hosted/pub.flutter-io.cn/app_links-3.4.5/macos/Classes/AppLinksMacosPlugin.swift (in target 'app_links' from project 'Pods')
[        ]     cd /Users/andreea/StudioProjects/Flutter_Project/macos/Pods
[        ] SwiftEmitModule normal arm64 Emitting\ module\ for\ shared_preferences_foundation (in target 'shared_preferences_foundation' from project 'Pods')
[        ] EmitSwiftModule normal arm64 (in target 'shared_preferences_foundation' from project 'Pods')
[        ]     cd /Users/andreea/StudioProjects/Flutter_Project/macos/Pods
[        ] SwiftEmitModule normal arm64 Emitting\ module\ for\ url_launcher_macos (in target 'url_launcher_macos' from project 'Pods')
[        ] EmitSwiftModule normal arm64 (in target 'url_launcher_macos' from project 'Pods')
[        ]     cd /Users/andreea/StudioProjects/Flutter_Project/macos/Pods
[        ] SwiftEmitModule normal arm64 Emitting\ module\ for\ share_plus (in target 'share_plus' from project 'Pods')
[        ] SwiftCompile normal arm64 /Users/andreea/.pub-cache/hosted/pub.flutter-io.cn/share_plus-7.2.2/macos/Classes/SharePlusMacosPlugin.swift (in target 'share_plus' from project 'Pods')
[        ]     cd /Users/andreea/StudioProjects/Flutter_Project/macos/Pods
[   +4 ms] SwiftDriverJobDiscovery normal arm64 Emitting module for app_links (in target 'app_links' from project 'Pods')
[        ] SwiftEmitModule normal arm64 Emitting\ module\ for\ file_selector_macos (in target 'file_selector_macos' from project 'Pods')
[        ] EmitSwiftModule normal arm64 (in target 'file_selector_macos' from project 'Pods')
[        ]     cd /Users/andreea/StudioProjects/Flutter_Project/macos/Pods
[ +106 ms] SwiftDriverJobDiscovery normal arm64 Compiling SignInWithAppleUnavailablePlugin.swift (in target 'sign_in_with_apple' from project 'Pods')
[        ] SwiftDriver\ Compilation\ Requirements app_links normal arm64 com.apple.xcode.tools.swift.compiler (in target 'app_links' from project 'Pods')
[        ]     cd /Users/andreea/StudioProjects/Flutter_Project/macos/Pods
[        ]     builtin-Swift-Compilation-Requirements -- /Applications/Xcode.app/Contents/Developer/Toolchains/XcodeDefault.xctoolchain/usr/bin/swiftc -module-name app_links -Onone -enforce-exclusivity\=checked @/Users/andreea/StudioProjects/Flutter_Project/build/macos/Build/Intermediates.noindex/Pods.build/Debug/app_links.build/Objects-normal/arm64/app_links.SwiftFileList -DDEBUG -D COCOAPODS -enable-bare-slash-regex -enable-experimental-feature DebugDescriptionMacro -sdk /Applications/Xcode.app/Contents/Developer/Platforms/MacOSX.platform/Developer/SDKs/MacOSX15.4.sdk -target arm64-apple-macos10.14 -g -module-cache-path /Users/andreea/StudioProjects/Flutter_Project/build/macos/ModuleCache.noindex -Xfrontend -serialize-debugging-options -enable-testing -swift-version 5 -I /Users/andreea/StudioProjects/Flutter_Project/build/macos/Build/Products/Debug/app_links -F /Users/andreea/StudioProjects/Flutter_Project/build/macos/Build/Products/Debug/app_links -F /Users/andreea/StudioProjects/development/flutter_honoo/bin/cache/artifacts/engine/darwin-x64 -parse-as-library -c -j10 -enable-batch-mode -incremental -Xcc -ivfsstatcache -Xcc /Users/andreea/StudioProjects/Flutter_Project/build/macos/SDKStatCaches.noindex/macosx15.4-24E241-88b860576fb364319593bd8fb30666b0.sdkstatcache -output-file-map /Users/andreea/StudioProjects/Flutter_Project/build/macos/Build/Intermediates.noindex/Pods.build/Debug/app_links.build/Objects-normal/arm64/app_links-OutputFileMap.json -use-frontend-parseable-output -save-temps -no-color-diagnostics -serialize-diagnostics -emit-dependencies -emit-module -emit-module-path /Users/andreea/StudioProjects/Flutter_Project/build/macos/Build/Intermediates.noindex/Pods.build/Debug/app_links.build/Objects-normal/arm64/app_links.swiftmodule -validate-clang-modules-once -clang-build-session-file /Users/andreea/StudioProjects/Flutter_Project/build/macos/ModuleCache.noindex/Session.modulevalidation -Xcc -I/Users/andreea/StudioProjects/Flutter_Project/build/macos/Build/Intermediates.noindex/Pods.build/Debug/app_links.build/swift-overrides.hmap -emit-const-values -Xfrontend -const-gather-protocols-file -Xfrontend /Users/andreea/StudioProjects/Flutter_Project/build/macos/Build/Intermediates.noindex/Pods.build/Debug/app_links.build/Objects-normal/arm64/app_links_const_extract_protocols.json -Xcc -iquote -Xcc /Users/andreea/StudioProjects/Flutter_Project/build/macos/Build/Intermediates.noindex/Pods.build/Debug/app_links.build/app_links-generated-files.hmap -Xcc -I/Users/andreea/StudioProjects/Flutter_Project/build/macos/Build/Intermediates.noindex/Pods.build/Debug/app_links.build/app_links-own-target-headers.hmap -Xcc -I/Users/andreea/StudioProjects/Flutter_Project/build/macos/Build/Intermediates.noindex/Pods.build/Debug/app_links.build/app_links-all-non-framework-target-headers.hmap -Xcc -ivfsoverlay -Xcc /Users/andreea/StudioProjects/Flutter_Project/build/macos/Build/Intermediates.noindex/Pods.build/Debug/Pods-8699adb1dd336b26511df848a716bd42-VFS/all-product-headers.yaml -Xcc -iquote -Xcc /Users/andreea/StudioProjects/Flutter_Project/build/macos/Build/Intermediates.noindex/Pods.build/Debug/app_links.build/app_links-project-headers.hmap -Xcc -I/Users/andreea/StudioProjects/Flutter_Project/build/macos/Build/Products/Debug/app_links/include -Xcc -I/Users/andreea/StudioProjects/Flutter_Project/build/macos/Build/Intermediates.noindex/Pods.build/Debug/app_links.build/DerivedSources-normal/arm64 -Xcc -I/Users/andreea/StudioProjects/Flutter_Project/build/macos/Build/Intermediates.noindex/Pods.build/Debug/app_links.build/DerivedSources/arm64 -Xcc -I/Users/andreea/StudioProjects/Flutter_Project/build/macos/Build/Intermediates.noindex/Pods.build/Debug/app_links.build/DerivedSources -Xcc -DPOD_CONFIGURATION_DEBUG\=1 -Xcc -DDEBUG\=1 -Xcc -DCOCOAPODS\=1 -emit-objc-header -emit-objc-header-path /Users/andreea/StudioProjects/Flutter_Project/build/macos/Build/Intermediates.noindex/Pods.build/Debug/app_links.build/Objects-normal/arm64/app_links-Swift.h -import-underlying-module -Xcc -ivfsoverlay -Xcc /Users/andreea/StudioProjects/Flutter_Project/build/macos/Build/Intermediates.noindex/Pods.build/Debug/app_links.build/unextended-module-overlay.yaml -working-directory /Users/andreea/StudioProjects/Flutter_Project/macos/Pods -experimental-emit-module-separately -disable-cmo
[        ] SwiftDriverJobDiscovery normal arm64 Emitting module for sign_in_with_apple (in target 'sign_in_with_apple' from project 'Pods')
[        ] SwiftDriver\ Compilation\ Requirements sign_in_with_apple normal arm64 com.apple.xcode.tools.swift.compiler (in target 'sign_in_with_apple' from project 'Pods')
[        ]     cd /Users/andreea/StudioProjects/Flutter_Project/macos/Pods
[        ]     builtin-Swift-Compilation-Requirements -- /Applications/Xcode.app/Contents/Developer/Toolchains/XcodeDefault.xctoolchain/usr/bin/swiftc -module-name sign_in_with_apple -Onone -enforce-exclusivity\=checked @/Users/andreea/StudioProjects/Flutter_Project/build/macos/Build/Intermediates.noindex/Pods.build/Debug/sign_in_with_apple.build/Objects-normal/arm64/sign_in_with_apple.SwiftFileList -DDEBUG -D COCOAPODS -enable-bare-slash-regex -enable-experimental-feature DebugDescriptionMacro -sdk /Applications/Xcode.app/Contents/Developer/Platforms/MacOSX.platform/Developer/SDKs/MacOSX15.4.sdk -target arm64-apple-macos10.14 -g -module-cache-path /Users/andreea/StudioProjects/Flutter_Project/build/macos/ModuleCache.noindex -Xfrontend -serialize-debugging-options -enable-testing -swift-version 5 -I /Users/andreea/StudioProjects/Flutter_Project/build/macos/Build/Products/Debug/sign_in_with_apple -F /Users/andreea/StudioProjects/Flutter_Project/build/macos/Build/Products/Debug/sign_in_with_apple -F /Users/andreea/StudioProjects/development/flutter_honoo/bin/cache/artifacts/engine/darwin-x64 -c -j10 -enable-batch-mode -incremental -Xcc -ivfsstatcache -Xcc /Users/andreea/StudioProjects/Flutter_Project/build/macos/SDKStatCaches.noindex/macosx15.4-24E241-88b860576fb364319593bd8fb30666b0.sdkstatcache -output-file-map /Users/andreea/StudioProjects/Flutter_Project/build/macos/Build/Intermediates.noindex/Pods.build/Debug/sign_in_with_apple.build/Objects-normal/arm64/sign_in_with_apple-OutputFileMap.json -use-frontend-parseable-output -save-temps -no-color-diagnostics -serialize-diagnostics -emit-dependencies -emit-module -emit-module-path /Users/andreea/StudioProjects/Flutter_Project/build/macos/Build/Intermediates.noindex/Pods.build/Debug/sign_in_with_apple.build/Objects-normal/arm64/sign_in_with_apple.swiftmodule -validate-clang-modules-once -clang-build-session-file /Users/andreea/StudioProjects/Flutter_Project/build/macos/ModuleCache.noindex/Session.modulevalidation -Xcc -I/Users/andreea/StudioProjects/Flutter_Project/build/macos/Build/Intermediates.noindex/Pods.build/Debug/sign_in_with_apple.build/swift-overrides.hmap -emit-const-values -Xfrontend -const-gather-protocols-file -Xfrontend /Users/andreea/StudioProjects/Flutter_Project/build/macos/Build/Intermediates.noindex/Pods.build/Debug/sign_in_with_apple.build/Objects-normal/arm64/sign_in_with_apple_const_extract_protocols.json -Xcc -iquote -Xcc /Users/andreea/StudioProjects/Flutter_Project/build/macos/Build/Intermediates.noindex/Pods.build/Debug/sign_in_with_apple.build/sign_in_with_apple-generated-files.hmap -Xcc -I/Users/andreea/StudioProjects/Flutter_Project/build/macos/Build/Intermediates.noindex/Pods.build/Debug/sign_in_with_apple.build/sign_in_with_apple-own-target-headers.hmap -Xcc -I/Users/andreea/StudioProjects/Flutter_Project/build/macos/Build/Intermediates.noindex/Pods.build/Debug/sign_in_with_apple.build/sign_in_with_apple-all-non-framework-target-headers.hmap -Xcc -ivfsoverlay -Xcc /Users/andreea/StudioProjects/Flutter_Project/build/macos/Build/Intermediates.noindex/Pods.build/Debug/Pods-8699adb1dd336b26511df848a716bd42-VFS/all-product-headers.yaml -Xcc -iquote -Xcc /Users/andreea/StudioProjects/Flutter_Project/build/macos/Build/Intermediates.noindex/Pods.build/Debug/sign_in_with_apple.build/sign_in_with_apple-project-headers.hmap -Xcc -I/Users/andreea/StudioProjects/Flutter_Project/build/macos/Build/Products/Debug/sign_in_with_apple/include -Xcc -I/Users/andreea/StudioProjects/Flutter_Project/build/macos/Build/Intermediates.noindex/Pods.build/Debug/sign_in_with_apple.build/DerivedSources-normal/arm64 -Xcc -I/Users/andreea/StudioProjects/Flutter_Project/build/macos/Build/Intermediates.noindex/Pods.build/Debug/sign_in_with_apple.build/DerivedSources/arm64 -Xcc -I/Users/andreea/StudioProjects/Flutter_Project/build/macos/Build/Intermediates.noindex/Pods.build/Debug/sign_in_with_apple.build/DerivedSources -Xcc -DPOD_CONFIGURATION_DEBUG\=1 -Xcc -DDEBUG\=1 -Xcc -DCOCOAPODS\=1 -emit-objc-header -emit-objc-header-path /Users/andreea/StudioProjects/Flutter_Project/build/macos/Build/Intermediates.noindex/Pods.build/Debug/sign_in_with_apple.build/Objects-normal/arm64/sign_in_with_apple-Swift.h -import-underlying-module -Xcc -ivfsoverlay -Xcc /Users/andreea/StudioProjects/Flutter_Project/build/macos/Build/Intermediates.noindex/Pods.build/Debug/sign_in_with_apple.build/unextended-module-overlay.yaml -working-directory /Users/andreea/StudioProjects/Flutter_Project/macos/Pods -experimental-emit-module-separately -disable-cmo
[        ] SwiftCompile normal arm64 Compiling\ UrlLauncherPlugin.swift /Users/andreea/.pub-cache/hosted/pub.flutter-io.cn/url_launcher_macos-3.1.0/macos/Classes/UrlLauncherPlugin.swift (in target 'url_launcher_macos' from project 'Pods')
[        ] SwiftCompile normal arm64 /Users/andreea/.pub-cache/hosted/pub.flutter-io.cn/url_launcher_macos-3.1.0/macos/Classes/UrlLauncherPlugin.swift (in target 'url_launcher_macos' from project 'Pods')
[        ]     cd /Users/andreea/StudioProjects/Flutter_Project/macos/Pods
[  +94 ms] SwiftMergeGeneratedHeaders /Users/andreea/StudioProjects/Flutter_Project/build/macos/Build/Products/Debug/sign_in_with_apple/sign_in_with_apple.framework/Versions/A/Headers/sign_in_with_apple-Swift.h /Users/andreea/StudioProjects/Flutter_Project/build/macos/Build/Intermediates.noindex/Pods.build/Debug/sign_in_with_apple.build/Objects-normal/arm64/sign_in_with_apple-Swift.h (in target 'sign_in_with_apple' from project 'Pods')
[        ]     cd /Users/andreea/StudioProjects/Flutter_Project/macos/Pods
[        ]     builtin-swiftHeaderTool -arch arm64 /Users/andreea/StudioProjects/Flutter_Project/build/macos/Build/Intermediates.noindex/Pods.build/Debug/sign_in_with_apple.build/Objects-normal/arm64/sign_in_with_apple-Swift.h -o /Users/andreea/StudioProjects/Flutter_Project/build/macos/Build/Products/Debug/sign_in_with_apple/sign_in_with_apple.framework/Versions/A/Headers/sign_in_with_apple-Swift.h
[        ] SwiftDriverJobDiscovery normal arm64 Compiling SignInWithApplePlugin.swift (in target 'sign_in_with_apple' from project 'Pods')
[        ] Copy /Users/andreea/StudioProjects/Flutter_Project/build/macos/Build/Products/Debug/sign_in_with_apple/sign_in_with_apple.framework/Versions/A/Modules/sign_in_with_apple.swiftmodule/arm64-apple-macos.swiftmodule /Users/andreea/StudioProjects/Flutter_Project/build/macos/Build/Intermediates.noindex/Pods.build/Debug/sign_in_with_apple.build/Objects-normal/arm64/sign_in_with_apple.swiftmodule (in target 'sign_in_with_apple' from project 'Pods')
[        ]     cd /Users/andreea/StudioProjects/Flutter_Project/macos/Pods
[        ]     builtin-copy -exclude .DS_Store -exclude CVS -exclude .svn -exclude .git -exclude .hg -resolve-src-symlinks -rename /Users/andreea/StudioProjects/Flutter_Project/build/macos/Build/Intermediates.noindex/Pods.build/Debug/sign_in_with_apple.build/Objects-normal/arm64/sign_in_with_apple.swiftmodule /Users/andreea/StudioProjects/Flutter_Project/build/macos/Build/Products/Debug/sign_in_with_apple/sign_in_with_apple.framework/Versions/A/Modules/sign_in_with_apple.swiftmodule/arm64-apple-macos.swiftmodule
[        ] Copy /Users/andreea/StudioProjects/Flutter_Project/build/macos/Build/Products/Debug/sign_in_with_apple/sign_in_with_apple.framework/Versions/A/Modules/sign_in_with_apple.swiftmodule/arm64-apple-macos.swiftdoc /Users/andreea/StudioProjects/Flutter_Project/build/macos/Build/Intermediates.noindex/Pods.build/Debug/sign_in_with_apple.build/Objects-normal/arm64/sign_in_with_apple.swiftdoc (in target 'sign_in_with_apple' from project 'Pods')
[        ]     cd /Users/andreea/StudioProjects/Flutter_Project/macos/Pods
[        ]     builtin-copy -exclude .DS_Store -exclude CVS -exclude .svn -exclude .git -exclude .hg -resolve-src-symlinks -rename /Users/andreea/StudioProjects/Flutter_Project/build/macos/Build/Intermediates.noindex/Pods.build/Debug/sign_in_with_apple.build/Objects-normal/arm64/sign_in_with_apple.swiftdoc /Users/andreea/StudioProjects/Flutter_Project/build/macos/Build/Products/Debug/sign_in_with_apple/sign_in_with_apple.framework/Versions/A/Modules/sign_in_with_apple.swiftmodule/arm64-apple-macos.swiftdoc
[        ] Copy /Users/andreea/StudioProjects/Flutter_Project/build/macos/Build/Products/Debug/sign_in_with_apple/sign_in_with_apple.framework/Versions/A/Modules/sign_in_with_apple.swiftmodule/arm64-apple-macos.abi.json /Users/andreea/StudioProjects/Flutter_Project/build/macos/Build/Intermediates.noindex/Pods.build/Debug/sign_in_with_apple.build/Objects-normal/arm64/sign_in_with_apple.abi.json (in target 'sign_in_with_apple' from project 'Pods')
[        ]     cd /Users/andreea/StudioProjects/Flutter_Project/macos/Pods
[        ]     builtin-copy -exclude .DS_Store -exclude CVS -exclude .svn -exclude .git -exclude .hg -resolve-src-symlinks -rename /Users/andreea/StudioProjects/Flutter_Project/build/macos/Build/Intermediates.noindex/Pods.build/Debug/sign_in_with_apple.build/Objects-normal/arm64/sign_in_with_apple.abi.json /Users/andreea/StudioProjects/Flutter_Project/build/macos/Build/Products/Debug/sign_in_with_apple/sign_in_with_apple.framework/Versions/A/Modules/sign_in_with_apple.swiftmodule/arm64-apple-macos.abi.json
[        ] Copy /Users/andreea/StudioProjects/Flutter_Project/build/macos/Build/Products/Debug/sign_in_with_apple/sign_in_with_apple.framework/Versions/A/Modules/sign_in_with_apple.swiftmodule/Project/arm64-apple-macos.swiftsourceinfo /Users/andreea/StudioProjects/Flutter_Project/build/macos/Build/Intermediates.noindex/Pods.build/Debug/sign_in_with_apple.build/Objects-normal/arm64/sign_in_with_apple.swiftsourceinfo (in target 'sign_in_with_apple' from project 'Pods')
[        ]     cd /Users/andreea/StudioProjects/Flutter_Project/macos/Pods
[        ]     builtin-copy -exclude .DS_Store -exclude CVS -exclude .svn -exclude .git -exclude .hg -resolve-src-symlinks -rename /Users/andreea/StudioProjects/Flutter_Project/build/macos/Build/Intermediates.noindex/Pods.build/Debug/sign_in_with_apple.build/Objects-normal/arm64/sign_in_with_apple.swiftsourceinfo /Users/andreea/StudioProjects/Flutter_Project/build/macos/Build/Products/Debug/sign_in_with_apple/sign_in_with_apple.framework/Versions/A/Modules/sign_in_with_apple.swiftmodule/Project/arm64-apple-macos.swiftsourceinfo
[        ] SwiftMergeGeneratedHeaders /Users/andreea/StudioProjects/Flutter_Project/build/macos/Build/Products/Debug/app_links/app_links.framework/Versions/A/Headers/app_links-Swift.h /Users/andreea/StudioProjects/Flutter_Project/build/macos/Build/Intermediates.noindex/Pods.build/Debug/app_links.build/Objects-normal/arm64/app_links-Swift.h (in target 'app_links' from project 'Pods')
[        ]     cd /Users/andreea/StudioProjects/Flutter_Project/macos/Pods
[        ]     builtin-swiftHeaderTool -arch arm64 /Users/andreea/StudioProjects/Flutter_Project/build/macos/Build/Intermediates.noindex/Pods.build/Debug/app_links.build/Objects-normal/arm64/app_links-Swift.h -o /Users/andreea/StudioProjects/Flutter_Project/build/macos/Build/Products/Debug/app_links/app_links.framework/Versions/A/Headers/app_links-Swift.h
[        ] Copy /Users/andreea/StudioProjects/Flutter_Project/build/macos/Build/Products/Debug/app_links/app_links.framework/Versions/A/Modules/app_links.swiftmodule/arm64-apple-macos.swiftmodule /Users/andreea/StudioProjects/Flutter_Project/build/macos/Build/Intermediates.noindex/Pods.build/Debug/app_links.build/Objects-normal/arm64/app_links.swiftmodule (in target 'app_links' from project 'Pods')
[        ]     cd /Users/andreea/StudioProjects/Flutter_Project/macos/Pods
[        ]     builtin-copy -exclude .DS_Store -exclude CVS -exclude .svn -exclude .git -exclude .hg -resolve-src-symlinks -rename /Users/andreea/StudioProjects/Flutter_Project/build/macos/Build/Intermediates.noindex/Pods.build/Debug/app_links.build/Objects-normal/arm64/app_links.swiftmodule /Users/andreea/StudioProjects/Flutter_Project/build/macos/Build/Products/Debug/app_links/app_links.framework/Versions/A/Modules/app_links.swiftmodule/arm64-apple-macos.swiftmodule
[        ] SwiftDriverJobDiscovery normal arm64 Compiling SignInWithAppleError.swift (in target 'sign_in_with_apple' from project 'Pods')
[        ] Copy /Users/andreea/StudioProjects/Flutter_Project/build/macos/Build/Products/Debug/app_links/app_links.framework/Versions/A/Modules/app_links.swiftmodule/arm64-apple-macos.swiftdoc /Users/andreea/StudioProjects/Flutter_Project/build/macos/Build/Intermediates.noindex/Pods.build/Debug/app_links.build/Objects-normal/arm64/app_links.swiftdoc (in target 'app_links' from project 'Pods')
[        ]     cd /Users/andreea/StudioProjects/Flutter_Project/macos/Pods
[        ]     builtin-copy -exclude .DS_Store -exclude CVS -exclude .svn -exclude .git -exclude .hg -resolve-src-symlinks -rename /Users/andreea/StudioProjects/Flutter_Project/build/macos/Build/Intermediates.noindex/Pods.build/Debug/app_links.build/Objects-normal/arm64/app_links.swiftdoc /Users/andreea/StudioProjects/Flutter_Project/build/macos/Build/Products/Debug/app_links/app_links.framework/Versions/A/Modules/app_links.swiftmodule/arm64-apple-macos.swiftdoc
[        ] Copy /Users/andreea/StudioProjects/Flutter_Project/build/macos/Build/Products/Debug/app_links/app_links.framework/Versions/A/Modules/app_links.swiftmodule/arm64-apple-macos.abi.json /Users/andreea/StudioProjects/Flutter_Project/build/macos/Build/Intermediates.noindex/Pods.build/Debug/app_links.build/Objects-normal/arm64/app_links.abi.json (in target 'app_links' from project 'Pods')
[        ]     cd /Users/andreea/StudioProjects/Flutter_Project/macos/Pods
[        ]     builtin-copy -exclude .DS_Store -exclude CVS -exclude .svn -exclude .git -exclude .hg -resolve-src-symlinks -rename /Users/andreea/StudioProjects/Flutter_Project/build/macos/Build/Intermediates.noindex/Pods.build/Debug/app_links.build/Objects-normal/arm64/app_links.abi.json /Users/andreea/StudioProjects/Flutter_Project/build/macos/Build/Products/Debug/app_links/app_links.framework/Versions/A/Modules/app_links.swiftmodule/arm64-apple-macos.abi.json
[        ] Copy /Users/andreea/StudioProjects/Flutter_Project/build/macos/Build/Products/Debug/app_links/app_links.framework/Versions/A/Modules/app_links.swiftmodule/Project/arm64-apple-macos.swiftsourceinfo /Users/andreea/StudioProjects/Flutter_Project/build/macos/Build/Intermediates.noindex/Pods.build/Debug/app_links.build/Objects-normal/arm64/app_links.swiftsourceinfo (in target 'app_links' from project 'Pods')
[        ]     cd /Users/andreea/StudioProjects/Flutter_Project/macos/Pods
[        ]     builtin-copy -exclude .DS_Store -exclude CVS -exclude .svn -exclude .git -exclude .hg -resolve-src-symlinks -rename /Users/andreea/StudioProjects/Flutter_Project/build/macos/Build/Intermediates.noindex/Pods.build/Debug/app_links.build/Objects-normal/arm64/app_links.swiftsourceinfo /Users/andreea/StudioProjects/Flutter_Project/build/macos/Build/Products/Debug/app_links/app_links.framework/Versions/A/Modules/app_links.swiftmodule/Project/arm64-apple-macos.swiftsourceinfo
[        ] SwiftCompile normal arm64 Compiling\ messages.g.swift /Users/andreea/.pub-cache/hosted/pub.flutter-io.cn/url_launcher_macos-3.1.0/macos/Classes/messages.g.swift (in target 'url_launcher_macos' from project 'Pods')
[        ] SwiftCompile normal arm64 /Users/andreea/.pub-cache/hosted/pub.flutter-io.cn/url_launcher_macos-3.1.0/macos/Classes/messages.g.swift (in target 'url_launcher_macos' from project 'Pods')
[        ]     cd /Users/andreea/StudioProjects/Flutter_Project/macos/Pods
[ +174 ms] SwiftCompile normal arm64 Compiling\ messages.g.swift /Users/andreea/.pub-cache/hosted/pub.flutter-io.cn/shared_preferences_foundation-2.3.4/darwin/Classes/messages.g.swift (in target 'shared_preferences_foundation' from project 'Pods')
[        ] SwiftCompile normal arm64 /Users/andreea/.pub-cache/hosted/pub.flutter-io.cn/shared_preferences_foundation-2.3.4/darwin/Classes/messages.g.swift (in target 'shared_preferences_foundation' from project 'Pods')
[        ]     cd /Users/andreea/StudioProjects/Flutter_Project/macos/Pods
[        ] SwiftCompile normal arm64 Compiling\ SharedPreferencesPlugin.swift /Users/andreea/.pub-cache/hosted/pub.flutter-io.cn/shared_preferences_foundation-2.3.4/darwin/Classes/SharedPreferencesPlugin.swift (in target 'shared_preferences_foundation' from project 'Pods')
[        ] SwiftCompile normal arm64 /Users/andreea/.pub-cache/hosted/pub.flutter-io.cn/shared_preferences_foundation-2.3.4/darwin/Classes/SharedPreferencesPlugin.swift (in target 'shared_preferences_foundation' from project 'Pods')
[        ]     cd /Users/andreea/StudioProjects/Flutter_Project/macos/Pods
[        ] SwiftDriverJobDiscovery normal arm64 Emitting module for path_provider_foundation (in target 'path_provider_foundation' from project 'Pods')
[        ] SwiftDriver\ Compilation\ Requirements path_provider_foundation normal arm64 com.apple.xcode.tools.swift.compiler (in target 'path_provider_foundation' from project 'Pods')
[        ]     cd /Users/andreea/StudioProjects/Flutter_Project/macos/Pods
[        ]     builtin-Swift-Compilation-Requirements -- /Applications/Xcode.app/Contents/Developer/Toolchains/XcodeDefault.xctoolchain/usr/bin/swiftc -module-name path_provider_foundation -Onone -enforce-exclusivity\=checked @/Users/andreea/StudioProjects/Flutter_Project/build/macos/Build/Intermediates.noindex/Pods.build/Debug/path_provider_foundation.build/Objects-normal/arm64/path_provider_foundation.SwiftFileList -DDEBUG -D COCOAPODS -enable-bare-slash-regex -enable-experimental-feature DebugDescriptionMacro -sdk /Applications/Xcode.app/Contents/Developer/Platforms/MacOSX.platform/Developer/SDKs/MacOSX15.4.sdk -target arm64-apple-macos10.14 -g -module-cache-path /Users/andreea/StudioProjects/Flutter_Project/build/macos/ModuleCache.noindex -Xfrontend -serialize-debugging-options -enable-testing -swift-version 5 -I /Users/andreea/StudioProjects/Flutter_Project/build/macos/Build/Products/Debug/path_provider_foundation -F /Users/andreea/StudioProjects/Flutter_Project/build/macos/Build/Products/Debug/path_provider_foundation -F /Users/andreea/StudioProjects/development/flutter_honoo/bin/cache/artifacts/engine/darwin-x64 -c -j10 -enable-batch-mode -incremental -Xcc -ivfsstatcache -Xcc /Users/andreea/StudioProjects/Flutter_Project/build/macos/SDKStatCaches.noindex/macosx15.4-24E241-88b860576fb364319593bd8fb30666b0.sdkstatcache -output-file-map /Users/andreea/StudioProjects/Flutter_Project/build/macos/Build/Intermediates.noindex/Pods.build/Debug/path_provider_foundation.build/Objects-normal/arm64/path_provider_foundation-OutputFileMap.json -use-frontend-parseable-output -save-temps -no-color-diagnostics -serialize-diagnostics -emit-dependencies -emit-module -emit-module-path /Users/andreea/StudioProjects/Flutter_Project/build/macos/Build/Intermediates.noindex/Pods.build/Debug/path_provider_foundation.build/Objects-normal/arm64/path_provider_foundation.swiftmodule -validate-clang-modules-once -clang-build-session-file /Users/andreea/StudioProjects/Flutter_Project/build/macos/ModuleCache.noindex/Session.modulevalidation -Xcc -I/Users/andreea/StudioProjects/Flutter_Project/build/macos/Build/Intermediates.noindex/Pods.build/Debug/path_provider_foundation.build/swift-overrides.hmap -emit-const-values -Xfrontend -const-gather-protocols-file -Xfrontend /Users/andreea/StudioProjects/Flutter_Project/build/macos/Build/Intermediates.noindex/Pods.build/Debug/path_provider_foundation.build/Objects-normal/arm64/path_provider_foundation_const_extract_protocols.json -Xcc -iquote -Xcc /Users/andreea/StudioProjects/Flutter_Project/build/macos/Build/Intermediates.noindex/Pods.build/Debug/path_provider_foundation.build/path_provider_foundation-generated-files.hmap -Xcc -I/Users/andreea/StudioProjects/Flutter_Project/build/macos/Build/Intermediates.noindex/Pods.build/Debug/path_provider_foundation.build/path_provider_foundation-own-target-headers.hmap -Xcc -I/Users/andreea/StudioProjects/Flutter_Project/build/macos/Build/Intermediates.noindex/Pods.build/Debug/path_provider_foundation.build/path_provider_foundation-all-non-framework-target-headers.hmap -Xcc -ivfsoverlay -Xcc /Users/andreea/StudioProjects/Flutter_Project/build/macos/Build/Intermediates.noindex/Pods.build/Debug/Pods-8699adb1dd336b26511df848a716bd42-VFS/all-product-headers.yaml -Xcc -iquote -Xcc /Users/andreea/StudioProjects/Flutter_Project/build/macos/Build/Intermediates.noindex/Pods.build/Debug/path_provider_foundation.build/path_provider_foundation-project-headers.hmap -Xcc -I/Users/andreea/StudioProjects/Flutter_Project/build/macos/Build/Products/Debug/path_provider_foundation/include -Xcc -I/Users/andreea/StudioProjects/Flutter_Project/build/macos/Build/Intermediates.noindex/Pods.build/Debug/path_provider_foundation.build/DerivedSources-normal/arm64 -Xcc -I/Users/andreea/StudioProjects/Flutter_Project/build/macos/Build/Intermediates.noindex/Pods.build/Debug/path_provider_foundation.build/DerivedSources/arm64 -Xcc -I/Users/andreea/StudioProjects/Flutter_Project/build/macos/Build/Intermediates.noindex/Pods.build/Debug/path_provider_foundation.build/DerivedSources -Xcc -DPOD_CONFIGURATION_DEBUG\=1 -Xcc -DDEBUG\=1 -Xcc -DCOCOAPODS\=1 -emit-objc-header -emit-objc-header-path /Users/andreea/StudioProjects/Flutter_Project/build/macos/Build/Intermediates.noindex/Pods.build/Debug/path_provider_foundation.build/Objects-normal/arm64/path_provider_foundation-Swift.h -import-underlying-module -Xcc -ivfsoverlay -Xcc /Users/andreea/StudioProjects/Flutter_Project/build/macos/Build/Intermediates.noindex/Pods.build/Debug/path_provider_foundation.build/unextended-module-overlay.yaml -working-directory /Users/andreea/StudioProjects/Flutter_Project/macos/Pods -experimental-emit-module-separately -disable-cmo
[        ] SwiftDriverJobDiscovery normal arm64 Compiling messages.g.swift (in target 'path_provider_foundation' from project 'Pods')
[        ] SwiftCompile normal arm64 Compiling\ SharePlusMacosPlugin.swift /Users/andreea/.pub-cache/hosted/pub.flutter-io.cn/share_plus-7.2.2/macos/Classes/SharePlusMacosPlugin.swift (in target 'share_plus' from project 'Pods')
[        ] SwiftCompile normal arm64 /Users/andreea/.pub-cache/hosted/pub.flutter-io.cn/share_plus-7.2.2/macos/Classes/SharePlusMacosPlugin.swift (in target 'share_plus' from project 'Pods')
[        ]     cd /Users/andreea/StudioProjects/Flutter_Project/macos/Pods
[ +908 ms] SwiftMergeGeneratedHeaders /Users/andreea/StudioProjects/Flutter_Project/build/macos/Build/Products/Debug/path_provider_foundation/path_provider_foundation.framework/Versions/A/Headers/path_provider_foundation-Swift.h /Users/andreea/StudioProjects/Flutter_Project/build/macos/Build/Intermediates.noindex/Pods.build/Debug/path_provider_foundation.build/Objects-normal/arm64/path_provider_foundation-Swift.h (in target 'path_provider_foundation' from project 'Pods')
[        ]     cd /Users/andreea/StudioProjects/Flutter_Project/macos/Pods
[        ]     builtin-swiftHeaderTool -arch arm64 /Users/andreea/StudioProjects/Flutter_Project/build/macos/Build/Intermediates.noindex/Pods.build/Debug/path_provider_foundation.build/Objects-normal/arm64/path_provider_foundation-Swift.h -o /Users/andreea/StudioProjects/Flutter_Project/build/macos/Build/Products/Debug/path_provider_foundation/path_provider_foundation.framework/Versions/A/Headers/path_provider_foundation-Swift.h
[        ] SwiftDriverJobDiscovery normal arm64 Emitting module for url_launcher_macos (in target 'url_launcher_macos' from project 'Pods')
[        ] SwiftDriver\ Compilation\ Requirements url_launcher_macos normal arm64 com.apple.xcode.tools.swift.compiler (in target 'url_launcher_macos' from project 'Pods')
[        ]     cd /Users/andreea/StudioProjects/Flutter_Project/macos/Pods
[        ]     builtin-Swift-Compilation-Requirements -- /Applications/Xcode.app/Contents/Developer/Toolchains/XcodeDefault.xctoolchain/usr/bin/swiftc -module-name url_launcher_macos -Onone -enforce-exclusivity\=checked @/Users/andreea/StudioProjects/Flutter_Project/build/macos/Build/Intermediates.noindex/Pods.build/Debug/url_launcher_macos.build/Objects-normal/arm64/url_launcher_macos.SwiftFileList -DDEBUG -D COCOAPODS -enable-bare-slash-regex -enable-experimental-feature DebugDescriptionMacro -sdk /Applications/Xcode.app/Contents/Developer/Platforms/MacOSX.platform/Developer/SDKs/MacOSX15.4.sdk -target arm64-apple-macos10.14 -g -module-cache-path /Users/andreea/StudioProjects/Flutter_Project/build/macos/ModuleCache.noindex -Xfrontend -serialize-debugging-options -enable-testing -swift-version 5 -I /Users/andreea/StudioProjects/Flutter_Project/build/macos/Build/Products/Debug/url_launcher_macos -F /Users/andreea/StudioProjects/Flutter_Project/build/macos/Build/Products/Debug/url_launcher_macos -F /Users/andreea/StudioProjects/development/flutter_honoo/bin/cache/artifacts/engine/darwin-x64 -c -j10 -enable-batch-mode -incremental -Xcc -ivfsstatcache -Xcc /Users/andreea/StudioProjects/Flutter_Project/build/macos/SDKStatCaches.noindex/macosx15.4-24E241-88b860576fb364319593bd8fb30666b0.sdkstatcache -output-file-map /Users/andreea/StudioProjects/Flutter_Project/build/macos/Build/Intermediates.noindex/Pods.build/Debug/url_launcher_macos.build/Objects-normal/arm64/url_launcher_macos-OutputFileMap.json -use-frontend-parseable-output -save-temps -no-color-diagnostics -serialize-diagnostics -emit-dependencies -emit-module -emit-module-path /Users/andreea/StudioProjects/Flutter_Project/build/macos/Build/Intermediates.noindex/Pods.build/Debug/url_launcher_macos.build/Objects-normal/arm64/url_launcher_macos.swiftmodule -validate-clang-modules-once -clang-build-session-file /Users/andreea/StudioProjects/Flutter_Project/build/macos/ModuleCache.noindex/Session.modulevalidation -Xcc -I/Users/andreea/StudioProjects/Flutter_Project/build/macos/Build/Intermediates.noindex/Pods.build/Debug/url_launcher_macos.build/swift-overrides.hmap -emit-const-values -Xfrontend -const-gather-protocols-file -Xfrontend /Users/andreea/StudioProjects/Flutter_Project/build/macos/Build/Intermediates.noindex/Pods.build/Debug/url_launcher_macos.build/Objects-normal/arm64/url_launcher_macos_const_extract_protocols.json -Xcc -iquote -Xcc /Users/andreea/StudioProjects/Flutter_Project/build/macos/Build/Intermediates.noindex/Pods.build/Debug/url_launcher_macos.build/url_launcher_macos-generated-files.hmap -Xcc -I/Users/andreea/StudioProjects/Flutter_Project/build/macos/Build/Intermediates.noindex/Pods.build/Debug/url_launcher_macos.build/url_launcher_macos-own-target-headers.hmap -Xcc -I/Users/andreea/StudioProjects/Flutter_Project/build/macos/Build/Intermediates.noindex/Pods.build/Debug/url_launcher_macos.build/url_launcher_macos-all-non-framework-target-headers.hmap -Xcc -ivfsoverlay -Xcc /Users/andreea/StudioProjects/Flutter_Project/build/macos/Build/Intermediates.noindex/Pods.build/Debug/Pods-8699adb1dd336b26511df848a716bd42-VFS/all-product-headers.yaml -Xcc -iquote -Xcc /Users/andreea/StudioProjects/Flutter_Project/build/macos/Build/Intermediates.noindex/Pods.build/Debug/url_launcher_macos.build/url_launcher_macos-project-headers.hmap -Xcc -I/Users/andreea/StudioProjects/Flutter_Project/build/macos/Build/Products/Debug/url_launcher_macos/include -Xcc -I/Users/andreea/StudioProjects/Flutter_Project/build/macos/Build/Intermediates.noindex/Pods.build/Debug/url_launcher_macos.build/DerivedSources-normal/arm64 -Xcc -I/Users/andreea/StudioProjects/Flutter_Project/build/macos/Build/Intermediates.noindex/Pods.build/Debug/url_launcher_macos.build/DerivedSources/arm64 -Xcc -I/Users/andreea/StudioProjects/Flutter_Project/build/macos/Build/Intermediates.noindex/Pods.build/Debug/url_launcher_macos.build/DerivedSources -Xcc -DPOD_CONFIGURATION_DEBUG\=1 -Xcc -DDEBUG\=1 -Xcc -DCOCOAPODS\=1 -emit-objc-header -emit-objc-header-path /Users/andreea/StudioProjects/Flutter_Project/build/macos/Build/Intermediates.noindex/Pods.build/Debug/url_launcher_macos.build/Objects-normal/arm64/url_launcher_macos-Swift.h -import-underlying-module -Xcc -ivfsoverlay -Xcc /Users/andreea/StudioProjects/Flutter_Project/build/macos/Build/Intermediates.noindex/Pods.build/Debug/url_launcher_macos.build/unextended-module-overlay.yaml -working-directory /Users/andreea/StudioProjects/Flutter_Project/macos/Pods -experimental-emit-module-separately -disable-cmo
[        ] Copy /Users/andreea/StudioProjects/Flutter_Project/build/macos/Build/Products/Debug/path_provider_foundation/path_provider_foundation.framework/Versions/A/Modules/path_provider_foundation.swiftmodule/arm64-apple-macos.swiftmodule /Users/andreea/StudioProjects/Flutter_Project/build/macos/Build/Intermediates.noindex/Pods.build/Debug/path_provider_foundation.build/Objects-normal/arm64/path_provider_foundation.swiftmodule (in target 'path_provider_foundation' from project 'Pods')
[        ]     cd /Users/andreea/StudioProjects/Flutter_Project/macos/Pods
[        ]     builtin-copy -exclude .DS_Store -exclude CVS -exclude .svn -exclude .git -exclude .hg -resolve-src-symlinks -rename /Users/andreea/StudioProjects/Flutter_Project/build/macos/Build/Intermediates.noindex/Pods.build/Debug/path_provider_foundation.build/Objects-normal/arm64/path_provider_foundation.swiftmodule /Users/andreea/StudioProjects/Flutter_Project/build/macos/Build/Products/Debug/path_provider_foundation/path_provider_foundation.framework/Versions/A/Modules/path_provider_foundation.swiftmodule/arm64-apple-macos.swiftmodule
[        ] SwiftMergeGeneratedHeaders /Users/andreea/StudioProjects/Flutter_Project/build/macos/Build/Products/Debug/url_launcher_macos/url_launcher_macos.framework/Versions/A/Headers/url_launcher_macos-Swift.h /Users/andreea/StudioProjects/Flutter_Project/build/macos/Build/Intermediates.noindex/Pods.build/Debug/url_launcher_macos.build/Objects-normal/arm64/url_launcher_macos-Swift.h (in target 'url_launcher_macos' from project 'Pods')
[        ]     cd /Users/andreea/StudioProjects/Flutter_Project/macos/Pods
[        ]     builtin-swiftHeaderTool -arch arm64 /Users/andreea/StudioProjects/Flutter_Project/build/macos/Build/Intermediates.noindex/Pods.build/Debug/url_launcher_macos.build/Objects-normal/arm64/url_launcher_macos-Swift.h -o /Users/andreea/StudioProjects/Flutter_Project/build/macos/Build/Products/Debug/url_launcher_macos/url_launcher_macos.framework/Versions/A/Headers/url_launcher_macos-Swift.h
[        ] Copy /Users/andreea/StudioProjects/Flutter_Project/build/macos/Build/Products/Debug/url_launcher_macos/url_launcher_macos.framework/Versions/A/Modules/url_launcher_macos.swiftmodule/arm64-apple-macos.swiftmodule /Users/andreea/StudioProjects/Flutter_Project/build/macos/Build/Intermediates.noindex/Pods.build/Debug/url_launcher_macos.build/Objects-normal/arm64/url_launcher_macos.swiftmodule (in target 'url_launcher_macos' from project 'Pods')
[        ]     cd /Users/andreea/StudioProjects/Flutter_Project/macos/Pods
[        ]     builtin-copy -exclude .DS_Store -exclude CVS -exclude .svn -exclude .git -exclude .hg -resolve-src-symlinks -rename /Users/andreea/StudioProjects/Flutter_Project/build/macos/Build/Intermediates.noindex/Pods.build/Debug/url_launcher_macos.build/Objects-normal/arm64/url_launcher_macos.swiftmodule /Users/andreea/StudioProjects/Flutter_Project/build/macos/Build/Products/Debug/url_launcher_macos/url_launcher_macos.framework/Versions/A/Modules/url_launcher_macos.swiftmodule/arm64-apple-macos.swiftmodule
[        ] Copy /Users/andreea/StudioProjects/Flutter_Project/build/macos/Build/Products/Debug/url_launcher_macos/url_launcher_macos.framework/Versions/A/Modules/url_launcher_macos.swiftmodule/arm64-apple-macos.swiftdoc /Users/andreea/StudioProjects/Flutter_Project/build/macos/Build/Intermediates.noindex/Pods.build/Debug/url_launcher_macos.build/Objects-normal/arm64/url_launcher_macos.swiftdoc (in target 'url_launcher_macos' from project 'Pods')
[        ]     cd /Users/andreea/StudioProjects/Flutter_Project/macos/Pods
[        ]     builtin-copy -exclude .DS_Store -exclude CVS -exclude .svn -exclude .git -exclude .hg -resolve-src-symlinks -rename /Users/andreea/StudioProjects/Flutter_Project/build/macos/Build/Intermediates.noindex/Pods.build/Debug/url_launcher_macos.build/Objects-normal/arm64/url_launcher_macos.swiftdoc /Users/andreea/StudioProjects/Flutter_Project/build/macos/Build/Products/Debug/url_launcher_macos/url_launcher_macos.framework/Versions/A/Modules/url_launcher_macos.swiftmodule/arm64-apple-macos.swiftdoc
[        ] Copy /Users/andreea/StudioProjects/Flutter_Project/build/macos/Build/Products/Debug/url_launcher_macos/url_launcher_macos.framework/Versions/A/Modules/url_launcher_macos.swiftmodule/arm64-apple-macos.abi.json /Users/andreea/StudioProjects/Flutter_Project/build/macos/Build/Intermediates.noindex/Pods.build/Debug/url_launcher_macos.build/Objects-normal/arm64/url_launcher_macos.abi.json (in target 'url_launcher_macos' from project 'Pods')
[        ]     cd /Users/andreea/StudioProjects/Flutter_Project/macos/Pods
[        ]     builtin-copy -exclude .DS_Store -exclude CVS -exclude .svn -exclude .git -exclude .hg -resolve-src-symlinks -rename /Users/andreea/StudioProjects/Flutter_Project/build/macos/Build/Intermediates.noindex/Pods.build/Debug/url_launcher_macos.build/Objects-normal/arm64/url_launcher_macos.abi.json /Users/andreea/StudioProjects/Flutter_Project/build/macos/Build/Products/Debug/url_launcher_macos/url_launcher_macos.framework/Versions/A/Modules/url_launcher_macos.swiftmodule/arm64-apple-macos.abi.json
[        ] Copy /Users/andreea/StudioProjects/Flutter_Project/build/macos/Build/Products/Debug/url_launcher_macos/url_launcher_macos.framework/Versions/A/Modules/url_launcher_macos.swiftmodule/Project/arm64-apple-macos.swiftsourceinfo /Users/andreea/StudioProjects/Flutter_Project/build/macos/Build/Intermediates.noindex/Pods.build/Debug/url_launcher_macos.build/Objects-normal/arm64/url_launcher_macos.swiftsourceinfo (in target 'url_launcher_macos' from project 'Pods')
[        ]     cd /Users/andreea/StudioProjects/Flutter_Project/macos/Pods
[        ]     builtin-copy -exclude .DS_Store -exclude CVS -exclude .svn -exclude .git -exclude .hg -resolve-src-symlinks -rename /Users/andreea/StudioProjects/Flutter_Project/build/macos/Build/Intermediates.noindex/Pods.build/Debug/url_launcher_macos.build/Objects-normal/arm64/url_launcher_macos.swiftsourceinfo /Users/andreea/StudioProjects/Flutter_Project/build/macos/Build/Products/Debug/url_launcher_macos/url_launcher_macos.framework/Versions/A/Modules/url_launcher_macos.swiftmodule/Project/arm64-apple-macos.swiftsourceinfo
[        ] Copy /Users/andreea/StudioProjects/Flutter_Project/build/macos/Build/Products/Debug/path_provider_foundation/path_provider_foundation.framework/Versions/A/Modules/path_provider_foundation.swiftmodule/arm64-apple-macos.swiftdoc /Users/andreea/StudioProjects/Flutter_Project/build/macos/Build/Intermediates.noindex/Pods.build/Debug/path_provider_foundation.build/Objects-normal/arm64/path_provider_foundation.swiftdoc (in target 'path_provider_foundation' from project 'Pods')
[        ]     cd /Users/andreea/StudioProjects/Flutter_Project/macos/Pods
[        ]     builtin-copy -exclude .DS_Store -exclude CVS -exclude .svn -exclude .git -exclude .hg -resolve-src-symlinks -rename /Users/andreea/StudioProjects/Flutter_Project/build/macos/Build/Intermediates.noindex/Pods.build/Debug/path_provider_foundation.build/Objects-normal/arm64/path_provider_foundation.swiftdoc /Users/andreea/StudioProjects/Flutter_Project/build/macos/Build/Products/Debug/path_provider_foundation/path_provider_foundation.framework/Versions/A/Modules/path_provider_foundation.swiftmodule/arm64-apple-macos.swiftdoc
[        ] Copy /Users/andreea/StudioProjects/Flutter_Project/build/macos/Build/Products/Debug/path_provider_foundation/path_provider_foundation.framework/Versions/A/Modules/path_provider_foundation.swiftmodule/arm64-apple-macos.abi.json /Users/andreea/StudioProjects/Flutter_Project/build/macos/Build/Intermediates.noindex/Pods.build/Debug/path_provider_foundation.build/Objects-normal/arm64/path_provider_foundation.abi.json (in target 'path_provider_foundation' from project 'Pods')
[        ]     cd /Users/andreea/StudioProjects/Flutter_Project/macos/Pods
[        ]     builtin-copy -exclude .DS_Store -exclude CVS -exclude .svn -exclude .git -exclude .hg -resolve-src-symlinks -rename /Users/andreea/StudioProjects/Flutter_Project/build/macos/Build/Intermediates.noindex/Pods.build/Debug/path_provider_foundation.build/Objects-normal/arm64/path_provider_foundation.abi.json /Users/andreea/StudioProjects/Flutter_Project/build/macos/Build/Products/Debug/path_provider_foundation/path_provider_foundation.framework/Versions/A/Modules/path_provider_foundation.swiftmodule/arm64-apple-macos.abi.json
[        ] Copy /Users/andreea/StudioProjects/Flutter_Project/build/macos/Build/Products/Debug/path_provider_foundation/path_provider_foundation.framework/Versions/A/Modules/path_provider_foundation.swiftmodule/Project/arm64-apple-macos.swiftsourceinfo /Users/andreea/StudioProjects/Flutter_Project/build/macos/Build/Intermediates.noindex/Pods.build/Debug/path_provider_foundation.build/Objects-normal/arm64/path_provider_foundation.swiftsourceinfo (in target 'path_provider_foundation' from project 'Pods')
[        ]     cd /Users/andreea/StudioProjects/Flutter_Project/macos/Pods
[        ]     builtin-copy -exclude .DS_Store -exclude CVS -exclude .svn -exclude .git -exclude .hg -resolve-src-symlinks -rename /Users/andreea/StudioProjects/Flutter_Project/build/macos/Build/Intermediates.noindex/Pods.build/Debug/path_provider_foundation.build/Objects-normal/arm64/path_provider_foundation.swiftsourceinfo /Users/andreea/StudioProjects/Flutter_Project/build/macos/Build/Products/Debug/path_provider_foundation/path_provider_foundation.framework/Versions/A/Modules/path_provider_foundation.swiftmodule/Project/arm64-apple-macos.swiftsourceinfo
[        ] SwiftCompile normal arm64 Compiling\ PathProviderPlugin.swift /Users/andreea/.pub-cache/hosted/pub.flutter-io.cn/path_provider_foundation-2.3.1/darwin/Classes/PathProviderPlugin.swift (in target 'path_provider_foundation' from project 'Pods')
[        ] SwiftCompile normal arm64 /Users/andreea/.pub-cache/hosted/pub.flutter-io.cn/path_provider_foundation-2.3.1/darwin/Classes/PathProviderPlugin.swift (in target 'path_provider_foundation' from project 'Pods')
[        ]     cd /Users/andreea/StudioProjects/Flutter_Project/macos/Pods
[        ] SwiftCompile normal arm64 Compiling\ FileSelectorPlugin.swift /Users/andreea/.pub-cache/hosted/pub.flutter-io.cn/file_selector_macos-0.9.3+3/macos/Classes/FileSelectorPlugin.swift (in target 'file_selector_macos' from project 'Pods')
[        ] SwiftCompile normal arm64 /Users/andreea/.pub-cache/hosted/pub.flutter-io.cn/file_selector_macos-0.9.3+3/macos/Classes/FileSelectorPlugin.swift (in target 'file_selector_macos' from project 'Pods')
[        ]     cd /Users/andreea/StudioProjects/Flutter_Project/macos/Pods
[        ] SwiftDriverJobDiscovery normal arm64 Emitting module for shared_preferences_foundation (in target 'shared_preferences_foundation' from project 'Pods')
[        ] SwiftDriver\ Compilation\ Requirements shared_preferences_foundation normal arm64 com.apple.xcode.tools.swift.compiler (in target 'shared_preferences_foundation' from project 'Pods')
[        ]     cd /Users/andreea/StudioProjects/Flutter_Project/macos/Pods
[        ]     builtin-Swift-Compilation-Requirements -- /Applications/Xcode.app/Contents/Developer/Toolchains/XcodeDefault.xctoolchain/usr/bin/swiftc -module-name shared_preferences_foundation -Onone -enforce-exclusivity\=checked @/Users/andreea/StudioProjects/Flutter_Project/build/macos/Build/Intermediates.noindex/Pods.build/Debug/shared_preferences_foundation.build/Objects-normal/arm64/shared_preferences_foundation.SwiftFileList -DDEBUG -D COCOAPODS -enable-bare-slash-regex -enable-experimental-feature DebugDescriptionMacro -sdk /Applications/Xcode.app/Contents/Developer/Platforms/MacOSX.platform/Developer/SDKs/MacOSX15.4.sdk -target arm64-apple-macos10.14 -g -module-cache-path /Users/andreea/StudioProjects/Flutter_Project/build/macos/ModuleCache.noindex -Xfrontend -serialize-debugging-options -enable-testing -swift-version 5 -I /Users/andreea/StudioProjects/Flutter_Project/build/macos/Build/Products/Debug/shared_preferences_foundation -F /Users/andreea/StudioProjects/Flutter_Project/build/macos/Build/Products/Debug/shared_preferences_foundation -F /Users/andreea/StudioProjects/development/flutter_honoo/bin/cache/artifacts/engine/darwin-x64 -c -j10 -enable-batch-mode -incremental -Xcc -ivfsstatcache -Xcc /Users/andreea/StudioProjects/Flutter_Project/build/macos/SDKStatCaches.noindex/macosx15.4-24E241-88b860576fb364319593bd8fb30666b0.sdkstatcache -output-file-map /Users/andreea/StudioProjects/Flutter_Project/build/macos/Build/Intermediates.noindex/Pods.build/Debug/shared_preferences_foundation.build/Objects-normal/arm64/shared_preferences_foundation-OutputFileMap.json -use-frontend-parseable-output -save-temps -no-color-diagnostics -serialize-diagnostics -emit-dependencies -emit-module -emit-module-path /Users/andreea/StudioProjects/Flutter_Project/build/macos/Build/Intermediates.noindex/Pods.build/Debug/shared_preferences_foundation.build/Objects-normal/arm64/shared_preferences_foundation.swiftmodule -validate-clang-modules-once -clang-build-session-file /Users/andreea/StudioProjects/Flutter_Project/build/macos/ModuleCache.noindex/Session.modulevalidation -Xcc -I/Users/andreea/StudioProjects/Flutter_Project/build/macos/Build/Intermediates.noindex/Pods.build/Debug/shared_preferences_foundation.build/swift-overrides.hmap -emit-const-values -Xfrontend -const-gather-protocols-file -Xfrontend /Users/andreea/StudioProjects/Flutter_Project/build/macos/Build/Intermediates.noindex/Pods.build/Debug/shared_preferences_foundation.build/Objects-normal/arm64/shared_preferences_foundation_const_extract_protocols.json -Xcc -iquote -Xcc /Users/andreea/StudioProjects/Flutter_Project/build/macos/Build/Intermediates.noindex/Pods.build/Debug/shared_preferences_foundation.build/shared_preferences_foundation-generated-files.hmap -Xcc -I/Users/andreea/StudioProjects/Flutter_Project/build/macos/Build/Intermediates.noindex/Pods.build/Debug/shared_preferences_foundation.build/shared_preferences_foundation-own-target-headers.hmap -Xcc -I/Users/andreea/StudioProjects/Flutter_Project/build/macos/Build/Intermediates.noindex/Pods.build/Debug/shared_preferences_foundation.build/shared_preferences_foundation-all-non-framework-target-headers.hmap -Xcc -ivfsoverlay -Xcc /Users/andreea/StudioProjects/Flutter_Project/build/macos/Build/Intermediates.noindex/Pods.build/Debug/Pods-8699adb1dd336b26511df848a716bd42-VFS/all-product-headers.yaml -Xcc -iquote -Xcc /Users/andreea/StudioProjects/Flutter_Project/build/macos/Build/Intermediates.noindex/Pods.build/Debug/shared_preferences_foundation.build/shared_preferences_foundation-project-headers.hmap -Xcc -I/Users/andreea/StudioProjects/Flutter_Project/build/macos/Build/Products/Debug/shared_preferences_foundation/include -Xcc -I/Users/andreea/StudioProjects/Flutter_Project/build/macos/Build/Intermediates.noindex/Pods.build/Debug/shared_preferences_foundation.build/DerivedSources-normal/arm64 -Xcc -I/Users/andreea/StudioProjects/Flutter_Project/build/macos/Build/Intermediates.noindex/Pods.build/Debug/shared_preferences_foundation.build/DerivedSources/arm64 -Xcc -I/Users/andreea/StudioProjects/Flutter_Project/build/macos/Build/Intermediates.noindex/Pods.build/Debug/shared_preferences_foundation.build/DerivedSources -Xcc -DPOD_CONFIGURATION_DEBUG\=1 -Xcc -DDEBUG\=1 -Xcc -DCOCOAPODS\=1 -emit-objc-header -emit-objc-header-path /Users/andreea/StudioProjects/Flutter_Project/build/macos/Build/Intermediates.noindex/Pods.build/Debug/shared_preferences_foundation.build/Objects-normal/arm64/shared_preferences_foundation-Swift.h -import-underlying-module -Xcc -ivfsoverlay -Xcc /Users/andreea/StudioProjects/Flutter_Project/build/macos/Build/Intermediates.noindex/Pods.build/Debug/shared_preferences_foundation.build/unextended-module-overlay.yaml -working-directory /Users/andreea/StudioProjects/Flutter_Project/macos/Pods -experimental-emit-module-separately -disable-cmo
[        ] SwiftDriverJobDiscovery normal arm64 Compiling SignInWithAppleAvailablePlugin.swift (in target 'sign_in_with_apple' from project 'Pods')
[        ] SwiftCompile normal arm64 Compiling\ messages.g.swift /Users/andreea/.pub-cache/hosted/pub.flutter-io.cn/file_selector_macos-0.9.3+3/macos/Classes/messages.g.swift (in target 'file_selector_macos' from project 'Pods')
[        ] SwiftCompile normal arm64 /Users/andreea/.pub-cache/hosted/pub.flutter-io.cn/file_selector_macos-0.9.3+3/macos/Classes/messages.g.swift (in target 'file_selector_macos' from project 'Pods')
[        ]     cd /Users/andreea/StudioProjects/Flutter_Project/macos/Pods
[  +74 ms] SwiftCompile normal arm64 Compiling\ AppLinksMacosPlugin.swift /Users/andreea/.pub-cache/hosted/pub.flutter-io.cn/app_links-3.4.5/macos/Classes/AppLinksMacosPlugin.swift (in target 'app_links' from project 'Pods')
[        ] SwiftCompile normal arm64 /Users/andreea/.pub-cache/hosted/pub.flutter-io.cn/app_links-3.4.5/macos/Classes/AppLinksMacosPlugin.swift (in target 'app_links' from project 'Pods')
[        ]     cd /Users/andreea/StudioProjects/Flutter_Project/macos/Pods
[        ] SwiftDriverJobDiscovery normal arm64 Emitting module for share_plus (in target 'share_plus' from project 'Pods')
[        ] SwiftMergeGeneratedHeaders /Users/andreea/StudioProjects/Flutter_Project/build/macos/Build/Products/Debug/shared_preferences_foundation/shared_preferences_foundation.framework/Versions/A/Headers/shared_preferences_foundation-Swift.h /Users/andreea/StudioProjects/Flutter_Project/build/macos/Build/Intermediates.noindex/Pods.build/Debug/shared_preferences_foundation.build/Objects-normal/arm64/shared_preferences_foundation-Swift.h (in target 'shared_preferences_foundation' from project 'Pods')
[        ]     cd /Users/andreea/StudioProjects/Flutter_Project/macos/Pods
[        ]     builtin-swiftHeaderTool -arch arm64 /Users/andreea/StudioProjects/Flutter_Project/build/macos/Build/Intermediates.noindex/Pods.build/Debug/shared_preferences_foundation.build/Objects-normal/arm64/shared_preferences_foundation-Swift.h -o /Users/andreea/StudioProjects/Flutter_Project/build/macos/Build/Products/Debug/shared_preferences_foundation/shared_preferences_foundation.framework/Versions/A/Headers/shared_preferences_foundation-Swift.h
[        ] SwiftDriverJobDiscovery normal arm64 Emitting module for file_selector_macos (in target 'file_selector_macos' from project 'Pods')
[        ] Copy /Users/andreea/StudioProjects/Flutter_Project/build/macos/Build/Products/Debug/shared_preferences_foundation/shared_preferences_foundation.framework/Versions/A/Modules/shared_preferences_foundation.swiftmodule/arm64-apple-macos.swiftmodule /Users/andreea/StudioProjects/Flutter_Project/build/macos/Build/Intermediates.noindex/Pods.build/Debug/shared_preferences_foundation.build/Objects-normal/arm64/shared_preferences_foundation.swiftmodule (in target 'shared_preferences_foundation' from project 'Pods')
[        ]     cd /Users/andreea/StudioProjects/Flutter_Project/macos/Pods
[        ]     builtin-copy -exclude .DS_Store -exclude CVS -exclude .svn -exclude .git -exclude .hg -resolve-src-symlinks -rename /Users/andreea/StudioProjects/Flutter_Project/build/macos/Build/Intermediates.noindex/Pods.build/Debug/shared_preferences_foundation.build/Objects-normal/arm64/shared_preferences_foundation.swiftmodule /Users/andreea/StudioProjects/Flutter_Project/build/macos/Build/Products/Debug/shared_preferences_foundation/shared_preferences_foundation.framework/Versions/A/Modules/shared_preferences_foundation.swiftmodule/arm64-apple-macos.swiftmodule
[        ] Copy /Users/andreea/StudioProjects/Flutter_Project/build/macos/Build/Products/Debug/shared_preferences_foundation/shared_preferences_foundation.framework/Versions/A/Modules/shared_preferences_foundation.swiftmodule/arm64-apple-macos.swiftdoc /Users/andreea/StudioProjects/Flutter_Project/build/macos/Build/Intermediates.noindex/Pods.build/Debug/shared_preferences_foundation.build/Objects-normal/arm64/shared_preferences_foundation.swiftdoc (in target 'shared_preferences_foundation' from project 'Pods')
[        ]     cd /Users/andreea/StudioProjects/Flutter_Project/macos/Pods
[        ]     builtin-copy -exclude .DS_Store -exclude CVS -exclude .svn -exclude .git -exclude .hg -resolve-src-symlinks -rename /Users/andreea/StudioProjects/Flutter_Project/build/macos/Build/Intermediates.noindex/Pods.build/Debug/shared_preferences_foundation.build/Objects-normal/arm64/shared_preferences_foundation.swiftdoc /Users/andreea/StudioProjects/Flutter_Project/build/macos/Build/Products/Debug/shared_preferences_foundation/shared_preferences_foundation.framework/Versions/A/Modules/shared_preferences_foundation.swiftmodule/arm64-apple-macos.swiftdoc
[        ] Copy /Users/andreea/StudioProjects/Flutter_Project/build/macos/Build/Products/Debug/shared_preferences_foundation/shared_preferences_foundation.framework/Versions/A/Modules/shared_preferences_foundation.swiftmodule/arm64-apple-macos.abi.json /Users/andreea/StudioProjects/Flutter_Project/build/macos/Build/Intermediates.noindex/Pods.build/Debug/shared_preferences_foundation.build/Objects-normal/arm64/shared_preferences_foundation.abi.json (in target 'shared_preferences_foundation' from project 'Pods')
[        ]     cd /Users/andreea/StudioProjects/Flutter_Project/macos/Pods
[        ]     builtin-copy -exclude .DS_Store -exclude CVS -exclude .svn -exclude .git -exclude .hg -resolve-src-symlinks -rename /Users/andreea/StudioProjects/Flutter_Project/build/macos/Build/Intermediates.noindex/Pods.build/Debug/shared_preferences_foundation.build/Objects-normal/arm64/shared_preferences_foundation.abi.json /Users/andreea/StudioProjects/Flutter_Project/build/macos/Build/Products/Debug/shared_preferences_foundation/shared_preferences_foundation.framework/Versions/A/Modules/shared_preferences_foundation.swiftmodule/arm64-apple-macos.abi.json
[        ] Copy /Users/andreea/StudioProjects/Flutter_Project/build/macos/Build/Products/Debug/shared_preferences_foundation/shared_preferences_foundation.framework/Versions/A/Modules/shared_preferences_foundation.swiftmodule/Project/arm64-apple-macos.swiftsourceinfo /Users/andreea/StudioProjects/Flutter_Project/build/macos/Build/Intermediates.noindex/Pods.build/Debug/shared_preferences_foundation.build/Objects-normal/arm64/shared_preferences_foundation.swiftsourceinfo (in target 'shared_preferences_foundation' from project 'Pods')
[        ]     cd /Users/andreea/StudioProjects/Flutter_Project/macos/Pods
[        ]     builtin-copy -exclude .DS_Store -exclude CVS -exclude .svn -exclude .git -exclude .hg -resolve-src-symlinks -rename /Users/andreea/StudioProjects/Flutter_Project/build/macos/Build/Intermediates.noindex/Pods.build/Debug/shared_preferences_foundation.build/Objects-normal/arm64/shared_preferences_foundation.swiftsourceinfo /Users/andreea/StudioProjects/Flutter_Project/build/macos/Build/Products/Debug/shared_preferences_foundation/shared_preferences_foundation.framework/Versions/A/Modules/shared_preferences_foundation.swiftmodule/Project/arm64-apple-macos.swiftsourceinfo
[        ] SwiftDriver\ Compilation\ Requirements share_plus normal arm64 com.apple.xcode.tools.swift.compiler (in target 'share_plus' from project 'Pods')
[        ]     cd /Users/andreea/StudioProjects/Flutter_Project/macos/Pods
[        ]     builtin-Swift-Compilation-Requirements -- /Applications/Xcode.app/Contents/Developer/Toolchains/XcodeDefault.xctoolchain/usr/bin/swiftc -module-name share_plus -Onone -enforce-exclusivity\=checked @/Users/andreea/StudioProjects/Flutter_Project/build/macos/Build/Intermediates.noindex/Pods.build/Debug/share_plus.build/Objects-normal/arm64/share_plus.SwiftFileList -DDEBUG -D COCOAPODS -enable-bare-slash-regex -enable-experimental-feature DebugDescriptionMacro -sdk /Applications/Xcode.app/Contents/Developer/Platforms/MacOSX.platform/Developer/SDKs/MacOSX15.4.sdk -target arm64-apple-macos10.14 -g -module-cache-path /Users/andreea/StudioProjects/Flutter_Project/build/macos/ModuleCache.noindex -Xfrontend -serialize-debugging-options -enable-testing -swift-version 5 -I /Users/andreea/StudioProjects/Flutter_Project/build/macos/Build/Products/Debug/share_plus -F /Users/andreea/StudioProjects/Flutter_Project/build/macos/Build/Products/Debug/share_plus -F /Users/andreea/StudioProjects/development/flutter_honoo/bin/cache/artifacts/engine/darwin-x64 -parse-as-library -c -j10 -enable-batch-mode -incremental -Xcc -ivfsstatcache -Xcc /Users/andreea/StudioProjects/Flutter_Project/build/macos/SDKStatCaches.noindex/macosx15.4-24E241-88b860576fb364319593bd8fb30666b0.sdkstatcache -output-file-map /Users/andreea/StudioProjects/Flutter_Project/build/macos/Build/Intermediates.noindex/Pods.build/Debug/share_plus.build/Objects-normal/arm64/share_plus-OutputFileMap.json -use-frontend-parseable-output -save-temps -no-color-diagnostics -serialize-diagnostics -emit-dependencies -emit-module -emit-module-path /Users/andreea/StudioProjects/Flutter_Project/build/macos/Build/Intermediates.noindex/Pods.build/Debug/share_plus.build/Objects-normal/arm64/share_plus.swiftmodule -validate-clang-modules-once -clang-build-session-file /Users/andreea/StudioProjects/Flutter_Project/build/macos/ModuleCache.noindex/Session.modulevalidation -Xcc -I/Users/andreea/StudioProjects/Flutter_Project/build/macos/Build/Intermediates.noindex/Pods.build/Debug/share_plus.build/swift-overrides.hmap -emit-const-values -Xfrontend -const-gather-protocols-file -Xfrontend /Users/andreea/StudioProjects/Flutter_Project/build/macos/Build/Intermediates.noindex/Pods.build/Debug/share_plus.build/Objects-normal/arm64/share_plus_const_extract_protocols.json -Xcc -iquote -Xcc /Users/andreea/StudioProjects/Flutter_Project/build/macos/Build/Intermediates.noindex/Pods.build/Debug/share_plus.build/share_plus-generated-files.hmap -Xcc -I/Users/andreea/StudioProjects/Flutter_Project/build/macos/Build/Intermediates.noindex/Pods.build/Debug/share_plus.build/share_plus-own-target-headers.hmap -Xcc -I/Users/andreea/StudioProjects/Flutter_Project/build/macos/Build/Intermediates.noindex/Pods.build/Debug/share_plus.build/share_plus-all-non-framework-target-headers.hmap -Xcc -ivfsoverlay -Xcc /Users/andreea/StudioProjects/Flutter_Project/build/macos/Build/Intermediates.noindex/Pods.build/Debug/Pods-8699adb1dd336b26511df848a716bd42-VFS/all-product-headers.yaml -Xcc -iquote -Xcc /Users/andreea/StudioProjects/Flutter_Project/build/macos/Build/Intermediates.noindex/Pods.build/Debug/share_plus.build/share_plus-project-headers.hmap -Xcc -I/Users/andreea/StudioProjects/Flutter_Project/build/macos/Build/Products/Debug/share_plus/include -Xcc -I/Users/andreea/StudioProjects/Flutter_Project/build/macos/Build/Intermediates.noindex/Pods.build/Debug/share_plus.build/DerivedSources-normal/arm64 -Xcc -I/Users/andreea/StudioProjects/Flutter_Project/build/macos/Build/Intermediates.noindex/Pods.build/Debug/share_plus.build/DerivedSources/arm64 -Xcc -I/Users/andreea/StudioProjects/Flutter_Project/build/macos/Build/Intermediates.noindex/Pods.build/Debug/share_plus.build/DerivedSources -Xcc -DPOD_CONFIGURATION_DEBUG\=1 -Xcc -DDEBUG\=1 -Xcc -DCOCOAPODS\=1 -emit-objc-header -emit-objc-header-path /Users/andreea/StudioProjects/Flutter_Project/build/macos/Build/Intermediates.noindex/Pods.build/Debug/share_plus.build/Objects-normal/arm64/share_plus-Swift.h -import-underlying-module -Xcc -ivfsoverlay -Xcc /Users/andreea/StudioProjects/Flutter_Project/build/macos/Build/Intermediates.noindex/Pods.build/Debug/share_plus.build/unextended-module-overlay.yaml -working-directory /Users/andreea/StudioProjects/Flutter_Project/macos/Pods -experimental-emit-module-separately -disable-cmo
[        ] SwiftDriver\ Compilation\ Requirements file_selector_macos normal arm64 com.apple.xcode.tools.swift.compiler (in target 'file_selector_macos' from project 'Pods')
[        ]     cd /Users/andreea/StudioProjects/Flutter_Project/macos/Pods
[        ]     builtin-Swift-Compilation-Requirements -- /Applications/Xcode.app/Contents/Developer/Toolchains/XcodeDefault.xctoolchain/usr/bin/swiftc -module-name file_selector_macos -Onone -enforce-exclusivity\=checked @/Users/andreea/StudioProjects/Flutter_Project/build/macos/Build/Intermediates.noindex/Pods.build/Debug/file_selector_macos.build/Objects-normal/arm64/file_selector_macos.SwiftFileList -DDEBUG -D COCOAPODS -enable-bare-slash-regex -enable-experimental-feature DebugDescriptionMacro -sdk /Applications/Xcode.app/Contents/Developer/Platforms/MacOSX.platform/Developer/SDKs/MacOSX15.4.sdk -target arm64-apple-macos10.14 -g -module-cache-path /Users/andreea/StudioProjects/Flutter_Project/build/macos/ModuleCache.noindex -Xfrontend -serialize-debugging-options -enable-testing -swift-version 5 -I /Users/andreea/StudioProjects/Flutter_Project/build/macos/Build/Products/Debug/file_selector_macos -F /Users/andreea/StudioProjects/Flutter_Project/build/macos/Build/Products/Debug/file_selector_macos -F /Users/andreea/StudioProjects/development/flutter_honoo/bin/cache/artifacts/engine/darwin-x64 -c -j10 -enable-batch-mode -incremental -Xcc -ivfsstatcache -Xcc /Users/andreea/StudioProjects/Flutter_Project/build/macos/SDKStatCaches.noindex/macosx15.4-24E241-88b860576fb364319593bd8fb30666b0.sdkstatcache -output-file-map /Users/andreea/StudioProjects/Flutter_Project/build/macos/Build/Intermediates.noindex/Pods.build/Debug/file_selector_macos.build/Objects-normal/arm64/file_selector_macos-OutputFileMap.json -use-frontend-parseable-output -save-temps -no-color-diagnostics -serialize-diagnostics -emit-dependencies -emit-module -emit-module-path /Users/andreea/StudioProjects/Flutter_Project/build/macos/Build/Intermediates.noindex/Pods.build/Debug/file_selector_macos.build/Objects-normal/arm64/file_selector_macos.swiftmodule -validate-clang-modules-once -clang-build-session-file /Users/andreea/StudioProjects/Flutter_Project/build/macos/ModuleCache.noindex/Session.modulevalidation -Xcc -I/Users/andreea/StudioProjects/Flutter_Project/build/macos/Build/Intermediates.noindex/Pods.build/Debug/file_selector_macos.build/swift-overrides.hmap -emit-const-values -Xfrontend -const-gather-protocols-file -Xfrontend /Users/andreea/StudioProjects/Flutter_Project/build/macos/Build/Intermediates.noindex/Pods.build/Debug/file_selector_macos.build/Objects-normal/arm64/file_selector_macos_const_extract_protocols.json -Xcc -iquote -Xcc /Users/andreea/StudioProjects/Flutter_Project/build/macos/Build/Intermediates.noindex/Pods.build/Debug/file_selector_macos.build/file_selector_macos-generated-files.hmap -Xcc -I/Users/andreea/StudioProjects/Flutter_Project/build/macos/Build/Intermediates.noindex/Pods.build/Debug/file_selector_macos.build/file_selector_macos-own-target-headers.hmap -Xcc -I/Users/andreea/StudioProjects/Flutter_Project/build/macos/Build/Intermediates.noindex/Pods.build/Debug/file_selector_macos.build/file_selector_macos-all-non-framework-target-headers.hmap -Xcc -ivfsoverlay -Xcc /Users/andreea/StudioProjects/Flutter_Project/build/macos/Build/Intermediates.noindex/Pods.build/Debug/Pods-8699adb1dd336b26511df848a716bd42-VFS/all-product-headers.yaml -Xcc -iquote -Xcc /Users/andreea/StudioProjects/Flutter_Project/build/macos/Build/Intermediates.noindex/Pods.build/Debug/file_selector_macos.build/file_selector_macos-project-headers.hmap -Xcc -I/Users/andreea/StudioProjects/Flutter_Project/build/macos/Build/Products/Debug/file_selector_macos/include -Xcc -I/Users/andreea/StudioProjects/Flutter_Project/build/macos/Build/Intermediates.noindex/Pods.build/Debug/file_selector_macos.build/DerivedSources-normal/arm64 -Xcc -I/Users/andreea/StudioProjects/Flutter_Project/build/macos/Build/Intermediates.noindex/Pods.build/Debug/file_selector_macos.build/DerivedSources/arm64 -Xcc -I/Users/andreea/StudioProjects/Flutter_Project/build/macos/Build/Intermediates.noindex/Pods.build/Debug/file_selector_macos.build/DerivedSources -Xcc -DPOD_CONFIGURATION_DEBUG\=1 -Xcc -DDEBUG\=1 -Xcc -DCOCOAPODS\=1 -emit-objc-header -emit-objc-header-path /Users/andreea/StudioProjects/Flutter_Project/build/macos/Build/Intermediates.noindex/Pods.build/Debug/file_selector_macos.build/Objects-normal/arm64/file_selector_macos-Swift.h -import-underlying-module -Xcc -ivfsoverlay -Xcc /Users/andreea/StudioProjects/Flutter_Project/build/macos/Build/Intermediates.noindex/Pods.build/Debug/file_selector_macos.build/unextended-module-overlay.yaml -working-directory /Users/andreea/StudioProjects/Flutter_Project/macos/Pods -experimental-emit-module-separately -disable-cmo
[        ] SwiftMergeGeneratedHeaders /Users/andreea/StudioProjects/Flutter_Project/build/macos/Build/Products/Debug/share_plus/share_plus.framework/Versions/A/Headers/share_plus-Swift.h /Users/andreea/StudioProjects/Flutter_Project/build/macos/Build/Intermediates.noindex/Pods.build/Debug/share_plus.build/Objects-normal/arm64/share_plus-Swift.h (in target 'share_plus' from project 'Pods')
[        ]     cd /Users/andreea/StudioProjects/Flutter_Project/macos/Pods
[        ]     builtin-swiftHeaderTool -arch arm64 /Users/andreea/StudioProjects/Flutter_Project/build/macos/Build/Intermediates.noindex/Pods.build/Debug/share_plus.build/Objects-normal/arm64/share_plus-Swift.h -o /Users/andreea/StudioProjects/Flutter_Project/build/macos/Build/Products/Debug/share_plus/share_plus.framework/Versions/A/Headers/share_plus-Swift.h
[        ] Copy /Users/andreea/StudioProjects/Flutter_Project/build/macos/Build/Products/Debug/share_plus/share_plus.framework/Versions/A/Modules/share_plus.swiftmodule/arm64-apple-macos.swiftmodule /Users/andreea/StudioProjects/Flutter_Project/build/macos/Build/Intermediates.noindex/Pods.build/Debug/share_plus.build/Objects-normal/arm64/share_plus.swiftmodule (in target 'share_plus' from project 'Pods')
[        ]     cd /Users/andreea/StudioProjects/Flutter_Project/macos/Pods
[        ]     builtin-copy -exclude .DS_Store -exclude CVS -exclude .svn -exclude .git -exclude .hg -resolve-src-symlinks -rename /Users/andreea/StudioProjects/Flutter_Project/build/macos/Build/Intermediates.noindex/Pods.build/Debug/share_plus.build/Objects-normal/arm64/share_plus.swiftmodule /Users/andreea/StudioProjects/Flutter_Project/build/macos/Build/Products/Debug/share_plus/share_plus.framework/Versions/A/Modules/share_plus.swiftmodule/arm64-apple-macos.swiftmodule
[        ] Copy /Users/andreea/StudioProjects/Flutter_Project/build/macos/Build/Products/Debug/share_plus/share_plus.framework/Versions/A/Modules/share_plus.swiftmodule/arm64-apple-macos.swiftdoc /Users/andreea/StudioProjects/Flutter_Project/build/macos/Build/Intermediates.noindex/Pods.build/Debug/share_plus.build/Objects-normal/arm64/share_plus.swiftdoc (in target 'share_plus' from project 'Pods')
[        ]     cd /Users/andreea/StudioProjects/Flutter_Project/macos/Pods
[        ]     builtin-copy -exclude .DS_Store -exclude CVS -exclude .svn -exclude .git -exclude .hg -resolve-src-symlinks -rename /Users/andreea/StudioProjects/Flutter_Project/build/macos/Build/Intermediates.noindex/Pods.build/Debug/share_plus.build/Objects-normal/arm64/share_plus.swiftdoc /Users/andreea/StudioProjects/Flutter_Project/build/macos/Build/Products/Debug/share_plus/share_plus.framework/Versions/A/Modules/share_plus.swiftmodule/arm64-apple-macos.swiftdoc
[        ] Copy /Users/andreea/StudioProjects/Flutter_Project/build/macos/Build/Products/Debug/share_plus/share_plus.framework/Versions/A/Modules/share_plus.swiftmodule/arm64-apple-macos.abi.json /Users/andreea/StudioProjects/Flutter_Project/build/macos/Build/Intermediates.noindex/Pods.build/Debug/share_plus.build/Objects-normal/arm64/share_plus.abi.json (in target 'share_plus' from project 'Pods')
[        ]     cd /Users/andreea/StudioProjects/Flutter_Project/macos/Pods
[        ]     builtin-copy -exclude .DS_Store -exclude CVS -exclude .svn -exclude .git -exclude .hg -resolve-src-symlinks -rename /Users/andreea/StudioProjects/Flutter_Project/build/macos/Build/Intermediates.noindex/Pods.build/Debug/share_plus.build/Objects-normal/arm64/share_plus.abi.json /Users/andreea/StudioProjects/Flutter_Project/build/macos/Build/Products/Debug/share_plus/share_plus.framework/Versions/A/Modules/share_plus.swiftmodule/arm64-apple-macos.abi.json
[        ] Copy /Users/andreea/StudioProjects/Flutter_Project/build/macos/Build/Products/Debug/share_plus/share_plus.framework/Versions/A/Modules/share_plus.swiftmodule/Project/arm64-apple-macos.swiftsourceinfo /Users/andreea/StudioProjects/Flutter_Project/build/macos/Build/Intermediates.noindex/Pods.build/Debug/share_plus.build/Objects-normal/arm64/share_plus.swiftsourceinfo (in target 'share_plus' from project 'Pods')
[        ]     cd /Users/andreea/StudioProjects/Flutter_Project/macos/Pods
[        ]     builtin-copy -exclude .DS_Store -exclude CVS -exclude .svn -exclude .git -exclude .hg -resolve-src-symlinks -rename /Users/andreea/StudioProjects/Flutter_Project/build/macos/Build/Intermediates.noindex/Pods.build/Debug/share_plus.build/Objects-normal/arm64/share_plus.swiftsourceinfo /Users/andreea/StudioProjects/Flutter_Project/build/macos/Build/Products/Debug/share_plus/share_plus.framework/Versions/A/Modules/share_plus.swiftmodule/Project/arm64-apple-macos.swiftsourceinfo
[        ] SwiftMergeGeneratedHeaders /Users/andreea/StudioProjects/Flutter_Project/build/macos/Build/Products/Debug/file_selector_macos/file_selector_macos.framework/Versions/A/Headers/file_selector_macos-Swift.h /Users/andreea/StudioProjects/Flutter_Project/build/macos/Build/Intermediates.noindex/Pods.build/Debug/file_selector_macos.build/Objects-normal/arm64/file_selector_macos-Swift.h (in target 'file_selector_macos' from project 'Pods')
[        ]     cd /Users/andreea/StudioProjects/Flutter_Project/macos/Pods
[        ]     builtin-swiftHeaderTool -arch arm64 /Users/andreea/StudioProjects/Flutter_Project/build/macos/Build/Intermediates.noindex/Pods.build/Debug/file_selector_macos.build/Objects-normal/arm64/file_selector_macos-Swift.h -o /Users/andreea/StudioProjects/Flutter_Project/build/macos/Build/Products/Debug/file_selector_macos/file_selector_macos.framework/Versions/A/Headers/file_selector_macos-Swift.h
[        ] Copy /Users/andreea/StudioProjects/Flutter_Project/build/macos/Build/Products/Debug/file_selector_macos/file_selector_macos.framework/Versions/A/Modules/file_selector_macos.swiftmodule/arm64-apple-macos.swiftmodule /Users/andreea/StudioProjects/Flutter_Project/build/macos/Build/Intermediates.noindex/Pods.build/Debug/file_selector_macos.build/Objects-normal/arm64/file_selector_macos.swiftmodule (in target 'file_selector_macos' from project 'Pods')
[        ]     cd /Users/andreea/StudioProjects/Flutter_Project/macos/Pods
[        ]     builtin-copy -exclude .DS_Store -exclude CVS -exclude .svn -exclude .git -exclude .hg -resolve-src-symlinks -rename /Users/andreea/StudioProjects/Flutter_Project/build/macos/Build/Intermediates.noindex/Pods.build/Debug/file_selector_macos.build/Objects-normal/arm64/file_selector_macos.swiftmodule /Users/andreea/StudioProjects/Flutter_Project/build/macos/Build/Products/Debug/file_selector_macos/file_selector_macos.framework/Versions/A/Modules/file_selector_macos.swiftmodule/arm64-apple-macos.swiftmodule
[        ] Copy /Users/andreea/StudioProjects/Flutter_Project/build/macos/Build/Products/Debug/file_selector_macos/file_selector_macos.framework/Versions/A/Modules/file_selector_macos.swiftmodule/arm64-apple-macos.swiftdoc /Users/andreea/StudioProjects/Flutter_Project/build/macos/Build/Intermediates.noindex/Pods.build/Debug/file_selector_macos.build/Objects-normal/arm64/file_selector_macos.swiftdoc (in target 'file_selector_macos' from project 'Pods')
[        ]     cd /Users/andreea/StudioProjects/Flutter_Project/macos/Pods
[        ]     builtin-copy -exclude .DS_Store -exclude CVS -exclude .svn -exclude .git -exclude .hg -resolve-src-symlinks -rename /Users/andreea/StudioProjects/Flutter_Project/build/macos/Build/Intermediates.noindex/Pods.build/Debug/file_selector_macos.build/Objects-normal/arm64/file_selector_macos.swiftdoc /Users/andreea/StudioProjects/Flutter_Project/build/macos/Build/Products/Debug/file_selector_macos/file_selector_macos.framework/Versions/A/Modules/file_selector_macos.swiftmodule/arm64-apple-macos.swiftdoc
[        ] Copy /Users/andreea/StudioProjects/Flutter_Project/build/macos/Build/Products/Debug/file_selector_macos/file_selector_macos.framework/Versions/A/Modules/file_selector_macos.swiftmodule/arm64-apple-macos.abi.json /Users/andreea/StudioProjects/Flutter_Project/build/macos/Build/Intermediates.noindex/Pods.build/Debug/file_selector_macos.build/Objects-normal/arm64/file_selector_macos.abi.json (in target 'file_selector_macos' from project 'Pods')
[        ]     cd /Users/andreea/StudioProjects/Flutter_Project/macos/Pods
[        ]     builtin-copy -exclude .DS_Store -exclude CVS -exclude .svn -exclude .git -exclude .hg -resolve-src-symlinks -rename /Users/andreea/StudioProjects/Flutter_Project/build/macos/Build/Intermediates.noindex/Pods.build/Debug/file_selector_macos.build/Objects-normal/arm64/file_selector_macos.abi.json /Users/andreea/StudioProjects/Flutter_Project/build/macos/Build/Products/Debug/file_selector_macos/file_selector_macos.framework/Versions/A/Modules/file_selector_macos.swiftmodule/arm64-apple-macos.abi.json
[        ] Copy /Users/andreea/StudioProjects/Flutter_Project/build/macos/Build/Products/Debug/file_selector_macos/file_selector_macos.framework/Versions/A/Modules/file_selector_macos.swiftmodule/Project/arm64-apple-macos.swiftsourceinfo /Users/andreea/StudioProjects/Flutter_Project/build/macos/Build/Intermediates.noindex/Pods.build/Debug/file_selector_macos.build/Objects-normal/arm64/file_selector_macos.swiftsourceinfo (in target 'file_selector_macos' from project 'Pods')
[        ]     cd /Users/andreea/StudioProjects/Flutter_Project/macos/Pods
[        ]     builtin-copy -exclude .DS_Store -exclude CVS -exclude .svn -exclude .git -exclude .hg -resolve-src-symlinks -rename /Users/andreea/StudioProjects/Flutter_Project/build/macos/Build/Intermediates.noindex/Pods.build/Debug/file_selector_macos.build/Objects-normal/arm64/file_selector_macos.swiftsourceinfo /Users/andreea/StudioProjects/Flutter_Project/build/macos/Build/Products/Debug/file_selector_macos/file_selector_macos.framework/Versions/A/Modules/file_selector_macos.swiftmodule/Project/arm64-apple-macos.swiftsourceinfo
[        ] SwiftDriver\ Compilation sign_in_with_apple normal arm64 com.apple.xcode.tools.swift.compiler (in target 'sign_in_with_apple' from project 'Pods')
[        ]     cd /Users/andreea/StudioProjects/Flutter_Project/macos/Pods
[        ]     builtin-Swift-Compilation -- /Applications/Xcode.app/Contents/Developer/Toolchains/XcodeDefault.xctoolchain/usr/bin/swiftc -module-name sign_in_with_apple -Onone -enforce-exclusivity\=checked @/Users/andreea/StudioProjects/Flutter_Project/build/macos/Build/Intermediates.noindex/Pods.build/Debug/sign_in_with_apple.build/Objects-normal/arm64/sign_in_with_apple.SwiftFileList -DDEBUG -D COCOAPODS -enable-bare-slash-regex -enable-experimental-feature DebugDescriptionMacro -sdk /Applications/Xcode.app/Contents/Developer/Platforms/MacOSX.platform/Developer/SDKs/MacOSX15.4.sdk -target arm64-apple-macos10.14 -g -module-cache-path /Users/andreea/StudioProjects/Flutter_Project/build/macos/ModuleCache.noindex -Xfrontend -serialize-debugging-options -enable-testing -swift-version 5 -I /Users/andreea/StudioProjects/Flutter_Project/build/macos/Build/Products/Debug/sign_in_with_apple -F /Users/andreea/StudioProjects/Flutter_Project/build/macos/Build/Products/Debug/sign_in_with_apple -F /Users/andreea/StudioProjects/development/flutter_honoo/bin/cache/artifacts/engine/darwin-x64 -c -j10 -enable-batch-mode -incremental -Xcc -ivfsstatcache -Xcc /Users/andreea/StudioProjects/Flutter_Project/build/macos/SDKStatCaches.noindex/macosx15.4-24E241-88b860576fb364319593bd8fb30666b0.sdkstatcache -output-file-map /Users/andreea/StudioProjects/Flutter_Project/build/macos/Build/Intermediates.noindex/Pods.build/Debug/sign_in_with_apple.build/Objects-normal/arm64/sign_in_with_apple-OutputFileMap.json -use-frontend-parseable-output -save-temps -no-color-diagnostics -serialize-diagnostics -emit-dependencies -emit-module -emit-module-path /Users/andreea/StudioProjects/Flutter_Project/build/macos/Build/Intermediates.noindex/Pods.build/Debug/sign_in_with_apple.build/Objects-normal/arm64/sign_in_with_apple.swiftmodule -validate-clang-modules-once -clang-build-session-file /Users/andreea/StudioProjects/Flutter_Project/build/macos/ModuleCache.noindex/Session.modulevalidation -Xcc -I/Users/andreea/StudioProjects/Flutter_Project/build/macos/Build/Intermediates.noindex/Pods.build/Debug/sign_in_with_apple.build/swift-overrides.hmap -emit-const-values -Xfrontend -const-gather-protocols-file -Xfrontend /Users/andreea/StudioProjects/Flutter_Project/build/macos/Build/Intermediates.noindex/Pods.build/Debug/sign_in_with_apple.build/Objects-normal/arm64/sign_in_with_apple_const_extract_protocols.json -Xcc -iquote -Xcc /Users/andreea/StudioProjects/Flutter_Project/build/macos/Build/Intermediates.noindex/Pods.build/Debug/sign_in_with_apple.build/sign_in_with_apple-generated-files.hmap -Xcc -I/Users/andreea/StudioProjects/Flutter_Project/build/macos/Build/Intermediates.noindex/Pods.build/Debug/sign_in_with_apple.build/sign_in_with_apple-own-target-headers.hmap -Xcc -I/Users/andreea/StudioProjects/Flutter_Project/build/macos/Build/Intermediates.noindex/Pods.build/Debug/sign_in_with_apple.build/sign_in_with_apple-all-non-framework-target-headers.hmap -Xcc -ivfsoverlay -Xcc /Users/andreea/StudioProjects/Flutter_Project/build/macos/Build/Intermediates.noindex/Pods.build/Debug/Pods-8699adb1dd336b26511df848a716bd42-VFS/all-product-headers.yaml -Xcc -iquote -Xcc /Users/andreea/StudioProjects/Flutter_Project/build/macos/Build/Intermediates.noindex/Pods.build/Debug/sign_in_with_apple.build/sign_in_with_apple-project-headers.hmap -Xcc -I/Users/andreea/StudioProjects/Flutter_Project/build/macos/Build/Products/Debug/sign_in_with_apple/include -Xcc -I/Users/andreea/StudioProjects/Flutter_Project/build/macos/Build/Intermediates.noindex/Pods.build/Debug/sign_in_with_apple.build/DerivedSources-normal/arm64 -Xcc -I/Users/andreea/StudioProjects/Flutter_Project/build/macos/Build/Intermediates.noindex/Pods.build/Debug/sign_in_with_apple.build/DerivedSources/arm64 -Xcc -I/Users/andreea/StudioProjects/Flutter_Project/build/macos/Build/Intermediates.noindex/Pods.build/Debug/sign_in_with_apple.build/DerivedSources -Xcc -DPOD_CONFIGURATION_DEBUG\=1 -Xcc -DDEBUG\=1 -Xcc -DCOCOAPODS\=1 -emit-objc-header -emit-objc-header-path /Users/andreea/StudioProjects/Flutter_Project/build/macos/Build/Intermediates.noindex/Pods.build/Debug/sign_in_with_apple.build/Objects-normal/arm64/sign_in_with_apple-Swift.h -import-underlying-module -Xcc -ivfsoverlay -Xcc /Users/andreea/StudioProjects/Flutter_Project/build/macos/Build/Intermediates.noindex/Pods.build/Debug/sign_in_with_apple.build/unextended-module-overlay.yaml -working-directory /Users/andreea/StudioProjects/Flutter_Project/macos/Pods -experimental-emit-module-separately -disable-cmo
[        ] ScanDependencies /Users/andreea/StudioProjects/Flutter_Project/build/macos/Build/Intermediates.noindex/Pods.build/Debug/url_launcher_macos.build/Objects-normal/arm64/url_launcher_macos_vers.o /Users/andreea/StudioProjects/Flutter_Project/build/macos/Build/Intermediates.noindex/Pods.build/Debug/url_launcher_macos.build/DerivedSources/url_launcher_macos_vers.c normal arm64 c com.apple.compilers.llvm.clang.1_0.compiler (in target 'url_launcher_macos' from project 'Pods')
[        ]     cd /Users/andreea/StudioProjects/Flutter_Project/macos/Pods
[        ]     Using response file: /Users/andreea/StudioProjects/Flutter_Project/build/macos/Build/Intermediates.noindex/Pods.build/Debug/url_launcher_macos.build/Objects-normal/arm64/7187679823f38a2a940e0043cdf9d637-common-args.resp
[        ]     builtin-ScanDependencies -o /Users/andreea/StudioProjects/Flutter_Project/build/macos/Build/Intermediates.noindex/Pods.build/Debug/url_launcher_macos.build/Objects-normal/arm64/url_launcher_macos_vers.o.scan -- /Applications/Xcode.app/Contents/Developer/Toolchains/XcodeDefault.xctoolchain/usr/bin/clang -x c -ivfsstatcache /Users/andreea/StudioProjects/Flutter_Project/build/macos/SDKStatCaches.noindex/macosx15.4-24E241-88b860576fb364319593bd8fb30666b0.sdkstatcache -fmessage-length\=0 -fdiagnostics-show-note-include-stack -fmacro-backtrace-limit\=0 -fno-color-diagnostics -fmodules-prune-interval\=86400 -fmodules-prune-after\=345600 -fbuild-session-file\=/Users/andreea/StudioProjects/Flutter_Project/build/macos/ModuleCache.noindex/Session.modulevalidation -fmodules-validate-once-per-build-session -Wnon-modular-include-in-framework-module -Werror\=non-modular-include-in-framework-module -Wno-trigraphs -Wno-missing-field-initializers -Wno-missing-prototypes -Werror\=return-type -Wdocumentation -Wunreachable-code -Werror\=deprecated-objc-isa-usage -Werror\=objc-root-class -Wno-missing-braces -Wparentheses -Wswitch -Wunused-function -Wno-unused-label -Wno-unused-parameter -Wunused-variable -Wunused-value -Wempty-body -Wuninitialized -Wconditional-uninitialized -Wno-unknown-pragmas -Wno-shadow -Wno-four-char-constants -Wno-conversion -Wconstant-conversion -Wint-conversion -Wbool-conversion -Wenum-conversion -Wno-float-conversion -Wnon-literal-null-conversion -Wobjc-literal-conversion -Wshorten-64-to-32 -Wpointer-sign -Wno-newline-eof -Wno-implicit-fallthrough -fstrict-aliasing -Wdeprecated-declarations -Wno-sign-conversion -Winfinite-recursion -Wcomma -Wblock-capture-autoreleasing -Wstrict-prototypes -Wno-semicolon-before-method-body -Wunguarded-availability @/Users/andreea/StudioProjects/Flutter_Project/build/macos/Build/Intermediates.noindex/Pods.build/Debug/url_launcher_macos.build/Objects-normal/arm64/7187679823f38a2a940e0043cdf9d637-common-args.resp -MMD -MT dependencies -MF /Users/andreea/StudioProjects/Flutter_Project/build/macos/Build/Intermediates.noindex/Pods.build/Debug/url_launcher_macos.build/Objects-normal/arm64/url_launcher_macos_vers.d --serialize-diagnostics /Users/andreea/StudioProjects/Flutter_Project/build/macos/Build/Intermediates.noindex/Pods.build/Debug/url_launcher_macos.build/Objects-normal/arm64/url_launcher_macos_vers.dia -c /Users/andreea/StudioProjects/Flutter_Project/build/macos/Build/Intermediates.noindex/Pods.build/Debug/url_launcher_macos.build/DerivedSources/url_launcher_macos_vers.c -o /Users/andreea/StudioProjects/Flutter_Project/build/macos/Build/Intermediates.noindex/Pods.build/Debug/url_launcher_macos.build/Objects-normal/arm64/url_launcher_macos_vers.o
[   +1 ms] ScanDependencies /Users/andreea/StudioProjects/Flutter_Project/build/macos/Build/Intermediates.noindex/Pods.build/Debug/url_launcher_macos.build/Objects-normal/arm64/url_launcher_macos-dummy.o /Users/andreea/StudioProjects/Flutter_Project/macos/Pods/Target\ Support\ Files/url_launcher_macos/url_launcher_macos-dummy.m normal arm64 objective-c com.apple.compilers.llvm.clang.1_0.compiler (in target 'url_launcher_macos' from project 'Pods')
[        ]     cd /Users/andreea/StudioProjects/Flutter_Project/macos/Pods
[        ]     Using response file: /Users/andreea/StudioProjects/Flutter_Project/build/macos/Build/Intermediates.noindex/Pods.build/Debug/url_launcher_macos.build/Objects-normal/arm64/e6072d4f65d7061329687fe24e3d63a7-common-args.resp
[        ]     builtin-ScanDependencies -o /Users/andreea/StudioProjects/Flutter_Project/build/macos/Build/Intermediates.noindex/Pods.build/Debug/url_launcher_macos.build/Objects-normal/arm64/url_launcher_macos-dummy.o.scan -- /Applications/Xcode.app/Contents/Developer/Toolchains/XcodeDefault.xctoolchain/usr/bin/clang -x objective-c -ivfsstatcache /Users/andreea/StudioProjects/Flutter_Project/build/macos/SDKStatCaches.noindex/macosx15.4-24E241-88b860576fb364319593bd8fb30666b0.sdkstatcache -fmessage-length\=0 -fdiagnostics-show-note-include-stack -fmacro-backtrace-limit\=0 -fno-color-diagnostics -fmodules-prune-interval\=86400 -fmodules-prune-after\=345600 -fbuild-session-file\=/Users/andreea/StudioProjects/Flutter_Project/build/macos/ModuleCache.noindex/Session.modulevalidation -fmodules-validate-once-per-build-session -Wnon-modular-include-in-framework-module -Werror\=non-modular-include-in-framework-module -Wno-trigraphs -Wno-missing-field-initializers -Wno-missing-prototypes -Werror\=return-type -Wdocumentation -Wunreachable-code -Wno-implicit-atomic-properties -Werror\=deprecated-objc-isa-usage -Wno-objc-interface-ivars -Werror\=objc-root-class -Wno-arc-repeated-use-of-weak -Wimplicit-retain-self -Wduplicate-method-match -Wno-missing-braces -Wparentheses -Wswitch -Wunused-function -Wno-unused-label -Wno-unused-parameter -Wunused-variable -Wunused-value -Wempty-body -Wuninitialized -Wconditional-uninitialized -Wno-unknown-pragmas -Wno-shadow -Wno-four-char-constants -Wno-conversion -Wconstant-conversion -Wint-conversion -Wbool-conversion -Wenum-conversion -Wno-float-conversion -Wnon-literal-null-conversion -Wobjc-literal-conversion -Wshorten-64-to-32 -Wpointer-sign -Wno-newline-eof -Wno-selector -Wno-strict-selector-match -Wundeclared-selector -Wdeprecated-implementations -Wno-implicit-fallthrough -fstrict-aliasing -Wprotocol -Wdeprecated-declarations -Wno-sign-conversion -Winfinite-recursion -Wcomma -Wblock-capture-autoreleasing -Wstrict-prototypes -Wno-semicolon-before-method-body -Wunguarded-availability @/Users/andreea/StudioProjects/Flutter_Project/build/macos/Build/Intermediates.noindex/Pods.build/Debug/url_launcher_macos.build/Objects-normal/arm64/e6072d4f65d7061329687fe24e3d63a7-common-args.resp -include /Users/andreea/StudioProjects/Flutter_Project/macos/Pods/Target\ Support\ Files/url_launcher_macos/url_launcher_macos-prefix.pch -MMD -MT dependencies -MF /Users/andreea/StudioProjects/Flutter_Project/build/macos/Build/Intermediates.noindex/Pods.build/Debug/url_launcher_macos.build/Objects-normal/arm64/url_launcher_macos-dummy.d --serialize-diagnostics /Users/andreea/StudioProjects/Flutter_Project/build/macos/Build/Intermediates.noindex/Pods.build/Debug/url_launcher_macos.build/Objects-normal/arm64/url_launcher_macos-dummy.dia -c /Users/andreea/StudioProjects/Flutter_Project/macos/Pods/Target\ Support\ Files/url_launcher_macos/url_launcher_macos-dummy.m -o /Users/andreea/StudioProjects/Flutter_Project/build/macos/Build/Intermediates.noindex/Pods.build/Debug/url_launcher_macos.build/Objects-normal/arm64/url_launcher_macos-dummy.o
[ +616 ms] CompileC /Users/andreea/StudioProjects/Flutter_Project/build/macos/Build/Intermediates.noindex/Pods.build/Debug/url_launcher_macos.build/Objects-normal/arm64/url_launcher_macos_vers.o /Users/andreea/StudioProjects/Flutter_Project/build/macos/Build/Intermediates.noindex/Pods.build/Debug/url_launcher_macos.build/DerivedSources/url_launcher_macos_vers.c normal arm64 c com.apple.compilers.llvm.clang.1_0.compiler (in target 'url_launcher_macos' from project 'Pods')
[        ]     cd /Users/andreea/StudioProjects/Flutter_Project/macos/Pods
[        ]     Using response file: /Users/andreea/StudioProjects/Flutter_Project/build/macos/Build/Intermediates.noindex/Pods.build/Debug/url_launcher_macos.build/Objects-normal/arm64/7187679823f38a2a940e0043cdf9d637-common-args.resp
[        ]     /Applications/Xcode.app/Contents/Developer/Toolchains/XcodeDefault.xctoolchain/usr/bin/clang -x c -ivfsstatcache /Users/andreea/StudioProjects/Flutter_Project/build/macos/SDKStatCaches.noindex/macosx15.4-24E241-88b860576fb364319593bd8fb30666b0.sdkstatcache -fmessage-length\=0 -fdiagnostics-show-note-include-stack -fmacro-backtrace-limit\=0 -fno-color-diagnostics -fmodules-prune-interval\=86400 -fmodules-prune-after\=345600 -fbuild-session-file\=/Users/andreea/StudioProjects/Flutter_Project/build/macos/ModuleCache.noindex/Session.modulevalidation -fmodules-validate-once-per-build-session -Wnon-modular-include-in-framework-module -Werror\=non-modular-include-in-framework-module -Wno-trigraphs -Wno-missing-field-initializers -Wno-missing-prototypes -Werror\=return-type -Wdocumentation -Wunreachable-code -Werror\=deprecated-objc-isa-usage -Werror\=objc-root-class -Wno-missing-braces -Wparentheses -Wswitch -Wunused-function -Wno-unused-label -Wno-unused-parameter -Wunused-variable -Wunused-value -Wempty-body -Wuninitialized -Wconditional-uninitialized -Wno-unknown-pragmas -Wno-shadow -Wno-four-char-constants -Wno-conversion -Wconstant-conversion -Wint-conversion -Wbool-conversion -Wenum-conversion -Wno-float-conversion -Wnon-literal-null-conversion -Wobjc-literal-conversion -Wshorten-64-to-32 -Wpointer-sign -Wno-newline-eof -Wno-implicit-fallthrough -fstrict-aliasing -Wdeprecated-declarations -Wno-sign-conversion -Winfinite-recursion -Wcomma -Wblock-capture-autoreleasing -Wstrict-prototypes -Wno-semicolon-before-method-body -Wunguarded-availability @/Users/andreea/StudioProjects/Flutter_Project/build/macos/Build/Intermediates.noindex/Pods.build/Debug/url_launcher_macos.build/Objects-normal/arm64/7187679823f38a2a940e0043cdf9d637-common-args.resp -MMD -MT dependencies -MF /Users/andreea/StudioProjects/Flutter_Project/build/macos/Build/Intermediates.noindex/Pods.build/Debug/url_launcher_macos.build/Objects-normal/arm64/url_launcher_macos_vers.d --serialize-diagnostics /Users/andreea/StudioProjects/Flutter_Project/build/macos/Build/Intermediates.noindex/Pods.build/Debug/url_launcher_macos.build/Objects-normal/arm64/url_launcher_macos_vers.dia -c /Users/andreea/StudioProjects/Flutter_Project/build/macos/Build/Intermediates.noindex/Pods.build/Debug/url_launcher_macos.build/DerivedSources/url_launcher_macos_vers.c -o /Users/andreea/StudioProjects/Flutter_Project/build/macos/Build/Intermediates.noindex/Pods.build/Debug/url_launcher_macos.build/Objects-normal/arm64/url_launcher_macos_vers.o
[        ] SwiftDriverJobDiscovery normal arm64 Compiling UrlLauncherPlugin.swift (in target 'url_launcher_macos' from project 'Pods')
[        ] ScanDependencies /Users/andreea/StudioProjects/Flutter_Project/build/macos/Build/Intermediates.noindex/Pods.build/Debug/sign_in_with_apple.build/Objects-normal/arm64/sign_in_with_apple_vers.o /Users/andreea/StudioProjects/Flutter_Project/build/macos/Build/Intermediates.noindex/Pods.build/Debug/sign_in_with_apple.build/DerivedSources/sign_in_with_apple_vers.c normal arm64 c com.apple.compilers.llvm.clang.1_0.compiler (in target 'sign_in_with_apple' from project 'Pods')
[        ]     cd /Users/andreea/StudioProjects/Flutter_Project/macos/Pods
[        ]     Using response file: /Users/andreea/StudioProjects/Flutter_Project/build/macos/Build/Intermediates.noindex/Pods.build/Debug/sign_in_with_apple.build/Objects-normal/arm64/7187679823f38a2a940e0043cdf9d637-common-args.resp
[        ]     builtin-ScanDependencies -o /Users/andreea/StudioProjects/Flutter_Project/build/macos/Build/Intermediates.noindex/Pods.build/Debug/sign_in_with_apple.build/Objects-normal/arm64/sign_in_with_apple_vers.o.scan -- /Applications/Xcode.app/Contents/Developer/Toolchains/XcodeDefault.xctoolchain/usr/bin/clang -x c -ivfsstatcache /Users/andreea/StudioProjects/Flutter_Project/build/macos/SDKStatCaches.noindex/macosx15.4-24E241-88b860576fb364319593bd8fb30666b0.sdkstatcache -fmessage-length\=0 -fdiagnostics-show-note-include-stack -fmacro-backtrace-limit\=0 -fno-color-diagnostics -fmodules-prune-interval\=86400 -fmodules-prune-after\=345600 -fbuild-session-file\=/Users/andreea/StudioProjects/Flutter_Project/build/macos/ModuleCache.noindex/Session.modulevalidation -fmodules-validate-once-per-build-session -Wnon-modular-include-in-framework-module -Werror\=non-modular-include-in-framework-module -Wno-trigraphs -Wno-missing-field-initializers -Wno-missing-prototypes -Werror\=return-type -Wdocumentation -Wunreachable-code -Werror\=deprecated-objc-isa-usage -Werror\=objc-root-class -Wno-missing-braces -Wparentheses -Wswitch -Wunused-function -Wno-unused-label -Wno-unused-parameter -Wunused-variable -Wunused-value -Wempty-body -Wuninitialized -Wconditional-uninitialized -Wno-unknown-pragmas -Wno-shadow -Wno-four-char-constants -Wno-conversion -Wconstant-conversion -Wint-conversion -Wbool-conversion -Wenum-conversion -Wno-float-conversion -Wnon-literal-null-conversion -Wobjc-literal-conversion -Wshorten-64-to-32 -Wpointer-sign -Wno-newline-eof -Wno-implicit-fallthrough -fstrict-aliasing -Wdeprecated-declarations -Wno-sign-conversion -Winfinite-recursion -Wcomma -Wblock-capture-autoreleasing -Wstrict-prototypes -Wno-semicolon-before-method-body -Wunguarded-availability @/Users/andreea/StudioProjects/Flutter_Project/build/macos/Build/Intermediates.noindex/Pods.build/Debug/sign_in_with_apple.build/Objects-normal/arm64/7187679823f38a2a940e0043cdf9d637-common-args.resp -MMD -MT dependencies -MF /Users/andreea/StudioProjects/Flutter_Project/build/macos/Build/Intermediates.noindex/Pods.build/Debug/sign_in_with_apple.build/Objects-normal/arm64/sign_in_with_apple_vers.d --serialize-diagnostics /Users/andreea/StudioProjects/Flutter_Project/build/macos/Build/Intermediates.noindex/Pods.build/Debug/sign_in_with_apple.build/Objects-normal/arm64/sign_in_with_apple_vers.dia -c /Users/andreea/StudioProjects/Flutter_Project/build/macos/Build/Intermediates.noindex/Pods.build/Debug/sign_in_with_apple.build/DerivedSources/sign_in_with_apple_vers.c -o /Users/andreea/StudioProjects/Flutter_Project/build/macos/Build/Intermediates.noindex/Pods.build/Debug/sign_in_with_apple.build/Objects-normal/arm64/sign_in_with_apple_vers.o
[        ] ScanDependencies /Users/andreea/StudioProjects/Flutter_Project/build/macos/Build/Intermediates.noindex/Pods.build/Debug/sign_in_with_apple.build/Objects-normal/arm64/sign_in_with_apple-dummy.o /Users/andreea/StudioProjects/Flutter_Project/macos/Pods/Target\ Support\ Files/sign_in_with_apple/sign_in_with_apple-dummy.m normal arm64 objective-c com.apple.compilers.llvm.clang.1_0.compiler (in target 'sign_in_with_apple' from project 'Pods')
[        ]     cd /Users/andreea/StudioProjects/Flutter_Project/macos/Pods
[        ]     Using response file: /Users/andreea/StudioProjects/Flutter_Project/build/macos/Build/Intermediates.noindex/Pods.build/Debug/sign_in_with_apple.build/Objects-normal/arm64/e6072d4f65d7061329687fe24e3d63a7-common-args.resp
[        ]     builtin-ScanDependencies -o /Users/andreea/StudioProjects/Flutter_Project/build/macos/Build/Intermediates.noindex/Pods.build/Debug/sign_in_with_apple.build/Objects-normal/arm64/sign_in_with_apple-dummy.o.scan -- /Applications/Xcode.app/Contents/Developer/Toolchains/XcodeDefault.xctoolchain/usr/bin/clang -x objective-c -ivfsstatcache /Users/andreea/StudioProjects/Flutter_Project/build/macos/SDKStatCaches.noindex/macosx15.4-24E241-88b860576fb364319593bd8fb30666b0.sdkstatcache -fmessage-length\=0 -fdiagnostics-show-note-include-stack -fmacro-backtrace-limit\=0 -fno-color-diagnostics -fmodules-prune-interval\=86400 -fmodules-prune-after\=345600 -fbuild-session-file\=/Users/andreea/StudioProjects/Flutter_Project/build/macos/ModuleCache.noindex/Session.modulevalidation -fmodules-validate-once-per-build-session -Wnon-modular-include-in-framework-module -Werror\=non-modular-include-in-framework-module -Wno-trigraphs -Wno-missing-field-initializers -Wno-missing-prototypes -Werror\=return-type -Wdocumentation -Wunreachable-code -Wno-implicit-atomic-properties -Werror\=deprecated-objc-isa-usage -Wno-objc-interface-ivars -Werror\=objc-root-class -Wno-arc-repeated-use-of-weak -Wimplicit-retain-self -Wduplicate-method-match -Wno-missing-braces -Wparentheses -Wswitch -Wunused-function -Wno-unused-label -Wno-unused-parameter -Wunused-variable -Wunused-value -Wempty-body -Wuninitialized -Wconditional-uninitialized -Wno-unknown-pragmas -Wno-shadow -Wno-four-char-constants -Wno-conversion -Wconstant-conversion -Wint-conversion -Wbool-conversion -Wenum-conversion -Wno-float-conversion -Wnon-literal-null-conversion -Wobjc-literal-conversion -Wshorten-64-to-32 -Wpointer-sign -Wno-newline-eof -Wno-selector -Wno-strict-selector-match -Wundeclared-selector -Wdeprecated-implementations -Wno-implicit-fallthrough -fstrict-aliasing -Wprotocol -Wdeprecated-declarations -Wno-sign-conversion -Winfinite-recursion -Wcomma -Wblock-capture-autoreleasing -Wstrict-prototypes -Wno-semicolon-before-method-body -Wunguarded-availability @/Users/andreea/StudioProjects/Flutter_Project/build/macos/Build/Intermediates.noindex/Pods.build/Debug/sign_in_with_apple.build/Objects-normal/arm64/e6072d4f65d7061329687fe24e3d63a7-common-args.resp -include /Users/andreea/StudioProjects/Flutter_Project/macos/Pods/Target\ Support\ Files/sign_in_with_apple/sign_in_with_apple-prefix.pch -MMD -MT dependencies -MF /Users/andreea/StudioProjects/Flutter_Project/build/macos/Build/Intermediates.noindex/Pods.build/Debug/sign_in_with_apple.build/Objects-normal/arm64/sign_in_with_apple-dummy.d --serialize-diagnostics /Users/andreea/StudioProjects/Flutter_Project/build/macos/Build/Intermediates.noindex/Pods.build/Debug/sign_in_with_apple.build/Objects-normal/arm64/sign_in_with_apple-dummy.dia -c /Users/andreea/StudioProjects/Flutter_Project/macos/Pods/Target\ Support\ Files/sign_in_with_apple/sign_in_with_apple-dummy.m -o /Users/andreea/StudioProjects/Flutter_Project/build/macos/Build/Intermediates.noindex/Pods.build/Debug/sign_in_with_apple.build/Objects-normal/arm64/sign_in_with_apple-dummy.o
[        ] CompileC /Users/andreea/StudioProjects/Flutter_Project/build/macos/Build/Intermediates.noindex/Pods.build/Debug/sign_in_with_apple.build/Objects-normal/arm64/sign_in_with_apple_vers.o /Users/andreea/StudioProjects/Flutter_Project/build/macos/Build/Intermediates.noindex/Pods.build/Debug/sign_in_with_apple.build/DerivedSources/sign_in_with_apple_vers.c normal arm64 c com.apple.compilers.llvm.clang.1_0.compiler (in target 'sign_in_with_apple' from project 'Pods')
[        ]     cd /Users/andreea/StudioProjects/Flutter_Project/macos/Pods
[        ]     Using response file: /Users/andreea/StudioProjects/Flutter_Project/build/macos/Build/Intermediates.noindex/Pods.build/Debug/sign_in_with_apple.build/Objects-normal/arm64/7187679823f38a2a940e0043cdf9d637-common-args.resp
[        ]     /Applications/Xcode.app/Contents/Developer/Toolchains/XcodeDefault.xctoolchain/usr/bin/clang -x c -ivfsstatcache /Users/andreea/StudioProjects/Flutter_Project/build/macos/SDKStatCaches.noindex/macosx15.4-24E241-88b860576fb364319593bd8fb30666b0.sdkstatcache -fmessage-length\=0 -fdiagnostics-show-note-include-stack -fmacro-backtrace-limit\=0 -fno-color-diagnostics -fmodules-prune-interval\=86400 -fmodules-prune-after\=345600 -fbuild-session-file\=/Users/andreea/StudioProjects/Flutter_Project/build/macos/ModuleCache.noindex/Session.modulevalidation -fmodules-validate-once-per-build-session -Wnon-modular-include-in-framework-module -Werror\=non-modular-include-in-framework-module -Wno-trigraphs -Wno-missing-field-initializers -Wno-missing-prototypes -Werror\=return-type -Wdocumentation -Wunreachable-code -Werror\=deprecated-objc-isa-usage -Werror\=objc-root-class -Wno-missing-braces -Wparentheses -Wswitch -Wunused-function -Wno-unused-label -Wno-unused-parameter -Wunused-variable -Wunused-value -Wempty-body -Wuninitialized -Wconditional-uninitialized -Wno-unknown-pragmas -Wno-shadow -Wno-four-char-constants -Wno-conversion -Wconstant-conversion -Wint-conversion -Wbool-conversion -Wenum-conversion -Wno-float-conversion -Wnon-literal-null-conversion -Wobjc-literal-conversion -Wshorten-64-to-32 -Wpointer-sign -Wno-newline-eof -Wno-implicit-fallthrough -fstrict-aliasing -Wdeprecated-declarations -Wno-sign-conversion -Winfinite-recursion -Wcomma -Wblock-capture-autoreleasing -Wstrict-prototypes -Wno-semicolon-before-method-body -Wunguarded-availability @/Users/andreea/StudioProjects/Flutter_Project/build/macos/Build/Intermediates.noindex/Pods.build/Debug/sign_in_with_apple.build/Objects-normal/arm64/7187679823f38a2a940e0043cdf9d637-common-args.resp -MMD -MT dependencies -MF /Users/andreea/StudioProjects/Flutter_Project/build/macos/Build/Intermediates.noindex/Pods.build/Debug/sign_in_with_apple.build/Objects-normal/arm64/sign_in_with_apple_vers.d --serialize-diagnostics /Users/andreea/StudioProjects/Flutter_Project/build/macos/Build/Intermediates.noindex/Pods.build/Debug/sign_in_with_apple.build/Objects-normal/arm64/sign_in_with_apple_vers.dia -c /Users/andreea/StudioProjects/Flutter_Project/build/macos/Build/Intermediates.noindex/Pods.build/Debug/sign_in_with_apple.build/DerivedSources/sign_in_with_apple_vers.c -o /Users/andreea/StudioProjects/Flutter_Project/build/macos/Build/Intermediates.noindex/Pods.build/Debug/sign_in_with_apple.build/Objects-normal/arm64/sign_in_with_apple_vers.o
[        ] SwiftDriverJobDiscovery normal arm64 Compiling SharedPreferencesPlugin.swift (in target 'shared_preferences_foundation' from project 'Pods')
[        ] ScanDependencies /Users/andreea/StudioProjects/Flutter_Project/build/macos/Build/Intermediates.noindex/Pods.build/Debug/shared_preferences_foundation.build/Objects-normal/arm64/shared_preferences_foundation_vers.o /Users/andreea/StudioProjects/Flutter_Project/build/macos/Build/Intermediates.noindex/Pods.build/Debug/shared_preferences_foundation.build/DerivedSources/shared_preferences_foundation_vers.c normal arm64 c com.apple.compilers.llvm.clang.1_0.compiler (in target 'shared_preferences_foundation' from project 'Pods')
[        ]     cd /Users/andreea/StudioProjects/Flutter_Project/macos/Pods
[        ]     Using response file: /Users/andreea/StudioProjects/Flutter_Project/build/macos/Build/Intermediates.noindex/Pods.build/Debug/shared_preferences_foundation.build/Objects-normal/arm64/7187679823f38a2a940e0043cdf9d637-common-args.resp
[        ]     builtin-ScanDependencies -o /Users/andreea/StudioProjects/Flutter_Project/build/macos/Build/Intermediates.noindex/Pods.build/Debug/shared_preferences_foundation.build/Objects-normal/arm64/shared_preferences_foundation_vers.o.scan -- /Applications/Xcode.app/Contents/Developer/Toolchains/XcodeDefault.xctoolchain/usr/bin/clang -x c -ivfsstatcache /Users/andreea/StudioProjects/Flutter_Project/build/macos/SDKStatCaches.noindex/macosx15.4-24E241-88b860576fb364319593bd8fb30666b0.sdkstatcache -fmessage-length\=0 -fdiagnostics-show-note-include-stack -fmacro-backtrace-limit\=0 -fno-color-diagnostics -fmodules-prune-interval\=86400 -fmodules-prune-after\=345600 -fbuild-session-file\=/Users/andreea/StudioProjects/Flutter_Project/build/macos/ModuleCache.noindex/Session.modulevalidation -fmodules-validate-once-per-build-session -Wnon-modular-include-in-framework-module -Werror\=non-modular-include-in-framework-module -Wno-trigraphs -Wno-missing-field-initializers -Wno-missing-prototypes -Werror\=return-type -Wdocumentation -Wunreachable-code -Werror\=deprecated-objc-isa-usage -Werror\=objc-root-class -Wno-missing-braces -Wparentheses -Wswitch -Wunused-function -Wno-unused-label -Wno-unused-parameter -Wunused-variable -Wunused-value -Wempty-body -Wuninitialized -Wconditional-uninitialized -Wno-unknown-pragmas -Wno-shadow -Wno-four-char-constants -Wno-conversion -Wconstant-conversion -Wint-conversion -Wbool-conversion -Wenum-conversion -Wno-float-conversion -Wnon-literal-null-conversion -Wobjc-literal-conversion -Wshorten-64-to-32 -Wpointer-sign -Wno-newline-eof -Wno-implicit-fallthrough -fstrict-aliasing -Wdeprecated-declarations -Wno-sign-conversion -Winfinite-recursion -Wcomma -Wblock-capture-autoreleasing -Wstrict-prototypes -Wno-semicolon-before-method-body -Wunguarded-availability @/Users/andreea/StudioProjects/Flutter_Project/build/macos/Build/Intermediates.noindex/Pods.build/Debug/shared_preferences_foundation.build/Objects-normal/arm64/7187679823f38a2a940e0043cdf9d637-common-args.resp -MMD -MT dependencies -MF /Users/andreea/StudioProjects/Flutter_Project/build/macos/Build/Intermediates.noindex/Pods.build/Debug/shared_preferences_foundation.build/Objects-normal/arm64/shared_preferences_foundation_vers.d --serialize-diagnostics /Users/andreea/StudioProjects/Flutter_Project/build/macos/Build/Intermediates.noindex/Pods.build/Debug/shared_preferences_foundation.build/Objects-normal/arm64/shared_preferences_foundation_vers.dia -c /Users/andreea/StudioProjects/Flutter_Project/build/macos/Build/Intermediates.noindex/Pods.build/Debug/shared_preferences_foundation.build/DerivedSources/shared_preferences_foundation_vers.c -o /Users/andreea/StudioProjects/Flutter_Project/build/macos/Build/Intermediates.noindex/Pods.build/Debug/shared_preferences_foundation.build/Objects-normal/arm64/shared_preferences_foundation_vers.o
[        ] SwiftDriverJobDiscovery normal arm64 Compiling messages.g.swift (in target 'shared_preferences_foundation' from project 'Pods')
[        ] SwiftDriver\ Compilation shared_preferences_foundation normal arm64 com.apple.xcode.tools.swift.compiler (in target 'shared_preferences_foundation' from project 'Pods')
[        ]     cd /Users/andreea/StudioProjects/Flutter_Project/macos/Pods
[        ]     builtin-Swift-Compilation -- /Applications/Xcode.app/Contents/Developer/Toolchains/XcodeDefault.xctoolchain/usr/bin/swiftc -module-name shared_preferences_foundation -Onone -enforce-exclusivity\=checked @/Users/andreea/StudioProjects/Flutter_Project/build/macos/Build/Intermediates.noindex/Pods.build/Debug/shared_preferences_foundation.build/Objects-normal/arm64/shared_preferences_foundation.SwiftFileList -DDEBUG -D COCOAPODS -enable-bare-slash-regex -enable-experimental-feature DebugDescriptionMacro -sdk /Applications/Xcode.app/Contents/Developer/Platforms/MacOSX.platform/Developer/SDKs/MacOSX15.4.sdk -target arm64-apple-macos10.14 -g -module-cache-path /Users/andreea/StudioProjects/Flutter_Project/build/macos/ModuleCache.noindex -Xfrontend -serialize-debugging-options -enable-testing -swift-version 5 -I /Users/andreea/StudioProjects/Flutter_Project/build/macos/Build/Products/Debug/shared_preferences_foundation -F /Users/andreea/StudioProjects/Flutter_Project/build/macos/Build/Products/Debug/shared_preferences_foundation -F /Users/andreea/StudioProjects/development/flutter_honoo/bin/cache/artifacts/engine/darwin-x64 -c -j10 -enable-batch-mode -incremental -Xcc -ivfsstatcache -Xcc /Users/andreea/StudioProjects/Flutter_Project/build/macos/SDKStatCaches.noindex/macosx15.4-24E241-88b860576fb364319593bd8fb30666b0.sdkstatcache -output-file-map /Users/andreea/StudioProjects/Flutter_Project/build/macos/Build/Intermediates.noindex/Pods.build/Debug/shared_preferences_foundation.build/Objects-normal/arm64/shared_preferences_foundation-OutputFileMap.json -use-frontend-parseable-output -save-temps -no-color-diagnostics -serialize-diagnostics -emit-dependencies -emit-module -emit-module-path /Users/andreea/StudioProjects/Flutter_Project/build/macos/Build/Intermediates.noindex/Pods.build/Debug/shared_preferences_foundation.build/Objects-normal/arm64/shared_preferences_foundation.swiftmodule -validate-clang-modules-once -clang-build-session-file /Users/andreea/StudioProjects/Flutter_Project/build/macos/ModuleCache.noindex/Session.modulevalidation -Xcc -I/Users/andreea/StudioProjects/Flutter_Project/build/macos/Build/Intermediates.noindex/Pods.build/Debug/shared_preferences_foundation.build/swift-overrides.hmap -emit-const-values -Xfrontend -const-gather-protocols-file -Xfrontend /Users/andreea/StudioProjects/Flutter_Project/build/macos/Build/Intermediates.noindex/Pods.build/Debug/shared_preferences_foundation.build/Objects-normal/arm64/shared_preferences_foundation_const_extract_protocols.json -Xcc -iquote -Xcc /Users/andreea/StudioProjects/Flutter_Project/build/macos/Build/Intermediates.noindex/Pods.build/Debug/shared_preferences_foundation.build/shared_preferences_foundation-generated-files.hmap -Xcc -I/Users/andreea/StudioProjects/Flutter_Project/build/macos/Build/Intermediates.noindex/Pods.build/Debug/shared_preferences_foundation.build/shared_preferences_foundation-own-target-headers.hmap -Xcc -I/Users/andreea/StudioProjects/Flutter_Project/build/macos/Build/Intermediates.noindex/Pods.build/Debug/shared_preferences_foundation.build/shared_preferences_foundation-all-non-framework-target-headers.hmap -Xcc -ivfsoverlay -Xcc /Users/andreea/StudioProjects/Flutter_Project/build/macos/Build/Intermediates.noindex/Pods.build/Debug/Pods-8699adb1dd336b26511df848a716bd42-VFS/all-product-headers.yaml -Xcc -iquote -Xcc /Users/andreea/StudioProjects/Flutter_Project/build/macos/Build/Intermediates.noindex/Pods.build/Debug/shared_preferences_foundation.build/shared_preferences_foundation-project-headers.hmap -Xcc -I/Users/andreea/StudioProjects/Flutter_Project/build/macos/Build/Products/Debug/shared_preferences_foundation/include -Xcc -I/Users/andreea/StudioProjects/Flutter_Project/build/macos/Build/Intermediates.noindex/Pods.build/Debug/shared_preferences_foundation.build/DerivedSources-normal/arm64 -Xcc -I/Users/andreea/StudioProjects/Flutter_Project/build/macos/Build/Intermediates.noindex/Pods.build/Debug/shared_preferences_foundation.build/DerivedSources/arm64 -Xcc -I/Users/andreea/StudioProjects/Flutter_Project/build/macos/Build/Intermediates.noindex/Pods.build/Debug/shared_preferences_foundation.build/DerivedSources -Xcc -DPOD_CONFIGURATION_DEBUG\=1 -Xcc -DDEBUG\=1 -Xcc -DCOCOAPODS\=1 -emit-objc-header -emit-objc-header-path /Users/andreea/StudioProjects/Flutter_Project/build/macos/Build/Intermediates.noindex/Pods.build/Debug/shared_preferences_foundation.build/Objects-normal/arm64/shared_preferences_foundation-Swift.h -import-underlying-module -Xcc -ivfsoverlay -Xcc /Users/andreea/StudioProjects/Flutter_Project/build/macos/Build/Intermediates.noindex/Pods.build/Debug/shared_preferences_foundation.build/unextended-module-overlay.yaml -working-directory /Users/andreea/StudioProjects/Flutter_Project/macos/Pods -experimental-emit-module-separately -disable-cmo
[        ] CompileC /Users/andreea/StudioProjects/Flutter_Project/build/macos/Build/Intermediates.noindex/Pods.build/Debug/shared_preferences_foundation.build/Objects-normal/arm64/shared_preferences_foundation_vers.o /Users/andreea/StudioProjects/Flutter_Project/build/macos/Build/Intermediates.noindex/Pods.build/Debug/shared_preferences_foundation.build/DerivedSources/shared_preferences_foundation_vers.c normal arm64 c com.apple.compilers.llvm.clang.1_0.compiler (in target 'shared_preferences_foundation' from project 'Pods')
[        ]     cd /Users/andreea/StudioProjects/Flutter_Project/macos/Pods
[        ]     Using response file: /Users/andreea/StudioProjects/Flutter_Project/build/macos/Build/Intermediates.noindex/Pods.build/Debug/shared_preferences_foundation.build/Objects-normal/arm64/7187679823f38a2a940e0043cdf9d637-common-args.resp
[        ]     /Applications/Xcode.app/Contents/Developer/Toolchains/XcodeDefault.xctoolchain/usr/bin/clang -x c -ivfsstatcache /Users/andreea/StudioProjects/Flutter_Project/build/macos/SDKStatCaches.noindex/macosx15.4-24E241-88b860576fb364319593bd8fb30666b0.sdkstatcache -fmessage-length\=0 -fdiagnostics-show-note-include-stack -fmacro-backtrace-limit\=0 -fno-color-diagnostics -fmodules-prune-interval\=86400 -fmodules-prune-after\=345600 -fbuild-session-file\=/Users/andreea/StudioProjects/Flutter_Project/build/macos/ModuleCache.noindex/Session.modulevalidation -fmodules-validate-once-per-build-session -Wnon-modular-include-in-framework-module -Werror\=non-modular-include-in-framework-module -Wno-trigraphs -Wno-missing-field-initializers -Wno-missing-prototypes -Werror\=return-type -Wdocumentation -Wunreachable-code -Werror\=deprecated-objc-isa-usage -Werror\=objc-root-class -Wno-missing-braces -Wparentheses -Wswitch -Wunused-function -Wno-unused-label -Wno-unused-parameter -Wunused-variable -Wunused-value -Wempty-body -Wuninitialized -Wconditional-uninitialized -Wno-unknown-pragmas -Wno-shadow -Wno-four-char-constants -Wno-conversion -Wconstant-conversion -Wint-conversion -Wbool-conversion -Wenum-conversion -Wno-float-conversion -Wnon-literal-null-conversion -Wobjc-literal-conversion -Wshorten-64-to-32 -Wpointer-sign -Wno-newline-eof -Wno-implicit-fallthrough -fstrict-aliasing -Wdeprecated-declarations -Wno-sign-conversion -Winfinite-recursion -Wcomma -Wblock-capture-autoreleasing -Wstrict-prototypes -Wno-semicolon-before-method-body -Wunguarded-availability @/Users/andreea/StudioProjects/Flutter_Project/build/macos/Build/Intermediates.noindex/Pods.build/Debug/shared_preferences_foundation.build/Objects-normal/arm64/7187679823f38a2a940e0043cdf9d637-common-args.resp -MMD -MT dependencies -MF /Users/andreea/StudioProjects/Flutter_Project/build/macos/Build/Intermediates.noindex/Pods.build/Debug/shared_preferences_foundation.build/Objects-normal/arm64/shared_preferences_foundation_vers.d --serialize-diagnostics /Users/andreea/StudioProjects/Flutter_Project/build/macos/Build/Intermediates.noindex/Pods.build/Debug/shared_preferences_foundation.build/Objects-normal/arm64/shared_preferences_foundation_vers.dia -c /Users/andreea/StudioProjects/Flutter_Project/build/macos/Build/Intermediates.noindex/Pods.build/Debug/shared_preferences_foundation.build/DerivedSources/shared_preferences_foundation_vers.c -o /Users/andreea/StudioProjects/Flutter_Project/build/macos/Build/Intermediates.noindex/Pods.build/Debug/shared_preferences_foundation.build/Objects-normal/arm64/shared_preferences_foundation_vers.o
[        ] ScanDependencies /Users/andreea/StudioProjects/Flutter_Project/build/macos/Build/Intermediates.noindex/Pods.build/Debug/shared_preferences_foundation.build/Objects-normal/arm64/shared_preferences_foundation-dummy.o /Users/andreea/StudioProjects/Flutter_Project/macos/Pods/Target\ Support\ Files/shared_preferences_foundation/shared_preferences_foundation-dummy.m normal arm64 objective-c com.apple.compilers.llvm.clang.1_0.compiler (in target 'shared_preferences_foundation' from project 'Pods')
[        ]     cd /Users/andreea/StudioProjects/Flutter_Project/macos/Pods
[        ]     Using response file: /Users/andreea/StudioProjects/Flutter_Project/build/macos/Build/Intermediates.noindex/Pods.build/Debug/shared_preferences_foundation.build/Objects-normal/arm64/e6072d4f65d7061329687fe24e3d63a7-common-args.resp
[        ]     builtin-ScanDependencies -o /Users/andreea/StudioProjects/Flutter_Project/build/macos/Build/Intermediates.noindex/Pods.build/Debug/shared_preferences_foundation.build/Objects-normal/arm64/shared_preferences_foundation-dummy.o.scan -- /Applications/Xcode.app/Contents/Developer/Toolchains/XcodeDefault.xctoolchain/usr/bin/clang -x objective-c -ivfsstatcache /Users/andreea/StudioProjects/Flutter_Project/build/macos/SDKStatCaches.noindex/macosx15.4-24E241-88b860576fb364319593bd8fb30666b0.sdkstatcache -fmessage-length\=0 -fdiagnostics-show-note-include-stack -fmacro-backtrace-limit\=0 -fno-color-diagnostics -fmodules-prune-interval\=86400 -fmodules-prune-after\=345600 -fbuild-session-file\=/Users/andreea/StudioProjects/Flutter_Project/build/macos/ModuleCache.noindex/Session.modulevalidation -fmodules-validate-once-per-build-session -Wnon-modular-include-in-framework-module -Werror\=non-modular-include-in-framework-module -Wno-trigraphs -Wno-missing-field-initializers -Wno-missing-prototypes -Werror\=return-type -Wdocumentation -Wunreachable-code -Wno-implicit-atomic-properties -Werror\=deprecated-objc-isa-usage -Wno-objc-interface-ivars -Werror\=objc-root-class -Wno-arc-repeated-use-of-weak -Wimplicit-retain-self -Wduplicate-method-match -Wno-missing-braces -Wparentheses -Wswitch -Wunused-function -Wno-unused-label -Wno-unused-parameter -Wunused-variable -Wunused-value -Wempty-body -Wuninitialized -Wconditional-uninitialized -Wno-unknown-pragmas -Wno-shadow -Wno-four-char-constants -Wno-conversion -Wconstant-conversion -Wint-conversion -Wbool-conversion -Wenum-conversion -Wno-float-conversion -Wnon-literal-null-conversion -Wobjc-literal-conversion -Wshorten-64-to-32 -Wpointer-sign -Wno-newline-eof -Wno-selector -Wno-strict-selector-match -Wundeclared-selector -Wdeprecated-implementations -Wno-implicit-fallthrough -fstrict-aliasing -Wprotocol -Wdeprecated-declarations -Wno-sign-conversion -Winfinite-recursion -Wcomma -Wblock-capture-autoreleasing -Wstrict-prototypes -Wno-semicolon-before-method-body -Wunguarded-availability @/Users/andreea/StudioProjects/Flutter_Project/build/macos/Build/Intermediates.noindex/Pods.build/Debug/shared_preferences_foundation.build/Objects-normal/arm64/e6072d4f65d7061329687fe24e3d63a7-common-args.resp -include /Users/andreea/StudioProjects/Flutter_Project/macos/Pods/Target\ Support\ Files/shared_preferences_foundation/shared_preferences_foundation-prefix.pch -MMD -MT dependencies -MF /Users/andreea/StudioProjects/Flutter_Project/build/macos/Build/Intermediates.noindex/Pods.build/Debug/shared_preferences_foundation.build/Objects-normal/arm64/shared_preferences_foundation-dummy.d --serialize-diagnostics /Users/andreea/StudioProjects/Flutter_Project/build/macos/Build/Intermediates.noindex/Pods.build/Debug/shared_preferences_foundation.build/Objects-normal/arm64/shared_preferences_foundation-dummy.dia -c /Users/andreea/StudioProjects/Flutter_Project/macos/Pods/Target\ Support\ Files/shared_preferences_foundation/shared_preferences_foundation-dummy.m -o /Users/andreea/StudioProjects/Flutter_Project/build/macos/Build/Intermediates.noindex/Pods.build/Debug/shared_preferences_foundation.build/Objects-normal/arm64/shared_preferences_foundation-dummy.o
[        ] ScanDependencies /Users/andreea/StudioProjects/Flutter_Project/build/macos/Build/Intermediates.noindex/Pods.build/Debug/share_plus.build/Objects-normal/arm64/share_plus_vers.o /Users/andreea/StudioProjects/Flutter_Project/build/macos/Build/Intermediates.noindex/Pods.build/Debug/share_plus.build/DerivedSources/share_plus_vers.c normal arm64 c com.apple.compilers.llvm.clang.1_0.compiler (in target 'share_plus' from project 'Pods')
[        ]     cd /Users/andreea/StudioProjects/Flutter_Project/macos/Pods
[        ]     Using response file: /Users/andreea/StudioProjects/Flutter_Project/build/macos/Build/Intermediates.noindex/Pods.build/Debug/share_plus.build/Objects-normal/arm64/7187679823f38a2a940e0043cdf9d637-common-args.resp
[        ]     builtin-ScanDependencies -o /Users/andreea/StudioProjects/Flutter_Project/build/macos/Build/Intermediates.noindex/Pods.build/Debug/share_plus.build/Objects-normal/arm64/share_plus_vers.o.scan -- /Applications/Xcode.app/Contents/Developer/Toolchains/XcodeDefault.xctoolchain/usr/bin/clang -x c -ivfsstatcache /Users/andreea/StudioProjects/Flutter_Project/build/macos/SDKStatCaches.noindex/macosx15.4-24E241-88b860576fb364319593bd8fb30666b0.sdkstatcache -fmessage-length\=0 -fdiagnostics-show-note-include-stack -fmacro-backtrace-limit\=0 -fno-color-diagnostics -fmodules-prune-interval\=86400 -fmodules-prune-after\=345600 -fbuild-session-file\=/Users/andreea/StudioProjects/Flutter_Project/build/macos/ModuleCache.noindex/Session.modulevalidation -fmodules-validate-once-per-build-session -Wnon-modular-include-in-framework-module -Werror\=non-modular-include-in-framework-module -Wno-trigraphs -Wno-missing-field-initializers -Wno-missing-prototypes -Werror\=return-type -Wdocumentation -Wunreachable-code -Werror\=deprecated-objc-isa-usage -Werror\=objc-root-class -Wno-missing-braces -Wparentheses -Wswitch -Wunused-function -Wno-unused-label -Wno-unused-parameter -Wunused-variable -Wunused-value -Wempty-body -Wuninitialized -Wconditional-uninitialized -Wno-unknown-pragmas -Wno-shadow -Wno-four-char-constants -Wno-conversion -Wconstant-conversion -Wint-conversion -Wbool-conversion -Wenum-conversion -Wno-float-conversion -Wnon-literal-null-conversion -Wobjc-literal-conversion -Wshorten-64-to-32 -Wpointer-sign -Wno-newline-eof -Wno-implicit-fallthrough -fstrict-aliasing -Wdeprecated-declarations -Wno-sign-conversion -Winfinite-recursion -Wcomma -Wblock-capture-autoreleasing -Wstrict-prototypes -Wno-semicolon-before-method-body -Wunguarded-availability @/Users/andreea/StudioProjects/Flutter_Project/build/macos/Build/Intermediates.noindex/Pods.build/Debug/share_plus.build/Objects-normal/arm64/7187679823f38a2a940e0043cdf9d637-common-args.resp -MMD -MT dependencies -MF /Users/andreea/StudioProjects/Flutter_Project/build/macos/Build/Intermediates.noindex/Pods.build/Debug/share_plus.build/Objects-normal/arm64/share_plus_vers.d --serialize-diagnostics /Users/andreea/StudioProjects/Flutter_Project/build/macos/Build/Intermediates.noindex/Pods.build/Debug/share_plus.build/Objects-normal/arm64/share_plus_vers.dia -c /Users/andreea/StudioProjects/Flutter_Project/build/macos/Build/Intermediates.noindex/Pods.build/Debug/share_plus.build/DerivedSources/share_plus_vers.c -o /Users/andreea/StudioProjects/Flutter_Project/build/macos/Build/Intermediates.noindex/Pods.build/Debug/share_plus.build/Objects-normal/arm64/share_plus_vers.o
[        ] SwiftDriverJobDiscovery normal arm64 Compiling PathProviderPlugin.swift (in target 'path_provider_foundation' from project 'Pods')
[        ] ScanDependencies /Users/andreea/StudioProjects/Flutter_Project/build/macos/Build/Intermediates.noindex/Pods.build/Debug/share_plus.build/Objects-normal/arm64/share_plus-dummy.o /Users/andreea/StudioProjects/Flutter_Project/macos/Pods/Target\ Support\ Files/share_plus/share_plus-dummy.m normal arm64 objective-c com.apple.compilers.llvm.clang.1_0.compiler (in target 'share_plus' from project 'Pods')
[        ]     cd /Users/andreea/StudioProjects/Flutter_Project/macos/Pods
[        ]     Using response file: /Users/andreea/StudioProjects/Flutter_Project/build/macos/Build/Intermediates.noindex/Pods.build/Debug/share_plus.build/Objects-normal/arm64/e6072d4f65d7061329687fe24e3d63a7-common-args.resp
[        ]     builtin-ScanDependencies -o /Users/andreea/StudioProjects/Flutter_Project/build/macos/Build/Intermediates.noindex/Pods.build/Debug/share_plus.build/Objects-normal/arm64/share_plus-dummy.o.scan -- /Applications/Xcode.app/Contents/Developer/Toolchains/XcodeDefault.xctoolchain/usr/bin/clang -x objective-c -ivfsstatcache /Users/andreea/StudioProjects/Flutter_Project/build/macos/SDKStatCaches.noindex/macosx15.4-24E241-88b860576fb364319593bd8fb30666b0.sdkstatcache -fmessage-length\=0 -fdiagnostics-show-note-include-stack -fmacro-backtrace-limit\=0 -fno-color-diagnostics -fmodules-prune-interval\=86400 -fmodules-prune-after\=345600 -fbuild-session-file\=/Users/andreea/StudioProjects/Flutter_Project/build/macos/ModuleCache.noindex/Session.modulevalidation -fmodules-validate-once-per-build-session -Wnon-modular-include-in-framework-module -Werror\=non-modular-include-in-framework-module -Wno-trigraphs -Wno-missing-field-initializers -Wno-missing-prototypes -Werror\=return-type -Wdocumentation -Wunreachable-code -Wno-implicit-atomic-properties -Werror\=deprecated-objc-isa-usage -Wno-objc-interface-ivars -Werror\=objc-root-class -Wno-arc-repeated-use-of-weak -Wimplicit-retain-self -Wduplicate-method-match -Wno-missing-braces -Wparentheses -Wswitch -Wunused-function -Wno-unused-label -Wno-unused-parameter -Wunused-variable -Wunused-value -Wempty-body -Wuninitialized -Wconditional-uninitialized -Wno-unknown-pragmas -Wno-shadow -Wno-four-char-constants -Wno-conversion -Wconstant-conversion -Wint-conversion -Wbool-conversion -Wenum-conversion -Wno-float-conversion -Wnon-literal-null-conversion -Wobjc-literal-conversion -Wshorten-64-to-32 -Wpointer-sign -Wno-newline-eof -Wno-selector -Wno-strict-selector-match -Wundeclared-selector -Wdeprecated-implementations -Wno-implicit-fallthrough -fstrict-aliasing -Wprotocol -Wdeprecated-declarations -Wno-sign-conversion -Winfinite-recursion -Wcomma -Wblock-capture-autoreleasing -Wstrict-prototypes -Wno-semicolon-before-method-body -Wunguarded-availability @/Users/andreea/StudioProjects/Flutter_Project/build/macos/Build/Intermediates.noindex/Pods.build/Debug/share_plus.build/Objects-normal/arm64/e6072d4f65d7061329687fe24e3d63a7-common-args.resp -include /Users/andreea/StudioProjects/Flutter_Project/macos/Pods/Target\ Support\ Files/share_plus/share_plus-prefix.pch -MMD -MT dependencies -MF /Users/andreea/StudioProjects/Flutter_Project/build/macos/Build/Intermediates.noindex/Pods.build/Debug/share_plus.build/Objects-normal/arm64/share_plus-dummy.d --serialize-diagnostics /Users/andreea/StudioProjects/Flutter_Project/build/macos/Build/Intermediates.noindex/Pods.build/Debug/share_plus.build/Objects-normal/arm64/share_plus-dummy.dia -c /Users/andreea/StudioProjects/Flutter_Project/macos/Pods/Target\ Support\ Files/share_plus/share_plus-dummy.m -o /Users/andreea/StudioProjects/Flutter_Project/build/macos/Build/Intermediates.noindex/Pods.build/Debug/share_plus.build/Objects-normal/arm64/share_plus-dummy.o
[        ] CompileC /Users/andreea/StudioProjects/Flutter_Project/build/macos/Build/Intermediates.noindex/Pods.build/Debug/share_plus.build/Objects-normal/arm64/share_plus_vers.o /Users/andreea/StudioProjects/Flutter_Project/build/macos/Build/Intermediates.noindex/Pods.build/Debug/share_plus.build/DerivedSources/share_plus_vers.c normal arm64 c com.apple.compilers.llvm.clang.1_0.compiler (in target 'share_plus' from project 'Pods')
[        ]     cd /Users/andreea/StudioProjects/Flutter_Project/macos/Pods
[        ]     Using response file: /Users/andreea/StudioProjects/Flutter_Project/build/macos/Build/Intermediates.noindex/Pods.build/Debug/share_plus.build/Objects-normal/arm64/7187679823f38a2a940e0043cdf9d637-common-args.resp
[        ]     /Applications/Xcode.app/Contents/Developer/Toolchains/XcodeDefault.xctoolchain/usr/bin/clang -x c -ivfsstatcache /Users/andreea/StudioProjects/Flutter_Project/build/macos/SDKStatCaches.noindex/macosx15.4-24E241-88b860576fb364319593bd8fb30666b0.sdkstatcache -fmessage-length\=0 -fdiagnostics-show-note-include-stack -fmacro-backtrace-limit\=0 -fno-color-diagnostics -fmodules-prune-interval\=86400 -fmodules-prune-after\=345600 -fbuild-session-file\=/Users/andreea/StudioProjects/Flutter_Project/build/macos/ModuleCache.noindex/Session.modulevalidation -fmodules-validate-once-per-build-session -Wnon-modular-include-in-framework-module -Werror\=non-modular-include-in-framework-module -Wno-trigraphs -Wno-missing-field-initializers -Wno-missing-prototypes -Werror\=return-type -Wdocumentation -Wunreachable-code -Werror\=deprecated-objc-isa-usage -Werror\=objc-root-class -Wno-missing-braces -Wparentheses -Wswitch -Wunused-function -Wno-unused-label -Wno-unused-parameter -Wunused-variable -Wunused-value -Wempty-body -Wuninitialized -Wconditional-uninitialized -Wno-unknown-pragmas -Wno-shadow -Wno-four-char-constants -Wno-conversion -Wconstant-conversion -Wint-conversion -Wbool-conversion -Wenum-conversion -Wno-float-conversion -Wnon-literal-null-conversion -Wobjc-literal-conversion -Wshorten-64-to-32 -Wpointer-sign -Wno-newline-eof -Wno-implicit-fallthrough -fstrict-aliasing -Wdeprecated-declarations -Wno-sign-conversion -Winfinite-recursion -Wcomma -Wblock-capture-autoreleasing -Wstrict-prototypes -Wno-semicolon-before-method-body -Wunguarded-availability @/Users/andreea/StudioProjects/Flutter_Project/build/macos/Build/Intermediates.noindex/Pods.build/Debug/share_plus.build/Objects-normal/arm64/7187679823f38a2a940e0043cdf9d637-common-args.resp -MMD -MT dependencies -MF /Users/andreea/StudioProjects/Flutter_Project/build/macos/Build/Intermediates.noindex/Pods.build/Debug/share_plus.build/Objects-normal/arm64/share_plus_vers.d --serialize-diagnostics /Users/andreea/StudioProjects/Flutter_Project/build/macos/Build/Intermediates.noindex/Pods.build/Debug/share_plus.build/Objects-normal/arm64/share_plus_vers.dia -c /Users/andreea/StudioProjects/Flutter_Project/build/macos/Build/Intermediates.noindex/Pods.build/Debug/share_plus.build/DerivedSources/share_plus_vers.c -o /Users/andreea/StudioProjects/Flutter_Project/build/macos/Build/Intermediates.noindex/Pods.build/Debug/share_plus.build/Objects-normal/arm64/share_plus_vers.o
[        ] SwiftDriver\ Compilation path_provider_foundation normal arm64 com.apple.xcode.tools.swift.compiler (in target 'path_provider_foundation' from project 'Pods')
[        ]     cd /Users/andreea/StudioProjects/Flutter_Project/macos/Pods
[        ]     builtin-Swift-Compilation -- /Applications/Xcode.app/Contents/Developer/Toolchains/XcodeDefault.xctoolchain/usr/bin/swiftc -module-name path_provider_foundation -Onone -enforce-exclusivity\=checked @/Users/andreea/StudioProjects/Flutter_Project/build/macos/Build/Intermediates.noindex/Pods.build/Debug/path_provider_foundation.build/Objects-normal/arm64/path_provider_foundation.SwiftFileList -DDEBUG -D COCOAPODS -enable-bare-slash-regex -enable-experimental-feature DebugDescriptionMacro -sdk /Applications/Xcode.app/Contents/Developer/Platforms/MacOSX.platform/Developer/SDKs/MacOSX15.4.sdk -target arm64-apple-macos10.14 -g -module-cache-path /Users/andreea/StudioProjects/Flutter_Project/build/macos/ModuleCache.noindex -Xfrontend -serialize-debugging-options -enable-testing -swift-version 5 -I /Users/andreea/StudioProjects/Flutter_Project/build/macos/Build/Products/Debug/path_provider_foundation -F /Users/andreea/StudioProjects/Flutter_Project/build/macos/Build/Products/Debug/path_provider_foundation -F /Users/andreea/StudioProjects/development/flutter_honoo/bin/cache/artifacts/engine/darwin-x64 -c -j10 -enable-batch-mode -incremental -Xcc -ivfsstatcache -Xcc /Users/andreea/StudioProjects/Flutter_Project/build/macos/SDKStatCaches.noindex/macosx15.4-24E241-88b860576fb364319593bd8fb30666b0.sdkstatcache -output-file-map /Users/andreea/StudioProjects/Flutter_Project/build/macos/Build/Intermediates.noindex/Pods.build/Debug/path_provider_foundation.build/Objects-normal/arm64/path_provider_foundation-OutputFileMap.json -use-frontend-parseable-output -save-temps -no-color-diagnostics -serialize-diagnostics -emit-dependencies -emit-module -emit-module-path /Users/andreea/StudioProjects/Flutter_Project/build/macos/Build/Intermediates.noindex/Pods.build/Debug/path_provider_foundation.build/Objects-normal/arm64/path_provider_foundation.swiftmodule -validate-clang-modules-once -clang-build-session-file /Users/andreea/StudioProjects/Flutter_Project/build/macos/ModuleCache.noindex/Session.modulevalidation -Xcc -I/Users/andreea/StudioProjects/Flutter_Project/build/macos/Build/Intermediates.noindex/Pods.build/Debug/path_provider_foundation.build/swift-overrides.hmap -emit-const-values -Xfrontend -const-gather-protocols-file -Xfrontend /Users/andreea/StudioProjects/Flutter_Project/build/macos/Build/Intermediates.noindex/Pods.build/Debug/path_provider_foundation.build/Objects-normal/arm64/path_provider_foundation_const_extract_protocols.json -Xcc -iquote -Xcc /Users/andreea/StudioProjects/Flutter_Project/build/macos/Build/Intermediates.noindex/Pods.build/Debug/path_provider_foundation.build/path_provider_foundation-generated-files.hmap -Xcc -I/Users/andreea/StudioProjects/Flutter_Project/build/macos/Build/Intermediates.noindex/Pods.build/Debug/path_provider_foundation.build/path_provider_foundation-own-target-headers.hmap -Xcc -I/Users/andreea/StudioProjects/Flutter_Project/build/macos/Build/Intermediates.noindex/Pods.build/Debug/path_provider_foundation.build/path_provider_foundation-all-non-framework-target-headers.hmap -Xcc -ivfsoverlay -Xcc /Users/andreea/StudioProjects/Flutter_Project/build/macos/Build/Intermediates.noindex/Pods.build/Debug/Pods-8699adb1dd336b26511df848a716bd42-VFS/all-product-headers.yaml -Xcc -iquote -Xcc /Users/andreea/StudioProjects/Flutter_Project/build/macos/Build/Intermediates.noindex/Pods.build/Debug/path_provider_foundation.build/path_provider_foundation-project-headers.hmap -Xcc -I/Users/andreea/StudioProjects/Flutter_Project/build/macos/Build/Products/Debug/path_provider_foundation/include -Xcc -I/Users/andreea/StudioProjects/Flutter_Project/build/macos/Build/Intermediates.noindex/Pods.build/Debug/path_provider_foundation.build/DerivedSources-normal/arm64 -Xcc -I/Users/andreea/StudioProjects/Flutter_Project/build/macos/Build/Intermediates.noindex/Pods.build/Debug/path_provider_foundation.build/DerivedSources/arm64 -Xcc -I/Users/andreea/StudioProjects/Flutter_Project/build/macos/Build/Intermediates.noindex/Pods.build/Debug/path_provider_foundation.build/DerivedSources -Xcc -DPOD_CONFIGURATION_DEBUG\=1 -Xcc -DDEBUG\=1 -Xcc -DCOCOAPODS\=1 -emit-objc-header -emit-objc-header-path /Users/andreea/StudioProjects/Flutter_Project/build/macos/Build/Intermediates.noindex/Pods.build/Debug/path_provider_foundation.build/Objects-normal/arm64/path_provider_foundation-Swift.h -import-underlying-module -Xcc -ivfsoverlay -Xcc /Users/andreea/StudioProjects/Flutter_Project/build/macos/Build/Intermediates.noindex/Pods.build/Debug/path_provider_foundation.build/unextended-module-overlay.yaml -working-directory /Users/andreea/StudioProjects/Flutter_Project/macos/Pods -experimental-emit-module-separately -disable-cmo
[        ] ScanDependencies /Users/andreea/StudioProjects/Flutter_Project/build/macos/Build/Intermediates.noindex/Pods.build/Debug/path_provider_foundation.build/Objects-normal/arm64/path_provider_foundation_vers.o /Users/andreea/StudioProjects/Flutter_Project/build/macos/Build/Intermediates.noindex/Pods.build/Debug/path_provider_foundation.build/DerivedSources/path_provider_foundation_vers.c normal arm64 c com.apple.compilers.llvm.clang.1_0.compiler (in target 'path_provider_foundation' from project 'Pods')
[        ]     cd /Users/andreea/StudioProjects/Flutter_Project/macos/Pods
[        ]     Using response file: /Users/andreea/StudioProjects/Flutter_Project/build/macos/Build/Intermediates.noindex/Pods.build/Debug/path_provider_foundation.build/Objects-normal/arm64/7187679823f38a2a940e0043cdf9d637-common-args.resp
[        ]     builtin-ScanDependencies -o /Users/andreea/StudioProjects/Flutter_Project/build/macos/Build/Intermediates.noindex/Pods.build/Debug/path_provider_foundation.build/Objects-normal/arm64/path_provider_foundation_vers.o.scan -- /Applications/Xcode.app/Contents/Developer/Toolchains/XcodeDefault.xctoolchain/usr/bin/clang -x c -ivfsstatcache /Users/andreea/StudioProjects/Flutter_Project/build/macos/SDKStatCaches.noindex/macosx15.4-24E241-88b860576fb364319593bd8fb30666b0.sdkstatcache -fmessage-length\=0 -fdiagnostics-show-note-include-stack -fmacro-backtrace-limit\=0 -fno-color-diagnostics -fmodules-prune-interval\=86400 -fmodules-prune-after\=345600 -fbuild-session-file\=/Users/andreea/StudioProjects/Flutter_Project/build/macos/ModuleCache.noindex/Session.modulevalidation -fmodules-validate-once-per-build-session -Wnon-modular-include-in-framework-module -Werror\=non-modular-include-in-framework-module -Wno-trigraphs -Wno-missing-field-initializers -Wno-missing-prototypes -Werror\=return-type -Wdocumentation -Wunreachable-code -Werror\=deprecated-objc-isa-usage -Werror\=objc-root-class -Wno-missing-braces -Wparentheses -Wswitch -Wunused-function -Wno-unused-label -Wno-unused-parameter -Wunused-variable -Wunused-value -Wempty-body -Wuninitialized -Wconditional-uninitialized -Wno-unknown-pragmas -Wno-shadow -Wno-four-char-constants -Wno-conversion -Wconstant-conversion -Wint-conversion -Wbool-conversion -Wenum-conversion -Wno-float-conversion -Wnon-literal-null-conversion -Wobjc-literal-conversion -Wshorten-64-to-32 -Wpointer-sign -Wno-newline-eof -Wno-implicit-fallthrough -fstrict-aliasing -Wdeprecated-declarations -Wno-sign-conversion -Winfinite-recursion -Wcomma -Wblock-capture-autoreleasing -Wstrict-prototypes -Wno-semicolon-before-method-body -Wunguarded-availability @/Users/andreea/StudioProjects/Flutter_Project/build/macos/Build/Intermediates.noindex/Pods.build/Debug/path_provider_foundation.build/Objects-normal/arm64/7187679823f38a2a940e0043cdf9d637-common-args.resp -MMD -MT dependencies -MF /Users/andreea/StudioProjects/Flutter_Project/build/macos/Build/Intermediates.noindex/Pods.build/Debug/path_provider_foundation.build/Objects-normal/arm64/path_provider_foundation_vers.d --serialize-diagnostics /Users/andreea/StudioProjects/Flutter_Project/build/macos/Build/Intermediates.noindex/Pods.build/Debug/path_provider_foundation.build/Objects-normal/arm64/path_provider_foundation_vers.dia -c /Users/andreea/StudioProjects/Flutter_Project/build/macos/Build/Intermediates.noindex/Pods.build/Debug/path_provider_foundation.build/DerivedSources/path_provider_foundation_vers.c -o /Users/andreea/StudioProjects/Flutter_Project/build/macos/Build/Intermediates.noindex/Pods.build/Debug/path_provider_foundation.build/Objects-normal/arm64/path_provider_foundation_vers.o
[        ] ScanDependencies /Users/andreea/StudioProjects/Flutter_Project/build/macos/Build/Intermediates.noindex/Pods.build/Debug/path_provider_foundation.build/Objects-normal/arm64/path_provider_foundation-dummy.o /Users/andreea/StudioProjects/Flutter_Project/macos/Pods/Target\ Support\ Files/path_provider_foundation/path_provider_foundation-dummy.m normal arm64 objective-c com.apple.compilers.llvm.clang.1_0.compiler (in target 'path_provider_foundation' from project 'Pods')
[        ]     cd /Users/andreea/StudioProjects/Flutter_Project/macos/Pods
[        ]     Using response file: /Users/andreea/StudioProjects/Flutter_Project/build/macos/Build/Intermediates.noindex/Pods.build/Debug/path_provider_foundation.build/Objects-normal/arm64/e6072d4f65d7061329687fe24e3d63a7-common-args.resp
[        ]     builtin-ScanDependencies -o /Users/andreea/StudioProjects/Flutter_Project/build/macos/Build/Intermediates.noindex/Pods.build/Debug/path_provider_foundation.build/Objects-normal/arm64/path_provider_foundation-dummy.o.scan -- /Applications/Xcode.app/Contents/Developer/Toolchains/XcodeDefault.xctoolchain/usr/bin/clang -x objective-c -ivfsstatcache /Users/andreea/StudioProjects/Flutter_Project/build/macos/SDKStatCaches.noindex/macosx15.4-24E241-88b860576fb364319593bd8fb30666b0.sdkstatcache -fmessage-length\=0 -fdiagnostics-show-note-include-stack -fmacro-backtrace-limit\=0 -fno-color-diagnostics -fmodules-prune-interval\=86400 -fmodules-prune-after\=345600 -fbuild-session-file\=/Users/andreea/StudioProjects/Flutter_Project/build/macos/ModuleCache.noindex/Session.modulevalidation -fmodules-validate-once-per-build-session -Wnon-modular-include-in-framework-module -Werror\=non-modular-include-in-framework-module -Wno-trigraphs -Wno-missing-field-initializers -Wno-missing-prototypes -Werror\=return-type -Wdocumentation -Wunreachable-code -Wno-implicit-atomic-properties -Werror\=deprecated-objc-isa-usage -Wno-objc-interface-ivars -Werror\=objc-root-class -Wno-arc-repeated-use-of-weak -Wimplicit-retain-self -Wduplicate-method-match -Wno-missing-braces -Wparentheses -Wswitch -Wunused-function -Wno-unused-label -Wno-unused-parameter -Wunused-variable -Wunused-value -Wempty-body -Wuninitialized -Wconditional-uninitialized -Wno-unknown-pragmas -Wno-shadow -Wno-four-char-constants -Wno-conversion -Wconstant-conversion -Wint-conversion -Wbool-conversion -Wenum-conversion -Wno-float-conversion -Wnon-literal-null-conversion -Wobjc-literal-conversion -Wshorten-64-to-32 -Wpointer-sign -Wno-newline-eof -Wno-selector -Wno-strict-selector-match -Wundeclared-selector -Wdeprecated-implementations -Wno-implicit-fallthrough -fstrict-aliasing -Wprotocol -Wdeprecated-declarations -Wno-sign-conversion -Winfinite-recursion -Wcomma -Wblock-capture-autoreleasing -Wstrict-prototypes -Wno-semicolon-before-method-body -Wunguarded-availability @/Users/andreea/StudioProjects/Flutter_Project/build/macos/Build/Intermediates.noindex/Pods.build/Debug/path_provider_foundation.build/Objects-normal/arm64/e6072d4f65d7061329687fe24e3d63a7-common-args.resp -include /Users/andreea/StudioProjects/Flutter_Project/macos/Pods/Target\ Support\ Files/path_provider_foundation/path_provider_foundation-prefix.pch -MMD -MT dependencies -MF /Users/andreea/StudioProjects/Flutter_Project/build/macos/Build/Intermediates.noindex/Pods.build/Debug/path_provider_foundation.build/Objects-normal/arm64/path_provider_foundation-dummy.d --serialize-diagnostics /Users/andreea/StudioProjects/Flutter_Project/build/macos/Build/Intermediates.noindex/Pods.build/Debug/path_provider_foundation.build/Objects-normal/arm64/path_provider_foundation-dummy.dia -c /Users/andreea/StudioProjects/Flutter_Project/macos/Pods/Target\ Support\ Files/path_provider_foundation/path_provider_foundation-dummy.m -o /Users/andreea/StudioProjects/Flutter_Project/build/macos/Build/Intermediates.noindex/Pods.build/Debug/path_provider_foundation.build/Objects-normal/arm64/path_provider_foundation-dummy.o
[        ] CompileC /Users/andreea/StudioProjects/Flutter_Project/build/macos/Build/Intermediates.noindex/Pods.build/Debug/path_provider_foundation.build/Objects-normal/arm64/path_provider_foundation_vers.o /Users/andreea/StudioProjects/Flutter_Project/build/macos/Build/Intermediates.noindex/Pods.build/Debug/path_provider_foundation.build/DerivedSources/path_provider_foundation_vers.c normal arm64 c com.apple.compilers.llvm.clang.1_0.compiler (in target 'path_provider_foundation' from project 'Pods')
[        ]     cd /Users/andreea/StudioProjects/Flutter_Project/macos/Pods
[        ]     Using response file: /Users/andreea/StudioProjects/Flutter_Project/build/macos/Build/Intermediates.noindex/Pods.build/Debug/path_provider_foundation.build/Objects-normal/arm64/7187679823f38a2a940e0043cdf9d637-common-args.resp
[        ]     /Applications/Xcode.app/Contents/Developer/Toolchains/XcodeDefault.xctoolchain/usr/bin/clang -x c -ivfsstatcache /Users/andreea/StudioProjects/Flutter_Project/build/macos/SDKStatCaches.noindex/macosx15.4-24E241-88b860576fb364319593bd8fb30666b0.sdkstatcache -fmessage-length\=0 -fdiagnostics-show-note-include-stack -fmacro-backtrace-limit\=0 -fno-color-diagnostics -fmodules-prune-interval\=86400 -fmodules-prune-after\=345600 -fbuild-session-file\=/Users/andreea/StudioProjects/Flutter_Project/build/macos/ModuleCache.noindex/Session.modulevalidation -fmodules-validate-once-per-build-session -Wnon-modular-include-in-framework-module -Werror\=non-modular-include-in-framework-module -Wno-trigraphs -Wno-missing-field-initializers -Wno-missing-prototypes -Werror\=return-type -Wdocumentation -Wunreachable-code -Werror\=deprecated-objc-isa-usage -Werror\=objc-root-class -Wno-missing-braces -Wparentheses -Wswitch -Wunused-function -Wno-unused-label -Wno-unused-parameter -Wunused-variable -Wunused-value -Wempty-body -Wuninitialized -Wconditional-uninitialized -Wno-unknown-pragmas -Wno-shadow -Wno-four-char-constants -Wno-conversion -Wconstant-conversion -Wint-conversion -Wbool-conversion -Wenum-conversion -Wno-float-conversion -Wnon-literal-null-conversion -Wobjc-literal-conversion -Wshorten-64-to-32 -Wpointer-sign -Wno-newline-eof -Wno-implicit-fallthrough -fstrict-aliasing -Wdeprecated-declarations -Wno-sign-conversion -Winfinite-recursion -Wcomma -Wblock-capture-autoreleasing -Wstrict-prototypes -Wno-semicolon-before-method-body -Wunguarded-availability @/Users/andreea/StudioProjects/Flutter_Project/build/macos/Build/Intermediates.noindex/Pods.build/Debug/path_provider_foundation.build/Objects-normal/arm64/7187679823f38a2a940e0043cdf9d637-common-args.resp -MMD -MT dependencies -MF /Users/andreea/StudioProjects/Flutter_Project/build/macos/Build/Intermediates.noindex/Pods.build/Debug/path_provider_foundation.build/Objects-normal/arm64/path_provider_foundation_vers.d --serialize-diagnostics /Users/andreea/StudioProjects/Flutter_Project/build/macos/Build/Intermediates.noindex/Pods.build/Debug/path_provider_foundation.build/Objects-normal/arm64/path_provider_foundation_vers.dia -c /Users/andreea/StudioProjects/Flutter_Project/build/macos/Build/Intermediates.noindex/Pods.build/Debug/path_provider_foundation.build/DerivedSources/path_provider_foundation_vers.c -o /Users/andreea/StudioProjects/Flutter_Project/build/macos/Build/Intermediates.noindex/Pods.build/Debug/path_provider_foundation.build/Objects-normal/arm64/path_provider_foundation_vers.o
[        ] SwiftDriverJobDiscovery normal arm64 Compiling messages.g.swift (in target 'url_launcher_macos' from project 'Pods')
[        ] SwiftDriver\ Compilation url_launcher_macos normal arm64 com.apple.xcode.tools.swift.compiler (in target 'url_launcher_macos' from project 'Pods')
[        ]     cd /Users/andreea/StudioProjects/Flutter_Project/macos/Pods
[        ]     builtin-Swift-Compilation -- /Applications/Xcode.app/Contents/Developer/Toolchains/XcodeDefault.xctoolchain/usr/bin/swiftc -module-name url_launcher_macos -Onone -enforce-exclusivity\=checked @/Users/andreea/StudioProjects/Flutter_Project/build/macos/Build/Intermediates.noindex/Pods.build/Debug/url_launcher_macos.build/Objects-normal/arm64/url_launcher_macos.SwiftFileList -DDEBUG -D COCOAPODS -enable-bare-slash-regex -enable-experimental-feature DebugDescriptionMacro -sdk /Applications/Xcode.app/Contents/Developer/Platforms/MacOSX.platform/Developer/SDKs/MacOSX15.4.sdk -target arm64-apple-macos10.14 -g -module-cache-path /Users/andreea/StudioProjects/Flutter_Project/build/macos/ModuleCache.noindex -Xfrontend -serialize-debugging-options -enable-testing -swift-version 5 -I /Users/andreea/StudioProjects/Flutter_Project/build/macos/Build/Products/Debug/url_launcher_macos -F /Users/andreea/StudioProjects/Flutter_Project/build/macos/Build/Products/Debug/url_launcher_macos -F /Users/andreea/StudioProjects/development/flutter_honoo/bin/cache/artifacts/engine/darwin-x64 -c -j10 -enable-batch-mode -incremental -Xcc -ivfsstatcache -Xcc /Users/andreea/StudioProjects/Flutter_Project/build/macos/SDKStatCaches.noindex/macosx15.4-24E241-88b860576fb364319593bd8fb30666b0.sdkstatcache -output-file-map /Users/andreea/StudioProjects/Flutter_Project/build/macos/Build/Intermediates.noindex/Pods.build/Debug/url_launcher_macos.build/Objects-normal/arm64/url_launcher_macos-OutputFileMap.json -use-frontend-parseable-output -save-temps -no-color-diagnostics -serialize-diagnostics -emit-dependencies -emit-module -emit-module-path /Users/andreea/StudioProjects/Flutter_Project/build/macos/Build/Intermediates.noindex/Pods.build/Debug/url_launcher_macos.build/Objects-normal/arm64/url_launcher_macos.swiftmodule -validate-clang-modules-once -clang-build-session-file /Users/andreea/StudioProjects/Flutter_Project/build/macos/ModuleCache.noindex/Session.modulevalidation -Xcc -I/Users/andreea/StudioProjects/Flutter_Project/build/macos/Build/Intermediates.noindex/Pods.build/Debug/url_launcher_macos.build/swift-overrides.hmap -emit-const-values -Xfrontend -const-gather-protocols-file -Xfrontend /Users/andreea/StudioProjects/Flutter_Project/build/macos/Build/Intermediates.noindex/Pods.build/Debug/url_launcher_macos.build/Objects-normal/arm64/url_launcher_macos_const_extract_protocols.json -Xcc -iquote -Xcc /Users/andreea/StudioProjects/Flutter_Project/build/macos/Build/Intermediates.noindex/Pods.build/Debug/url_launcher_macos.build/url_launcher_macos-generated-files.hmap -Xcc -I/Users/andreea/StudioProjects/Flutter_Project/build/macos/Build/Intermediates.noindex/Pods.build/Debug/url_launcher_macos.build/url_launcher_macos-own-target-headers.hmap -Xcc -I/Users/andreea/StudioProjects/Flutter_Project/build/macos/Build/Intermediates.noindex/Pods.build/Debug/url_launcher_macos.build/url_launcher_macos-all-non-framework-target-headers.hmap -Xcc -ivfsoverlay -Xcc /Users/andreea/StudioProjects/Flutter_Project/build/macos/Build/Intermediates.noindex/Pods.build/Debug/Pods-8699adb1dd336b26511df848a716bd42-VFS/all-product-headers.yaml -Xcc -iquote -Xcc /Users/andreea/StudioProjects/Flutter_Project/build/macos/Build/Intermediates.noindex/Pods.build/Debug/url_launcher_macos.build/url_launcher_macos-project-headers.hmap -Xcc -I/Users/andreea/StudioProjects/Flutter_Project/build/macos/Build/Products/Debug/url_launcher_macos/include -Xcc -I/Users/andreea/StudioProjects/Flutter_Project/build/macos/Build/Intermediates.noindex/Pods.build/Debug/url_launcher_macos.build/DerivedSources-normal/arm64 -Xcc -I/Users/andreea/StudioProjects/Flutter_Project/build/macos/Build/Intermediates.noindex/Pods.build/Debug/url_launcher_macos.build/DerivedSources/arm64 -Xcc -I/Users/andreea/StudioProjects/Flutter_Project/build/macos/Build/Intermediates.noindex/Pods.build/Debug/url_launcher_macos.build/DerivedSources -Xcc -DPOD_CONFIGURATION_DEBUG\=1 -Xcc -DDEBUG\=1 -Xcc -DCOCOAPODS\=1 -emit-objc-header -emit-objc-header-path /Users/andreea/StudioProjects/Flutter_Project/build/macos/Build/Intermediates.noindex/Pods.build/Debug/url_launcher_macos.build/Objects-normal/arm64/url_launcher_macos-Swift.h -import-underlying-module -Xcc -ivfsoverlay -Xcc /Users/andreea/StudioProjects/Flutter_Project/build/macos/Build/Intermediates.noindex/Pods.build/Debug/url_launcher_macos.build/unextended-module-overlay.yaml -working-directory /Users/andreea/StudioProjects/Flutter_Project/macos/Pods -experimental-emit-module-separately -disable-cmo
[        ] ScanDependencies /Users/andreea/StudioProjects/Flutter_Project/build/macos/Build/Intermediates.noindex/Pods.build/Debug/file_selector_macos.build/Objects-normal/arm64/file_selector_macos_vers.o /Users/andreea/StudioProjects/Flutter_Project/build/macos/Build/Intermediates.noindex/Pods.build/Debug/file_selector_macos.build/DerivedSources/file_selector_macos_vers.c normal arm64 c com.apple.compilers.llvm.clang.1_0.compiler (in target 'file_selector_macos' from project 'Pods')
[        ]     cd /Users/andreea/StudioProjects/Flutter_Project/macos/Pods
[        ]     Using response file: /Users/andreea/StudioProjects/Flutter_Project/build/macos/Build/Intermediates.noindex/Pods.build/Debug/file_selector_macos.build/Objects-normal/arm64/7187679823f38a2a940e0043cdf9d637-common-args.resp
[        ]     builtin-ScanDependencies -o /Users/andreea/StudioProjects/Flutter_Project/build/macos/Build/Intermediates.noindex/Pods.build/Debug/file_selector_macos.build/Objects-normal/arm64/file_selector_macos_vers.o.scan -- /Applications/Xcode.app/Contents/Developer/Toolchains/XcodeDefault.xctoolchain/usr/bin/clang -x c -ivfsstatcache /Users/andreea/StudioProjects/Flutter_Project/build/macos/SDKStatCaches.noindex/macosx15.4-24E241-88b860576fb364319593bd8fb30666b0.sdkstatcache -fmessage-length\=0 -fdiagnostics-show-note-include-stack -fmacro-backtrace-limit\=0 -fno-color-diagnostics -fmodules-prune-interval\=86400 -fmodules-prune-after\=345600 -fbuild-session-file\=/Users/andreea/StudioProjects/Flutter_Project/build/macos/ModuleCache.noindex/Session.modulevalidation -fmodules-validate-once-per-build-session -Wnon-modular-include-in-framework-module -Werror\=non-modular-include-in-framework-module -Wno-trigraphs -Wno-missing-field-initializers -Wno-missing-prototypes -Werror\=return-type -Wdocumentation -Wunreachable-code -Werror\=deprecated-objc-isa-usage -Werror\=objc-root-class -Wno-missing-braces -Wparentheses -Wswitch -Wunused-function -Wno-unused-label -Wno-unused-parameter -Wunused-variable -Wunused-value -Wempty-body -Wuninitialized -Wconditional-uninitialized -Wno-unknown-pragmas -Wno-shadow -Wno-four-char-constants -Wno-conversion -Wconstant-conversion -Wint-conversion -Wbool-conversion -Wenum-conversion -Wno-float-conversion -Wnon-literal-null-conversion -Wobjc-literal-conversion -Wshorten-64-to-32 -Wpointer-sign -Wno-newline-eof -Wno-implicit-fallthrough -fstrict-aliasing -Wdeprecated-declarations -Wno-sign-conversion -Winfinite-recursion -Wcomma -Wblock-capture-autoreleasing -Wstrict-prototypes -Wno-semicolon-before-method-body -Wunguarded-availability @/Users/andreea/StudioProjects/Flutter_Project/build/macos/Build/Intermediates.noindex/Pods.build/Debug/file_selector_macos.build/Objects-normal/arm64/7187679823f38a2a940e0043cdf9d637-common-args.resp -MMD -MT dependencies -MF /Users/andreea/StudioProjects/Flutter_Project/build/macos/Build/Intermediates.noindex/Pods.build/Debug/file_selector_macos.build/Objects-normal/arm64/file_selector_macos_vers.d --serialize-diagnostics /Users/andreea/StudioProjects/Flutter_Project/build/macos/Build/Intermediates.noindex/Pods.build/Debug/file_selector_macos.build/Objects-normal/arm64/file_selector_macos_vers.dia -c /Users/andreea/StudioProjects/Flutter_Project/build/macos/Build/Intermediates.noindex/Pods.build/Debug/file_selector_macos.build/DerivedSources/file_selector_macos_vers.c -o /Users/andreea/StudioProjects/Flutter_Project/build/macos/Build/Intermediates.noindex/Pods.build/Debug/file_selector_macos.build/Objects-normal/arm64/file_selector_macos_vers.o
[        ] ScanDependencies /Users/andreea/StudioProjects/Flutter_Project/build/macos/Build/Intermediates.noindex/Pods.build/Debug/file_selector_macos.build/Objects-normal/arm64/file_selector_macos-dummy.o /Users/andreea/StudioProjects/Flutter_Project/macos/Pods/Target\ Support\ Files/file_selector_macos/file_selector_macos-dummy.m normal arm64 objective-c com.apple.compilers.llvm.clang.1_0.compiler (in target 'file_selector_macos' from project 'Pods')
[        ]     cd /Users/andreea/StudioProjects/Flutter_Project/macos/Pods
[        ]     Using response file: /Users/andreea/StudioProjects/Flutter_Project/build/macos/Build/Intermediates.noindex/Pods.build/Debug/file_selector_macos.build/Objects-normal/arm64/e6072d4f65d7061329687fe24e3d63a7-common-args.resp
[        ]     builtin-ScanDependencies -o /Users/andreea/StudioProjects/Flutter_Project/build/macos/Build/Intermediates.noindex/Pods.build/Debug/file_selector_macos.build/Objects-normal/arm64/file_selector_macos-dummy.o.scan -- /Applications/Xcode.app/Contents/Developer/Toolchains/XcodeDefault.xctoolchain/usr/bin/clang -x objective-c -ivfsstatcache /Users/andreea/StudioProjects/Flutter_Project/build/macos/SDKStatCaches.noindex/macosx15.4-24E241-88b860576fb364319593bd8fb30666b0.sdkstatcache -fmessage-length\=0 -fdiagnostics-show-note-include-stack -fmacro-backtrace-limit\=0 -fno-color-diagnostics -fmodules-prune-interval\=86400 -fmodules-prune-after\=345600 -fbuild-session-file\=/Users/andreea/StudioProjects/Flutter_Project/build/macos/ModuleCache.noindex/Session.modulevalidation -fmodules-validate-once-per-build-session -Wnon-modular-include-in-framework-module -Werror\=non-modular-include-in-framework-module -Wno-trigraphs -Wno-missing-field-initializers -Wno-missing-prototypes -Werror\=return-type -Wdocumentation -Wunreachable-code -Wno-implicit-atomic-properties -Werror\=deprecated-objc-isa-usage -Wno-objc-interface-ivars -Werror\=objc-root-class -Wno-arc-repeated-use-of-weak -Wimplicit-retain-self -Wduplicate-method-match -Wno-missing-braces -Wparentheses -Wswitch -Wunused-function -Wno-unused-label -Wno-unused-parameter -Wunused-variable -Wunused-value -Wempty-body -Wuninitialized -Wconditional-uninitialized -Wno-unknown-pragmas -Wno-shadow -Wno-four-char-constants -Wno-conversion -Wconstant-conversion -Wint-conversion -Wbool-conversion -Wenum-conversion -Wno-float-conversion -Wnon-literal-null-conversion -Wobjc-literal-conversion -Wshorten-64-to-32 -Wpointer-sign -Wno-newline-eof -Wno-selector -Wno-strict-selector-match -Wundeclared-selector -Wdeprecated-implementations -Wno-implicit-fallthrough -fstrict-aliasing -Wprotocol -Wdeprecated-declarations -Wno-sign-conversion -Winfinite-recursion -Wcomma -Wblock-capture-autoreleasing -Wstrict-prototypes -Wno-semicolon-before-method-body -Wunguarded-availability @/Users/andreea/StudioProjects/Flutter_Project/build/macos/Build/Intermediates.noindex/Pods.build/Debug/file_selector_macos.build/Objects-normal/arm64/e6072d4f65d7061329687fe24e3d63a7-common-args.resp -include /Users/andreea/StudioProjects/Flutter_Project/macos/Pods/Target\ Support\ Files/file_selector_macos/file_selector_macos-prefix.pch -MMD -MT dependencies -MF /Users/andreea/StudioProjects/Flutter_Project/build/macos/Build/Intermediates.noindex/Pods.build/Debug/file_selector_macos.build/Objects-normal/arm64/file_selector_macos-dummy.d --serialize-diagnostics /Users/andreea/StudioProjects/Flutter_Project/build/macos/Build/Intermediates.noindex/Pods.build/Debug/file_selector_macos.build/Objects-normal/arm64/file_selector_macos-dummy.dia -c /Users/andreea/StudioProjects/Flutter_Project/macos/Pods/Target\ Support\ Files/file_selector_macos/file_selector_macos-dummy.m -o /Users/andreea/StudioProjects/Flutter_Project/build/macos/Build/Intermediates.noindex/Pods.build/Debug/file_selector_macos.build/Objects-normal/arm64/file_selector_macos-dummy.o
[ +150 ms] CompileC /Users/andreea/StudioProjects/Flutter_Project/build/macos/Build/Intermediates.noindex/Pods.build/Debug/file_selector_macos.build/Objects-normal/arm64/file_selector_macos_vers.o /Users/andreea/StudioProjects/Flutter_Project/build/macos/Build/Intermediates.noindex/Pods.build/Debug/file_selector_macos.build/DerivedSources/file_selector_macos_vers.c normal arm64 c com.apple.compilers.llvm.clang.1_0.compiler (in target 'file_selector_macos' from project 'Pods')
[        ]     cd /Users/andreea/StudioProjects/Flutter_Project/macos/Pods
[        ]     Using response file: /Users/andreea/StudioProjects/Flutter_Project/build/macos/Build/Intermediates.noindex/Pods.build/Debug/file_selector_macos.build/Objects-normal/arm64/7187679823f38a2a940e0043cdf9d637-common-args.resp
[        ]     /Applications/Xcode.app/Contents/Developer/Toolchains/XcodeDefault.xctoolchain/usr/bin/clang -x c -ivfsstatcache /Users/andreea/StudioProjects/Flutter_Project/build/macos/SDKStatCaches.noindex/macosx15.4-24E241-88b860576fb364319593bd8fb30666b0.sdkstatcache -fmessage-length\=0 -fdiagnostics-show-note-include-stack -fmacro-backtrace-limit\=0 -fno-color-diagnostics -fmodules-prune-interval\=86400 -fmodules-prune-after\=345600 -fbuild-session-file\=/Users/andreea/StudioProjects/Flutter_Project/build/macos/ModuleCache.noindex/Session.modulevalidation -fmodules-validate-once-per-build-session -Wnon-modular-include-in-framework-module -Werror\=non-modular-include-in-framework-module -Wno-trigraphs -Wno-missing-field-initializers -Wno-missing-prototypes -Werror\=return-type -Wdocumentation -Wunreachable-code -Werror\=deprecated-objc-isa-usage -Werror\=objc-root-class -Wno-missing-braces -Wparentheses -Wswitch -Wunused-function -Wno-unused-label -Wno-unused-parameter -Wunused-variable -Wunused-value -Wempty-body -Wuninitialized -Wconditional-uninitialized -Wno-unknown-pragmas -Wno-shadow -Wno-four-char-constants -Wno-conversion -Wconstant-conversion -Wint-conversion -Wbool-conversion -Wenum-conversion -Wno-float-conversion -Wnon-literal-null-conversion -Wobjc-literal-conversion -Wshorten-64-to-32 -Wpointer-sign -Wno-newline-eof -Wno-implicit-fallthrough -fstrict-aliasing -Wdeprecated-declarations -Wno-sign-conversion -Winfinite-recursion -Wcomma -Wblock-capture-autoreleasing -Wstrict-prototypes -Wno-semicolon-before-method-body -Wunguarded-availability @/Users/andreea/StudioProjects/Flutter_Project/build/macos/Build/Intermediates.noindex/Pods.build/Debug/file_selector_macos.build/Objects-normal/arm64/7187679823f38a2a940e0043cdf9d637-common-args.resp -MMD -MT dependencies -MF /Users/andreea/StudioProjects/Flutter_Project/build/macos/Build/Intermediates.noindex/Pods.build/Debug/file_selector_macos.build/Objects-normal/arm64/file_selector_macos_vers.d --serialize-diagnostics /Users/andreea/StudioProjects/Flutter_Project/build/macos/Build/Intermediates.noindex/Pods.build/Debug/file_selector_macos.build/Objects-normal/arm64/file_selector_macos_vers.dia -c /Users/andreea/StudioProjects/Flutter_Project/build/macos/Build/Intermediates.noindex/Pods.build/Debug/file_selector_macos.build/DerivedSources/file_selector_macos_vers.c -o /Users/andreea/StudioProjects/Flutter_Project/build/macos/Build/Intermediates.noindex/Pods.build/Debug/file_selector_macos.build/Objects-normal/arm64/file_selector_macos_vers.o
[        ] SwiftDriverJobDiscovery normal arm64 Compiling AppLinksMacosPlugin.swift (in target 'app_links' from project 'Pods')
[        ] SwiftDriver\ Compilation app_links normal arm64 com.apple.xcode.tools.swift.compiler (in target 'app_links' from project 'Pods')
[        ]     cd /Users/andreea/StudioProjects/Flutter_Project/macos/Pods
[        ]     builtin-Swift-Compilation -- /Applications/Xcode.app/Contents/Developer/Toolchains/XcodeDefault.xctoolchain/usr/bin/swiftc -module-name app_links -Onone -enforce-exclusivity\=checked @/Users/andreea/StudioProjects/Flutter_Project/build/macos/Build/Intermediates.noindex/Pods.build/Debug/app_links.build/Objects-normal/arm64/app_links.SwiftFileList -DDEBUG -D COCOAPODS -enable-bare-slash-regex -enable-experimental-feature DebugDescriptionMacro -sdk /Applications/Xcode.app/Contents/Developer/Platforms/MacOSX.platform/Developer/SDKs/MacOSX15.4.sdk -target arm64-apple-macos10.14 -g -module-cache-path /Users/andreea/StudioProjects/Flutter_Project/build/macos/ModuleCache.noindex -Xfrontend -serialize-debugging-options -enable-testing -swift-version 5 -I /Users/andreea/StudioProjects/Flutter_Project/build/macos/Build/Products/Debug/app_links -F /Users/andreea/StudioProjects/Flutter_Project/build/macos/Build/Products/Debug/app_links -F /Users/andreea/StudioProjects/development/flutter_honoo/bin/cache/artifacts/engine/darwin-x64 -parse-as-library -c -j10 -enable-batch-mode -incremental -Xcc -ivfsstatcache -Xcc /Users/andreea/StudioProjects/Flutter_Project/build/macos/SDKStatCaches.noindex/macosx15.4-24E241-88b860576fb364319593bd8fb30666b0.sdkstatcache -output-file-map /Users/andreea/StudioProjects/Flutter_Project/build/macos/Build/Intermediates.noindex/Pods.build/Debug/app_links.build/Objects-normal/arm64/app_links-OutputFileMap.json -use-frontend-parseable-output -save-temps -no-color-diagnostics -serialize-diagnostics -emit-dependencies -emit-module -emit-module-path /Users/andreea/StudioProjects/Flutter_Project/build/macos/Build/Intermediates.noindex/Pods.build/Debug/app_links.build/Objects-normal/arm64/app_links.swiftmodule -validate-clang-modules-once -clang-build-session-file /Users/andreea/StudioProjects/Flutter_Project/build/macos/ModuleCache.noindex/Session.modulevalidation -Xcc -I/Users/andreea/StudioProjects/Flutter_Project/build/macos/Build/Intermediates.noindex/Pods.build/Debug/app_links.build/swift-overrides.hmap -emit-const-values -Xfrontend -const-gather-protocols-file -Xfrontend /Users/andreea/StudioProjects/Flutter_Project/build/macos/Build/Intermediates.noindex/Pods.build/Debug/app_links.build/Objects-normal/arm64/app_links_const_extract_protocols.json -Xcc -iquote -Xcc /Users/andreea/StudioProjects/Flutter_Project/build/macos/Build/Intermediates.noindex/Pods.build/Debug/app_links.build/app_links-generated-files.hmap -Xcc -I/Users/andreea/StudioProjects/Flutter_Project/build/macos/Build/Intermediates.noindex/Pods.build/Debug/app_links.build/app_links-own-target-headers.hmap -Xcc -I/Users/andreea/StudioProjects/Flutter_Project/build/macos/Build/Intermediates.noindex/Pods.build/Debug/app_links.build/app_links-all-non-framework-target-headers.hmap -Xcc -ivfsoverlay -Xcc /Users/andreea/StudioProjects/Flutter_Project/build/macos/Build/Intermediates.noindex/Pods.build/Debug/Pods-8699adb1dd336b26511df848a716bd42-VFS/all-product-headers.yaml -Xcc -iquote -Xcc /Users/andreea/StudioProjects/Flutter_Project/build/macos/Build/Intermediates.noindex/Pods.build/Debug/app_links.build/app_links-project-headers.hmap -Xcc -I/Users/andreea/StudioProjects/Flutter_Project/build/macos/Build/Products/Debug/app_links/include -Xcc -I/Users/andreea/StudioProjects/Flutter_Project/build/macos/Build/Intermediates.noindex/Pods.build/Debug/app_links.build/DerivedSources-normal/arm64 -Xcc -I/Users/andreea/StudioProjects/Flutter_Project/build/macos/Build/Intermediates.noindex/Pods.build/Debug/app_links.build/DerivedSources/arm64 -Xcc -I/Users/andreea/StudioProjects/Flutter_Project/build/macos/Build/Intermediates.noindex/Pods.build/Debug/app_links.build/DerivedSources -Xcc -DPOD_CONFIGURATION_DEBUG\=1 -Xcc -DDEBUG\=1 -Xcc -DCOCOAPODS\=1 -emit-objc-header -emit-objc-header-path /Users/andreea/StudioProjects/Flutter_Project/build/macos/Build/Intermediates.noindex/Pods.build/Debug/app_links.build/Objects-normal/arm64/app_links-Swift.h -import-underlying-module -Xcc -ivfsoverlay -Xcc /Users/andreea/StudioProjects/Flutter_Project/build/macos/Build/Intermediates.noindex/Pods.build/Debug/app_links.build/unextended-module-overlay.yaml -working-directory /Users/andreea/StudioProjects/Flutter_Project/macos/Pods -experimental-emit-module-separately -disable-cmo
[        ] ScanDependencies /Users/andreea/StudioProjects/Flutter_Project/build/macos/Build/Intermediates.noindex/Pods.build/Debug/app_links.build/Objects-normal/arm64/app_links_vers.o /Users/andreea/StudioProjects/Flutter_Project/build/macos/Build/Intermediates.noindex/Pods.build/Debug/app_links.build/DerivedSources/app_links_vers.c normal arm64 c com.apple.compilers.llvm.clang.1_0.compiler (in target 'app_links' from project 'Pods')
[        ]     cd /Users/andreea/StudioProjects/Flutter_Project/macos/Pods
[        ]     Using response file: /Users/andreea/StudioProjects/Flutter_Project/build/macos/Build/Intermediates.noindex/Pods.build/Debug/app_links.build/Objects-normal/arm64/7187679823f38a2a940e0043cdf9d637-common-args.resp
[        ]     builtin-ScanDependencies -o /Users/andreea/StudioProjects/Flutter_Project/build/macos/Build/Intermediates.noindex/Pods.build/Debug/app_links.build/Objects-normal/arm64/app_links_vers.o.scan -- /Applications/Xcode.app/Contents/Developer/Toolchains/XcodeDefault.xctoolchain/usr/bin/clang -x c -ivfsstatcache /Users/andreea/StudioProjects/Flutter_Project/build/macos/SDKStatCaches.noindex/macosx15.4-24E241-88b860576fb364319593bd8fb30666b0.sdkstatcache -fmessage-length\=0 -fdiagnostics-show-note-include-stack -fmacro-backtrace-limit\=0 -fno-color-diagnostics -fmodules-prune-interval\=86400 -fmodules-prune-after\=345600 -fbuild-session-file\=/Users/andreea/StudioProjects/Flutter_Project/build/macos/ModuleCache.noindex/Session.modulevalidation -fmodules-validate-once-per-build-session -Wnon-modular-include-in-framework-module -Werror\=non-modular-include-in-framework-module -Wno-trigraphs -Wno-missing-field-initializers -Wno-missing-prototypes -Werror\=return-type -Wdocumentation -Wunreachable-code -Werror\=deprecated-objc-isa-usage -Werror\=objc-root-class -Wno-missing-braces -Wparentheses -Wswitch -Wunused-function -Wno-unused-label -Wno-unused-parameter -Wunused-variable -Wunused-value -Wempty-body -Wuninitialized -Wconditional-uninitialized -Wno-unknown-pragmas -Wno-shadow -Wno-four-char-constants -Wno-conversion -Wconstant-conversion -Wint-conversion -Wbool-conversion -Wenum-conversion -Wno-float-conversion -Wnon-literal-null-conversion -Wobjc-literal-conversion -Wshorten-64-to-32 -Wpointer-sign -Wno-newline-eof -Wno-implicit-fallthrough -fstrict-aliasing -Wdeprecated-declarations -Wno-sign-conversion -Winfinite-recursion -Wcomma -Wblock-capture-autoreleasing -Wstrict-prototypes -Wno-semicolon-before-method-body -Wunguarded-availability @/Users/andreea/StudioProjects/Flutter_Project/build/macos/Build/Intermediates.noindex/Pods.build/Debug/app_links.build/Objects-normal/arm64/7187679823f38a2a940e0043cdf9d637-common-args.resp -MMD -MT dependencies -MF /Users/andreea/StudioProjects/Flutter_Project/build/macos/Build/Intermediates.noindex/Pods.build/Debug/app_links.build/Objects-normal/arm64/app_links_vers.d --serialize-diagnostics /Users/andreea/StudioProjects/Flutter_Project/build/macos/Build/Intermediates.noindex/Pods.build/Debug/app_links.build/Objects-normal/arm64/app_links_vers.dia -c /Users/andreea/StudioProjects/Flutter_Project/build/macos/Build/Intermediates.noindex/Pods.build/Debug/app_links.build/DerivedSources/app_links_vers.c -o /Users/andreea/StudioProjects/Flutter_Project/build/macos/Build/Intermediates.noindex/Pods.build/Debug/app_links.build/Objects-normal/arm64/app_links_vers.o
[        ] ScanDependencies /Users/andreea/StudioProjects/Flutter_Project/build/macos/Build/Intermediates.noindex/Pods.build/Debug/app_links.build/Objects-normal/arm64/app_links-dummy.o /Users/andreea/StudioProjects/Flutter_Project/macos/Pods/Target\ Support\ Files/app_links/app_links-dummy.m normal arm64 objective-c com.apple.compilers.llvm.clang.1_0.compiler (in target 'app_links' from project 'Pods')
[        ]     cd /Users/andreea/StudioProjects/Flutter_Project/macos/Pods
[        ]     Using response file: /Users/andreea/StudioProjects/Flutter_Project/build/macos/Build/Intermediates.noindex/Pods.build/Debug/app_links.build/Objects-normal/arm64/e6072d4f65d7061329687fe24e3d63a7-common-args.resp
[        ]     builtin-ScanDependencies -o /Users/andreea/StudioProjects/Flutter_Project/build/macos/Build/Intermediates.noindex/Pods.build/Debug/app_links.build/Objects-normal/arm64/app_links-dummy.o.scan -- /Applications/Xcode.app/Contents/Developer/Toolchains/XcodeDefault.xctoolchain/usr/bin/clang -x objective-c -ivfsstatcache /Users/andreea/StudioProjects/Flutter_Project/build/macos/SDKStatCaches.noindex/macosx15.4-24E241-88b860576fb364319593bd8fb30666b0.sdkstatcache -fmessage-length\=0 -fdiagnostics-show-note-include-stack -fmacro-backtrace-limit\=0 -fno-color-diagnostics -fmodules-prune-interval\=86400 -fmodules-prune-after\=345600 -fbuild-session-file\=/Users/andreea/StudioProjects/Flutter_Project/build/macos/ModuleCache.noindex/Session.modulevalidation -fmodules-validate-once-per-build-session -Wnon-modular-include-in-framework-module -Werror\=non-modular-include-in-framework-module -Wno-trigraphs -Wno-missing-field-initializers -Wno-missing-prototypes -Werror\=return-type -Wdocumentation -Wunreachable-code -Wno-implicit-atomic-properties -Werror\=deprecated-objc-isa-usage -Wno-objc-interface-ivars -Werror\=objc-root-class -Wno-arc-repeated-use-of-weak -Wimplicit-retain-self -Wduplicate-method-match -Wno-missing-braces -Wparentheses -Wswitch -Wunused-function -Wno-unused-label -Wno-unused-parameter -Wunused-variable -Wunused-value -Wempty-body -Wuninitialized -Wconditional-uninitialized -Wno-unknown-pragmas -Wno-shadow -Wno-four-char-constants -Wno-conversion -Wconstant-conversion -Wint-conversion -Wbool-conversion -Wenum-conversion -Wno-float-conversion -Wnon-literal-null-conversion -Wobjc-literal-conversion -Wshorten-64-to-32 -Wpointer-sign -Wno-newline-eof -Wno-selector -Wno-strict-selector-match -Wundeclared-selector -Wdeprecated-implementations -Wno-implicit-fallthrough -fstrict-aliasing -Wprotocol -Wdeprecated-declarations -Wno-sign-conversion -Winfinite-recursion -Wcomma -Wblock-capture-autoreleasing -Wstrict-prototypes -Wno-semicolon-before-method-body -Wunguarded-availability @/Users/andreea/StudioProjects/Flutter_Project/build/macos/Build/Intermediates.noindex/Pods.build/Debug/app_links.build/Objects-normal/arm64/e6072d4f65d7061329687fe24e3d63a7-common-args.resp -include /Users/andreea/StudioProjects/Flutter_Project/macos/Pods/Target\ Support\ Files/app_links/app_links-prefix.pch -MMD -MT dependencies -MF /Users/andreea/StudioProjects/Flutter_Project/build/macos/Build/Intermediates.noindex/Pods.build/Debug/app_links.build/Objects-normal/arm64/app_links-dummy.d --serialize-diagnostics /Users/andreea/StudioProjects/Flutter_Project/build/macos/Build/Intermediates.noindex/Pods.build/Debug/app_links.build/Objects-normal/arm64/app_links-dummy.dia -c /Users/andreea/StudioProjects/Flutter_Project/macos/Pods/Target\ Support\ Files/app_links/app_links-dummy.m -o /Users/andreea/StudioProjects/Flutter_Project/build/macos/Build/Intermediates.noindex/Pods.build/Debug/app_links.build/Objects-normal/arm64/app_links-dummy.o
[ +325 ms] SwiftDriverJobDiscovery normal arm64 Compiling FileSelectorPlugin.swift (in target 'file_selector_macos' from project 'Pods')
[        ] CompileC /Users/andreea/StudioProjects/Flutter_Project/build/macos/Build/Intermediates.noindex/Pods.build/Debug/app_links.build/Objects-normal/arm64/app_links_vers.o /Users/andreea/StudioProjects/Flutter_Project/build/macos/Build/Intermediates.noindex/Pods.build/Debug/app_links.build/DerivedSources/app_links_vers.c normal arm64 c com.apple.compilers.llvm.clang.1_0.compiler (in target 'app_links' from project 'Pods')
[        ]     cd /Users/andreea/StudioProjects/Flutter_Project/macos/Pods
[        ]     Using response file: /Users/andreea/StudioProjects/Flutter_Project/build/macos/Build/Intermediates.noindex/Pods.build/Debug/app_links.build/Objects-normal/arm64/7187679823f38a2a940e0043cdf9d637-common-args.resp
[        ]     /Applications/Xcode.app/Contents/Developer/Toolchains/XcodeDefault.xctoolchain/usr/bin/clang -x c -ivfsstatcache /Users/andreea/StudioProjects/Flutter_Project/build/macos/SDKStatCaches.noindex/macosx15.4-24E241-88b860576fb364319593bd8fb30666b0.sdkstatcache -fmessage-length\=0 -fdiagnostics-show-note-include-stack -fmacro-backtrace-limit\=0 -fno-color-diagnostics -fmodules-prune-interval\=86400 -fmodules-prune-after\=345600 -fbuild-session-file\=/Users/andreea/StudioProjects/Flutter_Project/build/macos/ModuleCache.noindex/Session.modulevalidation -fmodules-validate-once-per-build-session -Wnon-modular-include-in-framework-module -Werror\=non-modular-include-in-framework-module -Wno-trigraphs -Wno-missing-field-initializers -Wno-missing-prototypes -Werror\=return-type -Wdocumentation -Wunreachable-code -Werror\=deprecated-objc-isa-usage -Werror\=objc-root-class -Wno-missing-braces -Wparentheses -Wswitch -Wunused-function -Wno-unused-label -Wno-unused-parameter -Wunused-variable -Wunused-value -Wempty-body -Wuninitialized -Wconditional-uninitialized -Wno-unknown-pragmas -Wno-shadow -Wno-four-char-constants -Wno-conversion -Wconstant-conversion -Wint-conversion -Wbool-conversion -Wenum-conversion -Wno-float-conversion -Wnon-literal-null-conversion -Wobjc-literal-conversion -Wshorten-64-to-32 -Wpointer-sign -Wno-newline-eof -Wno-implicit-fallthrough -fstrict-aliasing -Wdeprecated-declarations -Wno-sign-conversion -Winfinite-recursion -Wcomma -Wblock-capture-autoreleasing -Wstrict-prototypes -Wno-semicolon-before-method-body -Wunguarded-availability @/Users/andreea/StudioProjects/Flutter_Project/build/macos/Build/Intermediates.noindex/Pods.build/Debug/app_links.build/Objects-normal/arm64/7187679823f38a2a940e0043cdf9d637-common-args.resp -MMD -MT dependencies -MF /Users/andreea/StudioProjects/Flutter_Project/build/macos/Build/Intermediates.noindex/Pods.build/Debug/app_links.build/Objects-normal/arm64/app_links_vers.d --serialize-diagnostics /Users/andreea/StudioProjects/Flutter_Project/build/macos/Build/Intermediates.noindex/Pods.build/Debug/app_links.build/Objects-normal/arm64/app_links_vers.dia -c /Users/andreea/StudioProjects/Flutter_Project/build/macos/Build/Intermediates.noindex/Pods.build/Debug/app_links.build/DerivedSources/app_links_vers.c -o /Users/andreea/StudioProjects/Flutter_Project/build/macos/Build/Intermediates.noindex/Pods.build/Debug/app_links.build/Objects-normal/arm64/app_links_vers.o
[        ] ScanDependencies /Users/andreea/StudioProjects/Flutter_Project/build/macos/Build/Intermediates.noindex/Pods.build/Debug/Pods-Runner.build/Objects-normal/arm64/Pods_Runner_vers.o /Users/andreea/StudioProjects/Flutter_Project/build/macos/Build/Intermediates.noindex/Pods.build/Debug/Pods-Runner.build/DerivedSources/Pods_Runner_vers.c normal arm64 c com.apple.compilers.llvm.clang.1_0.compiler (in target 'Pods-Runner' from project 'Pods')
[        ]     cd /Users/andreea/StudioProjects/Flutter_Project/macos/Pods
[        ]     Using response file: /Users/andreea/StudioProjects/Flutter_Project/build/macos/Build/Intermediates.noindex/Pods.build/Debug/Pods-Runner.build/Objects-normal/arm64/7187679823f38a2a940e0043cdf9d637-common-args.resp
[        ]     builtin-ScanDependencies -o /Users/andreea/StudioProjects/Flutter_Project/build/macos/Build/Intermediates.noindex/Pods.build/Debug/Pods-Runner.build/Objects-normal/arm64/Pods_Runner_vers.o.scan -- /Applications/Xcode.app/Contents/Developer/Toolchains/XcodeDefault.xctoolchain/usr/bin/clang -x c -ivfsstatcache /Users/andreea/StudioProjects/Flutter_Project/build/macos/SDKStatCaches.noindex/macosx15.4-24E241-88b860576fb364319593bd8fb30666b0.sdkstatcache -fmessage-length\=0 -fdiagnostics-show-note-include-stack -fmacro-backtrace-limit\=0 -fno-color-diagnostics -fmodules-prune-interval\=86400 -fmodules-prune-after\=345600 -fbuild-session-file\=/Users/andreea/StudioProjects/Flutter_Project/build/macos/ModuleCache.noindex/Session.modulevalidation -fmodules-validate-once-per-build-session -Wnon-modular-include-in-framework-module -Werror\=non-modular-include-in-framework-module -Wno-trigraphs -Wno-missing-field-initializers -Wno-missing-prototypes -Werror\=return-type -Wdocumentation -Wunreachable-code -Werror\=deprecated-objc-isa-usage -Werror\=objc-root-class -Wno-missing-braces -Wparentheses -Wswitch -Wunused-function -Wno-unused-label -Wno-unused-parameter -Wunused-variable -Wunused-value -Wempty-body -Wuninitialized -Wconditional-uninitialized -Wno-unknown-pragmas -Wno-shadow -Wno-four-char-constants -Wno-conversion -Wconstant-conversion -Wint-conversion -Wbool-conversion -Wenum-conversion -Wno-float-conversion -Wnon-literal-null-conversion -Wobjc-literal-conversion -Wshorten-64-to-32 -Wpointer-sign -Wno-newline-eof -Wno-implicit-fallthrough -fstrict-aliasing -Wdeprecated-declarations -Wno-sign-conversion -Winfinite-recursion -Wcomma -Wblock-capture-autoreleasing -Wstrict-prototypes -Wno-semicolon-before-method-body -Wunguarded-availability @/Users/andreea/StudioProjects/Flutter_Project/build/macos/Build/Intermediates.noindex/Pods.build/Debug/Pods-Runner.build/Objects-normal/arm64/7187679823f38a2a940e0043cdf9d637-common-args.resp -MMD -MT dependencies -MF /Users/andreea/StudioProjects/Flutter_Project/build/macos/Build/Intermediates.noindex/Pods.build/Debug/Pods-Runner.build/Objects-normal/arm64/Pods_Runner_vers.d --serialize-diagnostics /Users/andreea/StudioProjects/Flutter_Project/build/macos/Build/Intermediates.noindex/Pods.build/Debug/Pods-Runner.build/Objects-normal/arm64/Pods_Runner_vers.dia -c /Users/andreea/StudioProjects/Flutter_Project/build/macos/Build/Intermediates.noindex/Pods.build/Debug/Pods-Runner.build/DerivedSources/Pods_Runner_vers.c -o /Users/andreea/StudioProjects/Flutter_Project/build/macos/Build/Intermediates.noindex/Pods.build/Debug/Pods-Runner.build/Objects-normal/arm64/Pods_Runner_vers.o
[        ] ScanDependencies /Users/andreea/StudioProjects/Flutter_Project/build/macos/Build/Intermediates.noindex/Pods.build/Debug/Pods-Runner.build/Objects-normal/arm64/Pods-Runner-dummy.o /Users/andreea/StudioProjects/Flutter_Project/macos/Pods/Target\ Support\ Files/Pods-Runner/Pods-Runner-dummy.m normal arm64 objective-c com.apple.compilers.llvm.clang.1_0.compiler (in target 'Pods-Runner' from project 'Pods')
[        ]     cd /Users/andreea/StudioProjects/Flutter_Project/macos/Pods
[        ]     Using response file: /Users/andreea/StudioProjects/Flutter_Project/build/macos/Build/Intermediates.noindex/Pods.build/Debug/Pods-Runner.build/Objects-normal/arm64/e6072d4f65d7061329687fe24e3d63a7-common-args.resp
[        ]     builtin-ScanDependencies -o /Users/andreea/StudioProjects/Flutter_Project/build/macos/Build/Intermediates.noindex/Pods.build/Debug/Pods-Runner.build/Objects-normal/arm64/Pods-Runner-dummy.o.scan -- /Applications/Xcode.app/Contents/Developer/Toolchains/XcodeDefault.xctoolchain/usr/bin/clang -x objective-c -ivfsstatcache /Users/andreea/StudioProjects/Flutter_Project/build/macos/SDKStatCaches.noindex/macosx15.4-24E241-88b860576fb364319593bd8fb30666b0.sdkstatcache -fmessage-length\=0 -fdiagnostics-show-note-include-stack -fmacro-backtrace-limit\=0 -fno-color-diagnostics -fmodules-prune-interval\=86400 -fmodules-prune-after\=345600 -fbuild-session-file\=/Users/andreea/StudioProjects/Flutter_Project/build/macos/ModuleCache.noindex/Session.modulevalidation -fmodules-validate-once-per-build-session -Wnon-modular-include-in-framework-module -Werror\=non-modular-include-in-framework-module -Wno-trigraphs -Wno-missing-field-initializers -Wno-missing-prototypes -Werror\=return-type -Wdocumentation -Wunreachable-code -Wno-implicit-atomic-properties -Werror\=deprecated-objc-isa-usage -Wno-objc-interface-ivars -Werror\=objc-root-class -Wno-arc-repeated-use-of-weak -Wimplicit-retain-self -Wduplicate-method-match -Wno-missing-braces -Wparentheses -Wswitch -Wunused-function -Wno-unused-label -Wno-unused-parameter -Wunused-variable -Wunused-value -Wempty-body -Wuninitialized -Wconditional-uninitialized -Wno-unknown-pragmas -Wno-shadow -Wno-four-char-constants -Wno-conversion -Wconstant-conversion -Wint-conversion -Wbool-conversion -Wenum-conversion -Wno-float-conversion -Wnon-literal-null-conversion -Wobjc-literal-conversion -Wshorten-64-to-32 -Wpointer-sign -Wno-newline-eof -Wno-selector -Wno-strict-selector-match -Wundeclared-selector -Wdeprecated-implementations -Wno-implicit-fallthrough -fstrict-aliasing -Wprotocol -Wdeprecated-declarations -Wno-sign-conversion -Winfinite-recursion -Wcomma -Wblock-capture-autoreleasing -Wstrict-prototypes -Wno-semicolon-before-method-body -Wunguarded-availability @/Users/andreea/StudioProjects/Flutter_Project/build/macos/Build/Intermediates.noindex/Pods.build/Debug/Pods-Runner.build/Objects-normal/arm64/e6072d4f65d7061329687fe24e3d63a7-common-args.resp -MMD -MT dependencies -MF /Users/andreea/StudioProjects/Flutter_Project/build/macos/Build/Intermediates.noindex/Pods.build/Debug/Pods-Runner.build/Objects-normal/arm64/Pods-Runner-dummy.d --serialize-diagnostics /Users/andreea/StudioProjects/Flutter_Project/build/macos/Build/Intermediates.noindex/Pods.build/Debug/Pods-Runner.build/Objects-normal/arm64/Pods-Runner-dummy.dia -c /Users/andreea/StudioProjects/Flutter_Project/macos/Pods/Target\ Support\ Files/Pods-Runner/Pods-Runner-dummy.m -o /Users/andreea/StudioProjects/Flutter_Project/build/macos/Build/Intermediates.noindex/Pods.build/Debug/Pods-Runner.build/Objects-normal/arm64/Pods-Runner-dummy.o
[        ] CompileC /Users/andreea/StudioProjects/Flutter_Project/build/macos/Build/Intermediates.noindex/Pods.build/Debug/Pods-Runner.build/Objects-normal/arm64/Pods_Runner_vers.o /Users/andreea/StudioProjects/Flutter_Project/build/macos/Build/Intermediates.noindex/Pods.build/Debug/Pods-Runner.build/DerivedSources/Pods_Runner_vers.c normal arm64 c com.apple.compilers.llvm.clang.1_0.compiler (in target 'Pods-Runner' from project 'Pods')
[        ]     cd /Users/andreea/StudioProjects/Flutter_Project/macos/Pods
[        ]     Using response file: /Users/andreea/StudioProjects/Flutter_Project/build/macos/Build/Intermediates.noindex/Pods.build/Debug/Pods-Runner.build/Objects-normal/arm64/7187679823f38a2a940e0043cdf9d637-common-args.resp
[        ]     /Applications/Xcode.app/Contents/Developer/Toolchains/XcodeDefault.xctoolchain/usr/bin/clang -x c -ivfsstatcache /Users/andreea/StudioProjects/Flutter_Project/build/macos/SDKStatCaches.noindex/macosx15.4-24E241-88b860576fb364319593bd8fb30666b0.sdkstatcache -fmessage-length\=0 -fdiagnostics-show-note-include-stack -fmacro-backtrace-limit\=0 -fno-color-diagnostics -fmodules-prune-interval\=86400 -fmodules-prune-after\=345600 -fbuild-session-file\=/Users/andreea/StudioProjects/Flutter_Project/build/macos/ModuleCache.noindex/Session.modulevalidation -fmodules-validate-once-per-build-session -Wnon-modular-include-in-framework-module -Werror\=non-modular-include-in-framework-module -Wno-trigraphs -Wno-missing-field-initializers -Wno-missing-prototypes -Werror\=return-type -Wdocumentation -Wunreachable-code -Werror\=deprecated-objc-isa-usage -Werror\=objc-root-class -Wno-missing-braces -Wparentheses -Wswitch -Wunused-function -Wno-unused-label -Wno-unused-parameter -Wunused-variable -Wunused-value -Wempty-body -Wuninitialized -Wconditional-uninitialized -Wno-unknown-pragmas -Wno-shadow -Wno-four-char-constants -Wno-conversion -Wconstant-conversion -Wint-conversion -Wbool-conversion -Wenum-conversion -Wno-float-conversion -Wnon-literal-null-conversion -Wobjc-literal-conversion -Wshorten-64-to-32 -Wpointer-sign -Wno-newline-eof -Wno-implicit-fallthrough -fstrict-aliasing -Wdeprecated-declarations -Wno-sign-conversion -Winfinite-recursion -Wcomma -Wblock-capture-autoreleasing -Wstrict-prototypes -Wno-semicolon-before-method-body -Wunguarded-availability @/Users/andreea/StudioProjects/Flutter_Project/build/macos/Build/Intermediates.noindex/Pods.build/Debug/Pods-Runner.build/Objects-normal/arm64/7187679823f38a2a940e0043cdf9d637-common-args.resp -MMD -MT dependencies -MF /Users/andreea/StudioProjects/Flutter_Project/build/macos/Build/Intermediates.noindex/Pods.build/Debug/Pods-Runner.build/Objects-normal/arm64/Pods_Runner_vers.d --serialize-diagnostics /Users/andreea/StudioProjects/Flutter_Project/build/macos/Build/Intermediates.noindex/Pods.build/Debug/Pods-Runner.build/Objects-normal/arm64/Pods_Runner_vers.dia -c /Users/andreea/StudioProjects/Flutter_Project/build/macos/Build/Intermediates.noindex/Pods.build/Debug/Pods-Runner.build/DerivedSources/Pods_Runner_vers.c -o /Users/andreea/StudioProjects/Flutter_Project/build/macos/Build/Intermediates.noindex/Pods.build/Debug/Pods-Runner.build/Objects-normal/arm64/Pods_Runner_vers.o
[        ] SwiftDriverJobDiscovery normal arm64 Compiling SharePlusMacosPlugin.swift (in target 'share_plus' from project 'Pods')
[        ] SwiftDriver\ Compilation share_plus normal arm64 com.apple.xcode.tools.swift.compiler (in target 'share_plus' from project 'Pods')
[        ]     cd /Users/andreea/StudioProjects/Flutter_Project/macos/Pods
[        ]     builtin-Swift-Compilation -- /Applications/Xcode.app/Contents/Developer/Toolchains/XcodeDefault.xctoolchain/usr/bin/swiftc -module-name share_plus -Onone -enforce-exclusivity\=checked @/Users/andreea/StudioProjects/Flutter_Project/build/macos/Build/Intermediates.noindex/Pods.build/Debug/share_plus.build/Objects-normal/arm64/share_plus.SwiftFileList -DDEBUG -D COCOAPODS -enable-bare-slash-regex -enable-experimental-feature DebugDescriptionMacro -sdk /Applications/Xcode.app/Contents/Developer/Platforms/MacOSX.platform/Developer/SDKs/MacOSX15.4.sdk -target arm64-apple-macos10.14 -g -module-cache-path /Users/andreea/StudioProjects/Flutter_Project/build/macos/ModuleCache.noindex -Xfrontend -serialize-debugging-options -enable-testing -swift-version 5 -I /Users/andreea/StudioProjects/Flutter_Project/build/macos/Build/Products/Debug/share_plus -F /Users/andreea/StudioProjects/Flutter_Project/build/macos/Build/Products/Debug/share_plus -F /Users/andreea/StudioProjects/development/flutter_honoo/bin/cache/artifacts/engine/darwin-x64 -parse-as-library -c -j10 -enable-batch-mode -incremental -Xcc -ivfsstatcache -Xcc /Users/andreea/StudioProjects/Flutter_Project/build/macos/SDKStatCaches.noindex/macosx15.4-24E241-88b860576fb364319593bd8fb30666b0.sdkstatcache -output-file-map /Users/andreea/StudioProjects/Flutter_Project/build/macos/Build/Intermediates.noindex/Pods.build/Debug/share_plus.build/Objects-normal/arm64/share_plus-OutputFileMap.json -use-frontend-parseable-output -save-temps -no-color-diagnostics -serialize-diagnostics -emit-dependencies -emit-module -emit-module-path /Users/andreea/StudioProjects/Flutter_Project/build/macos/Build/Intermediates.noindex/Pods.build/Debug/share_plus.build/Objects-normal/arm64/share_plus.swiftmodule -validate-clang-modules-once -clang-build-session-file /Users/andreea/StudioProjects/Flutter_Project/build/macos/ModuleCache.noindex/Session.modulevalidation -Xcc -I/Users/andreea/StudioProjects/Flutter_Project/build/macos/Build/Intermediates.noindex/Pods.build/Debug/share_plus.build/swift-overrides.hmap -emit-const-values -Xfrontend -const-gather-protocols-file -Xfrontend /Users/andreea/StudioProjects/Flutter_Project/build/macos/Build/Intermediates.noindex/Pods.build/Debug/share_plus.build/Objects-normal/arm64/share_plus_const_extract_protocols.json -Xcc -iquote -Xcc /Users/andreea/StudioProjects/Flutter_Project/build/macos/Build/Intermediates.noindex/Pods.build/Debug/share_plus.build/share_plus-generated-files.hmap -Xcc -I/Users/andreea/StudioProjects/Flutter_Project/build/macos/Build/Intermediates.noindex/Pods.build/Debug/share_plus.build/share_plus-own-target-headers.hmap -Xcc -I/Users/andreea/StudioProjects/Flutter_Project/build/macos/Build/Intermediates.noindex/Pods.build/Debug/share_plus.build/share_plus-all-non-framework-target-headers.hmap -Xcc -ivfsoverlay -Xcc /Users/andreea/StudioProjects/Flutter_Project/build/macos/Build/Intermediates.noindex/Pods.build/Debug/Pods-8699adb1dd336b26511df848a716bd42-VFS/all-product-headers.yaml -Xcc -iquote -Xcc /Users/andreea/StudioProjects/Flutter_Project/build/macos/Build/Intermediates.noindex/Pods.build/Debug/share_plus.build/share_plus-project-headers.hmap -Xcc -I/Users/andreea/StudioProjects/Flutter_Project/build/macos/Build/Products/Debug/share_plus/include -Xcc -I/Users/andreea/StudioProjects/Flutter_Project/build/macos/Build/Intermediates.noindex/Pods.build/Debug/share_plus.build/DerivedSources-normal/arm64 -Xcc -I/Users/andreea/StudioProjects/Flutter_Project/build/macos/Build/Intermediates.noindex/Pods.build/Debug/share_plus.build/DerivedSources/arm64 -Xcc -I/Users/andreea/StudioProjects/Flutter_Project/build/macos/Build/Intermediates.noindex/Pods.build/Debug/share_plus.build/DerivedSources -Xcc -DPOD_CONFIGURATION_DEBUG\=1 -Xcc -DDEBUG\=1 -Xcc -DCOCOAPODS\=1 -emit-objc-header -emit-objc-header-path /Users/andreea/StudioProjects/Flutter_Project/build/macos/Build/Intermediates.noindex/Pods.build/Debug/share_plus.build/Objects-normal/arm64/share_plus-Swift.h -import-underlying-module -Xcc -ivfsoverlay -Xcc /Users/andreea/StudioProjects/Flutter_Project/build/macos/Build/Intermediates.noindex/Pods.build/Debug/share_plus.build/unextended-module-overlay.yaml -working-directory /Users/andreea/StudioProjects/Flutter_Project/macos/Pods -experimental-emit-module-separately -disable-cmo
[        ] SwiftDriverJobDiscovery normal arm64 Compiling messages.g.swift (in target 'file_selector_macos' from project 'Pods')
[        ] SwiftDriver\ Compilation file_selector_macos normal arm64 com.apple.xcode.tools.swift.compiler (in target 'file_selector_macos' from project 'Pods')
[        ]     cd /Users/andreea/StudioProjects/Flutter_Project/macos/Pods
[        ]     builtin-Swift-Compilation -- /Applications/Xcode.app/Contents/Developer/Toolchains/XcodeDefault.xctoolchain/usr/bin/swiftc -module-name file_selector_macos -Onone -enforce-exclusivity\=checked @/Users/andreea/StudioProjects/Flutter_Project/build/macos/Build/Intermediates.noindex/Pods.build/Debug/file_selector_macos.build/Objects-normal/arm64/file_selector_macos.SwiftFileList -DDEBUG -D COCOAPODS -enable-bare-slash-regex -enable-experimental-feature DebugDescriptionMacro -sdk /Applications/Xcode.app/Contents/Developer/Platforms/MacOSX.platform/Developer/SDKs/MacOSX15.4.sdk -target arm64-apple-macos10.14 -g -module-cache-path /Users/andreea/StudioProjects/Flutter_Project/build/macos/ModuleCache.noindex -Xfrontend -serialize-debugging-options -enable-testing -swift-version 5 -I /Users/andreea/StudioProjects/Flutter_Project/build/macos/Build/Products/Debug/file_selector_macos -F /Users/andreea/StudioProjects/Flutter_Project/build/macos/Build/Products/Debug/file_selector_macos -F /Users/andreea/StudioProjects/development/flutter_honoo/bin/cache/artifacts/engine/darwin-x64 -c -j10 -enable-batch-mode -incremental -Xcc -ivfsstatcache -Xcc /Users/andreea/StudioProjects/Flutter_Project/build/macos/SDKStatCaches.noindex/macosx15.4-24E241-88b860576fb364319593bd8fb30666b0.sdkstatcache -output-file-map /Users/andreea/StudioProjects/Flutter_Project/build/macos/Build/Intermediates.noindex/Pods.build/Debug/file_selector_macos.build/Objects-normal/arm64/file_selector_macos-OutputFileMap.json -use-frontend-parseable-output -save-temps -no-color-diagnostics -serialize-diagnostics -emit-dependencies -emit-module -emit-module-path /Users/andreea/StudioProjects/Flutter_Project/build/macos/Build/Intermediates.noindex/Pods.build/Debug/file_selector_macos.build/Objects-normal/arm64/file_selector_macos.swiftmodule -validate-clang-modules-once -clang-build-session-file /Users/andreea/StudioProjects/Flutter_Project/build/macos/ModuleCache.noindex/Session.modulevalidation -Xcc -I/Users/andreea/StudioProjects/Flutter_Project/build/macos/Build/Intermediates.noindex/Pods.build/Debug/file_selector_macos.build/swift-overrides.hmap -emit-const-values -Xfrontend -const-gather-protocols-file -Xfrontend /Users/andreea/StudioProjects/Flutter_Project/build/macos/Build/Intermediates.noindex/Pods.build/Debug/file_selector_macos.build/Objects-normal/arm64/file_selector_macos_const_extract_protocols.json -Xcc -iquote -Xcc /Users/andreea/StudioProjects/Flutter_Project/build/macos/Build/Intermediates.noindex/Pods.build/Debug/file_selector_macos.build/file_selector_macos-generated-files.hmap -Xcc -I/Users/andreea/StudioProjects/Flutter_Project/build/macos/Build/Intermediates.noindex/Pods.build/Debug/file_selector_macos.build/file_selector_macos-own-target-headers.hmap -Xcc -I/Users/andreea/StudioProjects/Flutter_Project/build/macos/Build/Intermediates.noindex/Pods.build/Debug/file_selector_macos.build/file_selector_macos-all-non-framework-target-headers.hmap -Xcc -ivfsoverlay -Xcc /Users/andreea/StudioProjects/Flutter_Project/build/macos/Build/Intermediates.noindex/Pods.build/Debug/Pods-8699adb1dd336b26511df848a716bd42-VFS/all-product-headers.yaml -Xcc -iquote -Xcc /Users/andreea/StudioProjects/Flutter_Project/build/macos/Build/Intermediates.noindex/Pods.build/Debug/file_selector_macos.build/file_selector_macos-project-headers.hmap -Xcc -I/Users/andreea/StudioProjects/Flutter_Project/build/macos/Build/Products/Debug/file_selector_macos/include -Xcc -I/Users/andreea/StudioProjects/Flutter_Project/build/macos/Build/Intermediates.noindex/Pods.build/Debug/file_selector_macos.build/DerivedSources-normal/arm64 -Xcc -I/Users/andreea/StudioProjects/Flutter_Project/build/macos/Build/Intermediates.noindex/Pods.build/Debug/file_selector_macos.build/DerivedSources/arm64 -Xcc -I/Users/andreea/StudioProjects/Flutter_Project/build/macos/Build/Intermediates.noindex/Pods.build/Debug/file_selector_macos.build/DerivedSources -Xcc -DPOD_CONFIGURATION_DEBUG\=1 -Xcc -DDEBUG\=1 -Xcc -DCOCOAPODS\=1 -emit-objc-header -emit-objc-header-path /Users/andreea/StudioProjects/Flutter_Project/build/macos/Build/Intermediates.noindex/Pods.build/Debug/file_selector_macos.build/Objects-normal/arm64/file_selector_macos-Swift.h -import-underlying-module -Xcc -ivfsoverlay -Xcc /Users/andreea/StudioProjects/Flutter_Project/build/macos/Build/Intermediates.noindex/Pods.build/Debug/file_selector_macos.build/unextended-module-overlay.yaml -working-directory /Users/andreea/StudioProjects/Flutter_Project/macos/Pods -experimental-emit-module-separately -disable-cmo
[        ] PrecompileModule /Users/andreea/StudioProjects/Flutter_Project/build/macos/Build/Intermediates.noindex/ExplicitPrecompiledModules/_Builtin_stdbool-DV8OGI3082IQBK9F97BBJD78W.scan
[        ]     cd /Users/andreea/StudioProjects/Flutter_Project/macos/Pods
[        ]     builtin-precompileModule /Users/andreea/StudioProjects/Flutter_Project/build/macos/Build/Intermediates.noindex/ExplicitPrecompiledModules/_Builtin_stdbool-DV8OGI3082IQBK9F97BBJD78W.scan
[        ] PrecompileModule /Users/andreea/StudioProjects/Flutter_Project/build/macos/Build/Intermediates.noindex/ExplicitPrecompiledModules/ptrauth-BT5R6DTN70M1E8VKU9YPHP6X7.scan
[        ]     cd /Users/andreea/StudioProjects/Flutter_Project/macos/Pods
[        ]     builtin-precompileModule /Users/andreea/StudioProjects/Flutter_Project/build/macos/Build/Intermediates.noindex/ExplicitPrecompiledModules/ptrauth-BT5R6DTN70M1E8VKU9YPHP6X7.scan
[        ] PrecompileModule /Users/andreea/StudioProjects/Flutter_Project/build/macos/Build/Intermediates.noindex/ExplicitPrecompiledModules/ptrcheck-882QM0H89UK466A8C8RE3UZ7V.scan
[        ]     cd /Users/andreea/StudioProjects/Flutter_Project/macos/Pods
[        ]     builtin-precompileModule /Users/andreea/StudioProjects/Flutter_Project/build/macos/Build/Intermediates.noindex/ExplicitPrecompiledModules/ptrcheck-882QM0H89UK466A8C8RE3UZ7V.scan
[        ] PrecompileModule /Users/andreea/StudioProjects/Flutter_Project/build/macos/Build/Intermediates.noindex/ExplicitPrecompiledModules/_float-1OA83QIN7F69M6QZW5Q47ZXT7.scan
[        ]     cd /Users/andreea/StudioProjects/Flutter_Project/macos/Pods
[        ]     builtin-precompileModule /Users/andreea/StudioProjects/Flutter_Project/build/macos/Build/Intermediates.noindex/ExplicitPrecompiledModules/_float-1OA83QIN7F69M6QZW5Q47ZXT7.scan
[        ] PrecompileModule /Users/andreea/StudioProjects/Flutter_Project/build/macos/Build/Intermediates.noindex/ExplicitPrecompiledModules/_Builtin_iso646-98WAYJE5Z6I5E5P6T2KPVLM52.scan
[        ]     cd /Users/andreea/StudioProjects/Flutter_Project/macos/Pods
[        ]     builtin-precompileModule /Users/andreea/StudioProjects/Flutter_Project/build/macos/Build/Intermediates.noindex/ExplicitPrecompiledModules/_Builtin_iso646-98WAYJE5Z6I5E5P6T2KPVLM52.scan
[        ] PrecompileModule /Users/andreea/StudioProjects/Flutter_Project/build/macos/Build/Intermediates.noindex/ExplicitPrecompiledModules/_Builtin_stdarg-D385H1RTZP1WYAPCE75NY13TF.scan
[        ]     cd /Users/andreea/StudioProjects/Flutter_Project/macos/Pods
[        ]     builtin-precompileModule /Users/andreea/StudioProjects/Flutter_Project/build/macos/Build/Intermediates.noindex/ExplicitPrecompiledModules/_Builtin_stdarg-D385H1RTZP1WYAPCE75NY13TF.scan
[        ] PrecompileModule /Users/andreea/StudioProjects/Flutter_Project/build/macos/Build/Intermediates.noindex/ExplicitPrecompiledModules/TargetConditionals-6HMT486AOKIYB1ZO1CPH6WAOH.scan
[        ]     cd /Users/andreea/StudioProjects/Flutter_Project/macos/Pods
[        ]     builtin-precompileModule /Users/andreea/StudioProjects/Flutter_Project/build/macos/Build/Intermediates.noindex/ExplicitPrecompiledModules/TargetConditionals-6HMT486AOKIYB1ZO1CPH6WAOH.scan
[        ] PrecompileModule /Users/andreea/StudioProjects/Flutter_Project/build/macos/Build/Intermediates.noindex/ExplicitPrecompiledModules/_fenv-59ULJ5N4HTCC980PHJTFCS546.scan
[        ]     cd /Users/andreea/StudioProjects/Flutter_Project/macos/Pods
[        ]     builtin-precompileModule /Users/andreea/StudioProjects/Flutter_Project/build/macos/Build/Intermediates.noindex/ExplicitPrecompiledModules/_fenv-59ULJ5N4HTCC980PHJTFCS546.scan
[        ] PrecompileModule /Users/andreea/StudioProjects/Flutter_Project/build/macos/Build/Intermediates.noindex/ExplicitPrecompiledModules/os_availability_internal-A2DP0K63JLQT6VXRLAQNNPEAT.scan
[        ]     cd /Users/andreea/StudioProjects/Flutter_Project/macos/Pods
[        ]     builtin-precompileModule /Users/andreea/StudioProjects/Flutter_Project/build/macos/Build/Intermediates.noindex/ExplicitPrecompiledModules/os_availability_internal-A2DP0K63JLQT6VXRLAQNNPEAT.scan
[        ] PrecompileModule /Users/andreea/StudioProjects/Flutter_Project/build/macos/Build/Intermediates.noindex/ExplicitPrecompiledModules/_Builtin_stddef-8YSWFA6671YBJT1TXMQK074D3.scan
[        ]     cd /Users/andreea/StudioProjects/Flutter_Project/macos/Pods
[        ]     builtin-precompileModule /Users/andreea/StudioProjects/Flutter_Project/build/macos/Build/Intermediates.noindex/ExplicitPrecompiledModules/_Builtin_stddef-8YSWFA6671YBJT1TXMQK074D3.scan
[        ] PrecompileModule /Users/andreea/StudioProjects/Flutter_Project/build/macos/Build/Intermediates.noindex/ExplicitPrecompiledModules/_Builtin_float-1SHJ6AMB6C0GFJHYEWSJJJSPD.scan
[        ]     cd /Users/andreea/StudioProjects/Flutter_Project/macos/Pods
[        ]     builtin-precompileModule /Users/andreea/StudioProjects/Flutter_Project/build/macos/Build/Intermediates.noindex/ExplicitPrecompiledModules/_Builtin_float-1SHJ6AMB6C0GFJHYEWSJJJSPD.scan
[        ] PrecompileModule /Users/andreea/StudioProjects/Flutter_Project/build/macos/Build/Intermediates.noindex/ExplicitPrecompiledModules/os_availability-4PWTCBTUEQBHNHK5QPWCC6G6X.scan
[        ]     cd /Users/andreea/StudioProjects/Flutter_Project/macos/Pods
[        ]     builtin-precompileModule /Users/andreea/StudioProjects/Flutter_Project/build/macos/Build/Intermediates.noindex/ExplicitPrecompiledModules/os_availability-4PWTCBTUEQBHNHK5QPWCC6G6X.scan
[        ] PrecompileModule /Users/andreea/StudioProjects/Flutter_Project/build/macos/Build/Intermediates.noindex/ExplicitPrecompiledModules/AvailabilityMacros-8D3RCH1PKXX71R2DID1NHME17.scan
[        ]     cd /Users/andreea/StudioProjects/Flutter_Project/macos/Pods
[        ]     builtin-precompileModule /Users/andreea/StudioProjects/Flutter_Project/build/macos/Build/Intermediates.noindex/ExplicitPrecompiledModules/AvailabilityMacros-8D3RCH1PKXX71R2DID1NHME17.scan
[        ] PrecompileModule /Users/andreea/StudioProjects/Flutter_Project/build/macos/Build/Intermediates.noindex/ExplicitPrecompiledModules/DarwinFoundation-CSRVWY7X6ARCWBQGKUXH8DFWG.scan
[        ]     cd /Users/andreea/StudioProjects/Flutter_Project/macos/Pods
[        ]     builtin-precompileModule /Users/andreea/StudioProjects/Flutter_Project/build/macos/Build/Intermediates.noindex/ExplicitPrecompiledModules/DarwinFoundation-CSRVWY7X6ARCWBQGKUXH8DFWG.scan
[        ] PrecompileModule /Users/andreea/StudioProjects/Flutter_Project/build/macos/Build/Intermediates.noindex/ExplicitPrecompiledModules/netinet_in-7DZSV2W0FM6H1N0HTD315JXQJ.scan
[        ]     cd /Users/andreea/StudioProjects/Flutter_Project/macos/Pods
[        ]     builtin-precompileModule /Users/andreea/StudioProjects/Flutter_Project/build/macos/Build/Intermediates.noindex/ExplicitPrecompiledModules/netinet_in-7DZSV2W0FM6H1N0HTD315JXQJ.scan
[        ] PrecompileModule /Users/andreea/StudioProjects/Flutter_Project/build/macos/Build/Intermediates.noindex/ExplicitPrecompiledModules/_useconds_t-21NI4JY5YTVQB899Z7D0VWGR3.scan
[        ]     cd /Users/andreea/StudioProjects/Flutter_Project/macos/Pods
[        ]     builtin-precompileModule /Users/andreea/StudioProjects/Flutter_Project/build/macos/Build/Intermediates.noindex/ExplicitPrecompiledModules/_useconds_t-21NI4JY5YTVQB899Z7D0VWGR3.scan
[        ] PrecompileModule /Users/andreea/StudioProjects/Flutter_Project/build/macos/Build/Intermediates.noindex/ExplicitPrecompiledModules/_sys_select-EXZKXE96AJI5WCF9WNLRPST7M.scan
[        ]     cd /Users/andreea/StudioProjects/Flutter_Project/macos/Pods
[        ]     builtin-precompileModule /Users/andreea/StudioProjects/Flutter_Project/build/macos/Build/Intermediates.noindex/ExplicitPrecompiledModules/_sys_select-EXZKXE96AJI5WCF9WNLRPST7M.scan
[        ] PrecompileModule /Users/andreea/StudioProjects/Flutter_Project/build/macos/Build/Intermediates.noindex/ExplicitPrecompiledModules/uuid-6ZI54LUN94KXXD10AH3VWBGIF.scan
[        ]     cd /Users/andreea/StudioProjects/Flutter_Project/macos/Pods
[        ]     builtin-precompileModule /Users/andreea/StudioProjects/Flutter_Project/build/macos/Build/Intermediates.noindex/ExplicitPrecompiledModules/uuid-6ZI54LUN94KXXD10AH3VWBGIF.scan
[        ] PrecompileModule /Users/andreea/StudioProjects/Flutter_Project/build/macos/Build/Intermediates.noindex/ExplicitPrecompiledModules/alloca-3Z9UX40UQIQPZSM054G3DZFN6.scan
[        ]     cd /Users/andreea/StudioProjects/Flutter_Project/macos/Pods
[        ]     builtin-precompileModule /Users/andreea/StudioProjects/Flutter_Project/build/macos/Build/Intermediates.noindex/ExplicitPrecompiledModules/alloca-3Z9UX40UQIQPZSM054G3DZFN6.scan
[        ] PrecompileModule /Users/andreea/StudioProjects/Flutter_Project/build/macos/Build/Intermediates.noindex/ExplicitPrecompiledModules/runetype-CNH1ZHZMV402Q5QY13OWFLNVT.scan
[        ]     cd /Users/andreea/StudioProjects/Flutter_Project/macos/Pods
[        ]     builtin-precompileModule /Users/andreea/StudioProjects/Flutter_Project/build/macos/Build/Intermediates.noindex/ExplicitPrecompiledModules/runetype-CNH1ZHZMV402Q5QY13OWFLNVT.scan
[        ] PrecompileModule /Users/andreea/StudioProjects/Flutter_Project/build/macos/Build/Intermediates.noindex/ExplicitPrecompiledModules/sys_time-1IYNTC7DNDPM23X5QZ7TQJPGM.scan
[        ]     cd /Users/andreea/StudioProjects/Flutter_Project/macos/Pods
[        ]     builtin-precompileModule /Users/andreea/StudioProjects/Flutter_Project/build/macos/Build/Intermediates.noindex/ExplicitPrecompiledModules/sys_time-1IYNTC7DNDPM23X5QZ7TQJPGM.scan
[        ] PrecompileModule /Users/andreea/StudioProjects/Flutter_Project/build/macos/Build/Intermediates.noindex/ExplicitPrecompiledModules/_assert-3C1TWPUKHHYKR09YJN2SF6XHM.scan
[        ]     cd /Users/andreea/StudioProjects/Flutter_Project/macos/Pods
[        ]     builtin-precompileModule /Users/andreea/StudioProjects/Flutter_Project/build/macos/Build/Intermediates.noindex/ExplicitPrecompiledModules/_assert-3C1TWPUKHHYKR09YJN2SF6XHM.scan
[        ] PrecompileModule /Users/andreea/StudioProjects/Flutter_Project/build/macos/Build/Intermediates.noindex/ExplicitPrecompiledModules/_complex-3IX3EERAFBVOEPP5ZFE0JWDJD.scan
[        ]     cd /Users/andreea/StudioProjects/Flutter_Project/macos/Pods
[        ]     builtin-precompileModule /Users/andreea/StudioProjects/Flutter_Project/build/macos/Build/Intermediates.noindex/ExplicitPrecompiledModules/_complex-3IX3EERAFBVOEPP5ZFE0JWDJD.scan
[        ] PrecompileModule /Users/andreea/StudioProjects/Flutter_Project/build/macos/Build/Intermediates.noindex/ExplicitPrecompiledModules/_limits-1L3AQ8XB7WR4WAGJEHBC8U7D2.scan
[        ]     cd /Users/andreea/StudioProjects/Flutter_Project/macos/Pods
[        ]     builtin-precompileModule /Users/andreea/StudioProjects/Flutter_Project/build/macos/Build/Intermediates.noindex/ExplicitPrecompiledModules/_limits-1L3AQ8XB7WR4WAGJEHBC8U7D2.scan
[        ] PrecompileModule /Users/andreea/StudioProjects/Flutter_Project/build/macos/Build/Intermediates.noindex/ExplicitPrecompiledModules/_setjmp-A3MMYXJ1SK1O1VV167JP5IF2H.scan
[        ]     cd /Users/andreea/StudioProjects/Flutter_Project/macos/Pods
[        ]     builtin-precompileModule /Users/andreea/StudioProjects/Flutter_Project/build/macos/Build/Intermediates.noindex/ExplicitPrecompiledModules/_setjmp-A3MMYXJ1SK1O1VV167JP5IF2H.scan
[        ] PrecompileModule /Users/andreea/StudioProjects/Flutter_Project/build/macos/Build/Intermediates.noindex/ExplicitPrecompiledModules/mach-DWWIVRDN32SPIGIJHV1NII2SY.scan
[        ]     cd /Users/andreea/StudioProjects/Flutter_Project/macos/Pods
[        ]     builtin-precompileModule /Users/andreea/StudioProjects/Flutter_Project/build/macos/Build/Intermediates.noindex/ExplicitPrecompiledModules/mach-DWWIVRDN32SPIGIJHV1NII2SY.scan
[        ] PrecompileModule /Users/andreea/StudioProjects/Flutter_Project/build/macos/Build/Intermediates.noindex/ExplicitPrecompiledModules/_ctype-6OJZECV6391F5G8J3W4MYTYB5.scan
[        ]     cd /Users/andreea/StudioProjects/Flutter_Project/macos/Pods
[        ]     builtin-precompileModule /Users/andreea/StudioProjects/Flutter_Project/build/macos/Build/Intermediates.noindex/ExplicitPrecompiledModules/_ctype-6OJZECV6391F5G8J3W4MYTYB5.scan
[        ] PrecompileModule /Users/andreea/StudioProjects/Flutter_Project/build/macos/Build/Intermediates.noindex/ExplicitPrecompiledModules/_math-GQ3UJIB9UO6INN9E39WJ7EQ0.scan
[        ]     cd /Users/andreea/StudioProjects/Flutter_Project/macos/Pods
[        ]     builtin-precompileModule /Users/andreea/StudioProjects/Flutter_Project/build/macos/Build/Intermediates.noindex/ExplicitPrecompiledModules/_math-GQ3UJIB9UO6INN9E39WJ7EQ0.scan
[        ] PrecompileModule /Users/andreea/StudioProjects/Flutter_Project/build/macos/Build/Intermediates.noindex/ExplicitPrecompiledModules/_strings-5EDMW0M7GWB4Z9GJ9BYYPKR3G.scan
[        ]     cd /Users/andreea/StudioProjects/Flutter_Project/macos/Pods
[        ]     builtin-precompileModule /Users/andreea/StudioProjects/Flutter_Project/build/macos/Build/Intermediates.noindex/ExplicitPrecompiledModules/_strings-5EDMW0M7GWB4Z9GJ9BYYPKR3G.scan
[        ] PrecompileModule /Users/andreea/StudioProjects/Flutter_Project/build/macos/Build/Intermediates.noindex/ExplicitPrecompiledModules/_locale-EDVQ7OESOKUKA7UDK18WZVVRR.scan
[        ]     cd /Users/andreea/StudioProjects/Flutter_Project/macos/Pods
[        ]     builtin-precompileModule /Users/andreea/StudioProjects/Flutter_Project/build/macos/Build/Intermediates.noindex/ExplicitPrecompiledModules/_locale-EDVQ7OESOKUKA7UDK18WZVVRR.scan
[        ] PrecompileModule /Users/andreea/StudioProjects/Flutter_Project/build/macos/Build/Intermediates.noindex/ExplicitPrecompiledModules/_errno-CEXRN3NKBQNR3GCJGDENC5IVW.scan
[        ]     cd /Users/andreea/StudioProjects/Flutter_Project/macos/Pods
[        ]     builtin-precompileModule /Users/andreea/StudioProjects/Flutter_Project/build/macos/Build/Intermediates.noindex/ExplicitPrecompiledModules/_errno-CEXRN3NKBQNR3GCJGDENC5IVW.scan
[        ] PrecompileModule /Users/andreea/StudioProjects/Flutter_Project/build/macos/Build/Intermediates.noindex/ExplicitPrecompiledModules/_stdint-6RHSWJGXPASBWEWHPFVVTSJ96.scan
[        ]     cd /Users/andreea/StudioProjects/Flutter_Project/macos/Pods
[        ]     builtin-precompileModule /Users/andreea/StudioProjects/Flutter_Project/build/macos/Build/Intermediates.noindex/ExplicitPrecompiledModules/_stdint-6RHSWJGXPASBWEWHPFVVTSJ96.scan
[        ] PrecompileModule /Users/andreea/StudioProjects/Flutter_Project/build/macos/Build/Intermediates.noindex/ExplicitPrecompiledModules/sys_types-7ECTC163APKWJZFKP202AW3TX.scan
[        ]     cd /Users/andreea/StudioProjects/Flutter_Project/macos/Pods
[        ]     builtin-precompileModule /Users/andreea/StudioProjects/Flutter_Project/build/macos/Build/Intermediates.noindex/ExplicitPrecompiledModules/sys_types-7ECTC163APKWJZFKP202AW3TX.scan
[        ] PrecompileModule /Users/andreea/StudioProjects/Flutter_Project/build/macos/Build/Intermediates.noindex/ExplicitPrecompiledModules/_Builtin_limits-DRM390D1HW1GYWFAV19UBE4BC.scan
[        ]     cd /Users/andreea/StudioProjects/Flutter_Project/macos/Pods
[        ]     builtin-precompileModule /Users/andreea/StudioProjects/Flutter_Project/build/macos/Build/Intermediates.noindex/ExplicitPrecompiledModules/_Builtin_limits-DRM390D1HW1GYWFAV19UBE4BC.scan
[        ] PrecompileModule /Users/andreea/StudioProjects/Flutter_Project/build/macos/Build/Intermediates.noindex/ExplicitPrecompiledModules/xlocale-748E8QQ5XOS362APV841ZG2RC.scan
[        ]     cd /Users/andreea/StudioProjects/Flutter_Project/macos/Pods
[        ]     builtin-precompileModule /Users/andreea/StudioProjects/Flutter_Project/build/macos/Build/Intermediates.noindex/ExplicitPrecompiledModules/xlocale-748E8QQ5XOS362APV841ZG2RC.scan
[        ] PrecompileModule /Users/andreea/StudioProjects/Flutter_Project/build/macos/Build/Intermediates.noindex/ExplicitPrecompiledModules/_tgmath-CKTOA840F0K1SRBBUNTXRRMLD.scan
[        ]     cd /Users/andreea/StudioProjects/Flutter_Project/macos/Pods
[        ]     builtin-precompileModule /Users/andreea/StudioProjects/Flutter_Project/build/macos/Build/Intermediates.noindex/ExplicitPrecompiledModules/_tgmath-CKTOA840F0K1SRBBUNTXRRMLD.scan
[        ] PrecompileModule /Users/andreea/StudioProjects/Flutter_Project/build/macos/Build/Intermediates.noindex/ExplicitPrecompiledModules/__wctype-EZQR0MTGSMRZ23469XMSN5DKS.scan
[        ]     cd /Users/andreea/StudioProjects/Flutter_Project/macos/Pods
[        ]     builtin-precompileModule /Users/andreea/StudioProjects/Flutter_Project/build/macos/Build/Intermediates.noindex/ExplicitPrecompiledModules/__wctype-EZQR0MTGSMRZ23469XMSN5DKS.scan
[        ] PrecompileModule /Users/andreea/StudioProjects/Flutter_Project/build/macos/Build/Intermediates.noindex/ExplicitPrecompiledModules/_Builtin_stdint-5TCLB8J7FABKW19ET4NFL05MC.scan
[        ]     cd /Users/andreea/StudioProjects/Flutter_Project/macos/Pods
[        ]     builtin-precompileModule /Users/andreea/StudioProjects/Flutter_Project/build/macos/Build/Intermediates.noindex/ExplicitPrecompiledModules/_Builtin_stdint-5TCLB8J7FABKW19ET4NFL05MC.scan
[        ] PrecompileModule /Users/andreea/StudioProjects/Flutter_Project/build/macos/Build/Intermediates.noindex/ExplicitPrecompiledModules/_time-3IB1MEP0UK2BZH32DSN1F0A7B.scan
[        ]     cd /Users/andreea/StudioProjects/Flutter_Project/macos/Pods
[        ]     builtin-precompileModule /Users/andreea/StudioProjects/Flutter_Project/build/macos/Build/Intermediates.noindex/ExplicitPrecompiledModules/_time-3IB1MEP0UK2BZH32DSN1F0A7B.scan
[        ] PrecompileModule /Users/andreea/StudioProjects/Flutter_Project/build/macos/Build/Intermediates.noindex/ExplicitPrecompiledModules/_wctype-NC0X72NO6YB4O861AJ5ZY88Y.scan
[        ]     cd /Users/andreea/StudioProjects/Flutter_Project/macos/Pods
[        ]     builtin-precompileModule /Users/andreea/StudioProjects/Flutter_Project/build/macos/Build/Intermediates.noindex/ExplicitPrecompiledModules/_wctype-NC0X72NO6YB4O861AJ5ZY88Y.scan
[        ] PrecompileModule /Users/andreea/StudioProjects/Flutter_Project/build/macos/Build/Intermediates.noindex/ExplicitPrecompiledModules/nl_types-6VS0761PLGS7D1NP0BVFSWSLE.scan
[        ]     cd /Users/andreea/StudioProjects/Flutter_Project/macos/Pods
[        ]     builtin-precompileModule /Users/andreea/StudioProjects/Flutter_Project/build/macos/Build/Intermediates.noindex/ExplicitPrecompiledModules/nl_types-6VS0761PLGS7D1NP0BVFSWSLE.scan
[        ] PrecompileModule /Users/andreea/StudioProjects/Flutter_Project/build/macos/Build/Intermediates.noindex/ExplicitPrecompiledModules/_stdio-9866962Y8OTGRH5RUXZ6JDYCI.scan
[        ]     cd /Users/andreea/StudioProjects/Flutter_Project/macos/Pods
[        ]     builtin-precompileModule /Users/andreea/StudioProjects/Flutter_Project/build/macos/Build/Intermediates.noindex/ExplicitPrecompiledModules/_stdio-9866962Y8OTGRH5RUXZ6JDYCI.scan
[        ] PrecompileModule /Users/andreea/StudioProjects/Flutter_Project/build/macos/Build/Intermediates.noindex/ExplicitPrecompiledModules/_signal-COFT1LD0EH6FY1KIGN1BLSY1Q.scan
[        ]     cd /Users/andreea/StudioProjects/Flutter_Project/macos/Pods
[        ]     builtin-precompileModule /Users/andreea/StudioProjects/Flutter_Project/build/macos/Build/Intermediates.noindex/ExplicitPrecompiledModules/_signal-COFT1LD0EH6FY1KIGN1BLSY1Q.scan
[        ] PrecompileModule /Users/andreea/StudioProjects/Flutter_Project/build/macos/Build/Intermediates.noindex/ExplicitPrecompiledModules/_string-E43B01W6923GJPV4660PZUDBA.scan
[        ]     cd /Users/andreea/StudioProjects/Flutter_Project/macos/Pods
[        ]     builtin-precompileModule /Users/andreea/StudioProjects/Flutter_Project/build/macos/Build/Intermediates.noindex/ExplicitPrecompiledModules/_string-E43B01W6923GJPV4660PZUDBA.scan
[        ] PrecompileModule /Users/andreea/StudioProjects/Flutter_Project/build/macos/Build/Intermediates.noindex/ExplicitPrecompiledModules/_Builtin_tgmath-B943JBDRK8NQ7X3NMDJ7IS24Y.scan
[        ]     cd /Users/andreea/StudioProjects/Flutter_Project/macos/Pods
[        ]     builtin-precompileModule /Users/andreea/StudioProjects/Flutter_Project/build/macos/Build/Intermediates.noindex/ExplicitPrecompiledModules/_Builtin_tgmath-B943JBDRK8NQ7X3NMDJ7IS24Y.scan
[        ] PrecompileModule /Users/andreea/StudioProjects/Flutter_Project/build/macos/Build/Intermediates.noindex/ExplicitPrecompiledModules/_inttypes-BJFW61XGS0SF1IUT7UUE8D9KL.scan
[        ]     cd /Users/andreea/StudioProjects/Flutter_Project/macos/Pods
[        ]     builtin-precompileModule /Users/andreea/StudioProjects/Flutter_Project/build/macos/Build/Intermediates.noindex/ExplicitPrecompiledModules/_inttypes-BJFW61XGS0SF1IUT7UUE8D9KL.scan
[        ] PrecompileModule /Users/andreea/StudioProjects/Flutter_Project/build/macos/Build/Intermediates.noindex/ExplicitPrecompiledModules/OpenGL-ERA8VWB48JKF7P5VUTB7A2ER1.scan
[        ]     cd /Users/andreea/StudioProjects/Flutter_Project/macos/Pods
[        ]     builtin-precompileModule /Users/andreea/StudioProjects/Flutter_Project/build/macos/Build/Intermediates.noindex/ExplicitPrecompiledModules/OpenGL-ERA8VWB48JKF7P5VUTB7A2ER1.scan
[        ] PrecompileModule /Users/andreea/StudioProjects/Flutter_Project/build/macos/Build/Intermediates.noindex/ExplicitPrecompiledModules/_Builtin_stdatomic-ETG02DMIDAMTQ2KJHS0MEK4MR.scan
[        ]     cd /Users/andreea/StudioProjects/Flutter_Project/macos/Pods
[        ]     builtin-precompileModule /Users/andreea/StudioProjects/Flutter_Project/build/macos/Build/Intermediates.noindex/ExplicitPrecompiledModules/_Builtin_stdatomic-ETG02DMIDAMTQ2KJHS0MEK4MR.scan
[        ] PrecompileModule /Users/andreea/StudioProjects/Flutter_Project/build/macos/Build/Intermediates.noindex/ExplicitPrecompiledModules/sys_resource-C5HSZLQRONRHT1J2M6WO6SE2C.scan
[        ]     cd /Users/andreea/StudioProjects/Flutter_Project/macos/Pods
[        ]     builtin-precompileModule /Users/andreea/StudioProjects/Flutter_Project/build/macos/Build/Intermediates.noindex/ExplicitPrecompiledModules/sys_resource-C5HSZLQRONRHT1J2M6WO6SE2C.scan
[        ] PrecompileModule /Users/andreea/StudioProjects/Flutter_Project/build/macos/Build/Intermediates.noindex/ExplicitPrecompiledModules/libDER-A4E5ZM1DHSJ15STD4CR2Q9SUZ.scan
[        ]     cd /Users/andreea/StudioProjects/Flutter_Project/macos/Pods
[        ]     builtin-precompileModule /Users/andreea/StudioProjects/Flutter_Project/build/macos/Build/Intermediates.noindex/ExplicitPrecompiledModules/libDER-A4E5ZM1DHSJ15STD4CR2Q9SUZ.scan
[        ] PrecompileModule /Users/andreea/StudioProjects/Flutter_Project/build/macos/Build/Intermediates.noindex/ExplicitPrecompiledModules/_wchar-CGRL1CYAWZRCWIA515WDYAWN9.scan
[        ]     cd /Users/andreea/StudioProjects/Flutter_Project/macos/Pods
[        ]     builtin-precompileModule /Users/andreea/StudioProjects/Flutter_Project/build/macos/Build/Intermediates.noindex/ExplicitPrecompiledModules/_wchar-CGRL1CYAWZRCWIA515WDYAWN9.scan
[        ] PrecompileModule /Users/andreea/StudioProjects/Flutter_Project/build/macos/Build/Intermediates.noindex/ExplicitPrecompiledModules/gethostuuid-CL23E0OT1IH40KV8WXFDXPAPR.scan
[        ]     cd /Users/andreea/StudioProjects/Flutter_Project/macos/Pods
[        ]     builtin-precompileModule /Users/andreea/StudioProjects/Flutter_Project/build/macos/Build/Intermediates.noindex/ExplicitPrecompiledModules/gethostuuid-CL23E0OT1IH40KV8WXFDXPAPR.scan
[        ] PrecompileModule /Users/andreea/StudioProjects/Flutter_Project/build/macos/Build/Intermediates.noindex/ExplicitPrecompiledModules/sys_select-5YXFTLRO8NW5PC95D7UCYHAM0.scan
[        ]     cd /Users/andreea/StudioProjects/Flutter_Project/macos/Pods
[        ]     builtin-precompileModule /Users/andreea/StudioProjects/Flutter_Project/build/macos/Build/Intermediates.noindex/ExplicitPrecompiledModules/sys_select-5YXFTLRO8NW5PC95D7UCYHAM0.scan
[        ] PrecompileModule /Users/andreea/StudioProjects/Flutter_Project/build/macos/Build/Intermediates.noindex/ExplicitPrecompiledModules/pthread-4BESFNAYYWHKFA8RLWTSEASZ4.scan
[        ]     cd /Users/andreea/StudioProjects/Flutter_Project/macos/Pods
[        ]     builtin-precompileModule /Users/andreea/StudioProjects/Flutter_Project/build/macos/Build/Intermediates.noindex/ExplicitPrecompiledModules/pthread-4BESFNAYYWHKFA8RLWTSEASZ4.scan
[        ] PrecompileModule /Users/andreea/StudioProjects/Flutter_Project/build/macos/Build/Intermediates.noindex/ExplicitPrecompiledModules/_Builtin_inttypes-ER7IJ6R30D6HVVVL11EVV208S.scan
[        ]     cd /Users/andreea/StudioProjects/Flutter_Project/macos/Pods
[        ]     builtin-precompileModule /Users/andreea/StudioProjects/Flutter_Project/build/macos/Build/Intermediates.noindex/ExplicitPrecompiledModules/_Builtin_inttypes-ER7IJ6R30D6HVVVL11EVV208S.scan
[        ] PrecompileModule /Users/andreea/StudioProjects/Flutter_Project/build/macos/Build/Intermediates.noindex/ExplicitPrecompiledModules/sys_wait-8TNRKXJHCA2NWRZ9B0GMPM0LH.scan
[        ]     cd /Users/andreea/StudioProjects/Flutter_Project/macos/Pods
[        ]     builtin-precompileModule /Users/andreea/StudioProjects/Flutter_Project/build/macos/Build/Intermediates.noindex/ExplicitPrecompiledModules/sys_wait-8TNRKXJHCA2NWRZ9B0GMPM0LH.scan
[        ] PrecompileModule /Users/andreea/StudioProjects/Flutter_Project/build/macos/Build/Intermediates.noindex/ExplicitPrecompiledModules/unistd-8JWC05FEEMG6C2TCIRU2I0YCY.scan
[        ]     cd /Users/andreea/StudioProjects/Flutter_Project/macos/Pods
[        ]     builtin-precompileModule /Users/andreea/StudioProjects/Flutter_Project/build/macos/Build/Intermediates.noindex/ExplicitPrecompiledModules/unistd-8JWC05FEEMG6C2TCIRU2I0YCY.scan
[        ] PrecompileModule /Users/andreea/StudioProjects/Flutter_Project/build/macos/Build/Intermediates.noindex/ExplicitPrecompiledModules/_stdlib-58UKJ8Q1Z3JFA10UTITEZWWHJ.scan
[        ]     cd /Users/andreea/StudioProjects/Flutter_Project/macos/Pods
[        ]     builtin-precompileModule /Users/andreea/StudioProjects/Flutter_Project/build/macos/Build/Intermediates.noindex/ExplicitPrecompiledModules/_stdlib-58UKJ8Q1Z3JFA10UTITEZWWHJ.scan
[        ] PrecompileModule /Users/andreea/StudioProjects/Flutter_Project/build/macos/Build/Intermediates.noindex/ExplicitPrecompiledModules/Darwin-45DIYNO4JH9ABLO18DA1ZGYXL.scan
[        ]     cd /Users/andreea/StudioProjects/Flutter_Project/macos/Pods
[        ]     builtin-precompileModule /Users/andreea/StudioProjects/Flutter_Project/build/macos/Build/Intermediates.noindex/ExplicitPrecompiledModules/Darwin-45DIYNO4JH9ABLO18DA1ZGYXL.scan
[ +174 ms] PrecompileModule /Users/andreea/StudioProjects/Flutter_Project/build/macos/Build/Intermediates.noindex/ExplicitPrecompiledModules/launch-64DTNMGADIK3C8TYCCSP2HKFO.scan
[        ]     cd /Users/andreea/StudioProjects/Flutter_Project/macos/Pods
[        ]     builtin-precompileModule /Users/andreea/StudioProjects/Flutter_Project/build/macos/Build/Intermediates.noindex/ExplicitPrecompiledModules/launch-64DTNMGADIK3C8TYCCSP2HKFO.scan
[  +32 ms] PrecompileModule /Users/andreea/StudioProjects/Flutter_Project/build/macos/Build/Intermediates.noindex/ExplicitPrecompiledModules/MachO-7OZ2AGGJ6JDLTW6V5ARRXD0M8.scan
[        ]     cd /Users/andreea/StudioProjects/Flutter_Project/macos/Pods
[        ]     builtin-precompileModule /Users/andreea/StudioProjects/Flutter_Project/build/macos/Build/Intermediates.noindex/ExplicitPrecompiledModules/MachO-7OZ2AGGJ6JDLTW6V5ARRXD0M8.scan
[  +12 ms] PrecompileModule /Users/andreea/StudioProjects/Flutter_Project/build/macos/Build/Intermediates.noindex/ExplicitPrecompiledModules/CUPS-EJUWD2AVKQR9NRKULIF93WPAT.scan
[        ]     cd /Users/andreea/StudioProjects/Flutter_Project/macos/Pods
[        ]     builtin-precompileModule /Users/andreea/StudioProjects/Flutter_Project/build/macos/Build/Intermediates.noindex/ExplicitPrecompiledModules/CUPS-EJUWD2AVKQR9NRKULIF93WPAT.scan
[   +7 ms] PrecompileModule /Users/andreea/StudioProjects/Flutter_Project/build/macos/Build/Intermediates.noindex/ExplicitPrecompiledModules/libkern-71G2HP8TRPJ3QQUC7M7B5N363.scan
[        ]     cd /Users/andreea/StudioProjects/Flutter_Project/macos/Pods
[        ]     builtin-precompileModule /Users/andreea/StudioProjects/Flutter_Project/build/macos/Build/Intermediates.noindex/ExplicitPrecompiledModules/libkern-71G2HP8TRPJ3QQUC7M7B5N363.scan
[        ] PrecompileModule /Users/andreea/StudioProjects/Flutter_Project/build/macos/Build/Intermediates.noindex/ExplicitPrecompiledModules/ObjectiveC-B95RYJZANA2LWTO9ZTXW11GGK.scan
[        ]     cd /Users/andreea/StudioProjects/Flutter_Project/macos/Pods
[        ]     builtin-precompileModule /Users/andreea/StudioProjects/Flutter_Project/build/macos/Build/Intermediates.noindex/ExplicitPrecompiledModules/ObjectiveC-B95RYJZANA2LWTO9ZTXW11GGK.scan
[  +32 ms] PrecompileModule /Users/andreea/StudioProjects/Flutter_Project/build/macos/Build/Intermediates.noindex/ExplicitPrecompiledModules/os_object-CJHSSL39JEDIL6GN4JNWCCFOB.scan
[        ]     cd /Users/andreea/StudioProjects/Flutter_Project/macos/Pods
[        ]     builtin-precompileModule /Users/andreea/StudioProjects/Flutter_Project/build/macos/Build/Intermediates.noindex/ExplicitPrecompiledModules/os_object-CJHSSL39JEDIL6GN4JNWCCFOB.scan
[  +30 ms] PrecompileModule /Users/andreea/StudioProjects/Flutter_Project/build/macos/Build/Intermediates.noindex/ExplicitPrecompiledModules/os_workgroup-3ULQT2V9SUKQ3WM2XW25OTZI8.scan
[        ]     cd /Users/andreea/StudioProjects/Flutter_Project/macos/Pods
[        ]     builtin-precompileModule /Users/andreea/StudioProjects/Flutter_Project/build/macos/Build/Intermediates.noindex/ExplicitPrecompiledModules/os_workgroup-3ULQT2V9SUKQ3WM2XW25OTZI8.scan
[  +36 ms] PrecompileModule /Users/andreea/StudioProjects/Flutter_Project/build/macos/Build/Intermediates.noindex/ExplicitPrecompiledModules/Dispatch-2SN93VQA7VC4P6VV531DKM0FF.scan
[        ]     cd /Users/andreea/StudioProjects/Flutter_Project/macos/Pods
[        ]     builtin-precompileModule /Users/andreea/StudioProjects/Flutter_Project/build/macos/Build/Intermediates.noindex/ExplicitPrecompiledModules/Dispatch-2SN93VQA7VC4P6VV531DKM0FF.scan
[  +45 ms] PrecompileModule /Users/andreea/StudioProjects/Flutter_Project/build/macos/Build/Intermediates.noindex/ExplicitPrecompiledModules/XPC-4EZE2GV339SU0WIFU73RMQPRQ.scan
[        ]     cd /Users/andreea/StudioProjects/Flutter_Project/macos/Pods
[        ]     builtin-precompileModule /Users/andreea/StudioProjects/Flutter_Project/build/macos/Build/Intermediates.noindex/ExplicitPrecompiledModules/XPC-4EZE2GV339SU0WIFU73RMQPRQ.scan
[  +42 ms] PrecompileModule /Users/andreea/StudioProjects/Flutter_Project/build/macos/Build/Intermediates.noindex/ExplicitPrecompiledModules/CoreFoundation-B19V8SMSBH1PY9YSJ6TLI42UC.scan
[        ]     cd /Users/andreea/StudioProjects/Flutter_Project/macos/Pods
[        ]     builtin-precompileModule /Users/andreea/StudioProjects/Flutter_Project/build/macos/Build/Intermediates.noindex/ExplicitPrecompiledModules/CoreFoundation-B19V8SMSBH1PY9YSJ6TLI42UC.scan
[  +30 ms] PrecompileModule /Users/andreea/StudioProjects/Flutter_Project/build/macos/Build/Intermediates.noindex/ExplicitPrecompiledModules/ColorSync-7XEQQ5ZXQJMELDLYHVKG85WD4.scan
[        ]     cd /Users/andreea/StudioProjects/Flutter_Project/macos/Pods
[        ]     builtin-precompileModule /Users/andreea/StudioProjects/Flutter_Project/build/macos/Build/Intermediates.noindex/ExplicitPrecompiledModules/ColorSync-7XEQQ5ZXQJMELDLYHVKG85WD4.scan
[  +37 ms] PrecompileModule /Users/andreea/StudioProjects/Flutter_Project/build/macos/Build/Intermediates.noindex/ExplicitPrecompiledModules/IOKit-BAS1JBCRZ61FH6EU5RGS1RNQS.scan
[        ]     cd /Users/andreea/StudioProjects/Flutter_Project/macos/Pods
[        ]     builtin-precompileModule /Users/andreea/StudioProjects/Flutter_Project/build/macos/Build/Intermediates.noindex/ExplicitPrecompiledModules/IOKit-BAS1JBCRZ61FH6EU5RGS1RNQS.scan
[ +103 ms] PrecompileModule /Users/andreea/StudioProjects/Flutter_Project/build/macos/Build/Intermediates.noindex/ExplicitPrecompiledModules/CFNetwork-1GF8101UT62L3S1H8AGXF3XV1.scan
[        ]     cd /Users/andreea/StudioProjects/Flutter_Project/macos/Pods
[        ]     builtin-precompileModule /Users/andreea/StudioProjects/Flutter_Project/build/macos/Build/Intermediates.noindex/ExplicitPrecompiledModules/CFNetwork-1GF8101UT62L3S1H8AGXF3XV1.scan
[        ] PrecompileModule /Users/andreea/StudioProjects/Flutter_Project/build/macos/Build/Intermediates.noindex/ExplicitPrecompiledModules/Security-EKHZ5VZ8I02B1E2WM6X4W6JUY.scan
[        ]     cd /Users/andreea/StudioProjects/Flutter_Project/macos/Pods
[        ]     builtin-precompileModule /Users/andreea/StudioProjects/Flutter_Project/build/macos/Build/Intermediates.noindex/ExplicitPrecompiledModules/Security-EKHZ5VZ8I02B1E2WM6X4W6JUY.scan
[   +1 ms] PrecompileModule /Users/andreea/StudioProjects/Flutter_Project/build/macos/Build/Intermediates.noindex/ExplicitPrecompiledModules/DiskArbitration-87O6EEZHLGLIEQ1N8WCYX505M.scan
[        ]     cd /Users/andreea/StudioProjects/Flutter_Project/macos/Pods
[        ]     builtin-precompileModule /Users/andreea/StudioProjects/Flutter_Project/build/macos/Build/Intermediates.noindex/ExplicitPrecompiledModules/DiskArbitration-87O6EEZHLGLIEQ1N8WCYX505M.scan
[  +35 ms] PrecompileModule /Users/andreea/StudioProjects/Flutter_Project/build/macos/Build/Intermediates.noindex/ExplicitPrecompiledModules/CoreGraphics-Y8YAWLCTYVE5OZSRPHFLSFW1.scan
[        ]     cd /Users/andreea/StudioProjects/Flutter_Project/macos/Pods
[        ]     builtin-precompileModule /Users/andreea/StudioProjects/Flutter_Project/build/macos/Build/Intermediates.noindex/ExplicitPrecompiledModules/CoreGraphics-Y8YAWLCTYVE5OZSRPHFLSFW1.scan
[  +31 ms] PrecompileModule /Users/andreea/StudioProjects/Flutter_Project/build/macos/Build/Intermediates.noindex/ExplicitPrecompiledModules/CoreServices-7TZ6NCL0Q5055V0OFPZHGITND.scan
[        ]     cd /Users/andreea/StudioProjects/Flutter_Project/macos/Pods
[        ]     builtin-precompileModule /Users/andreea/StudioProjects/Flutter_Project/build/macos/Build/Intermediates.noindex/ExplicitPrecompiledModules/CoreServices-7TZ6NCL0Q5055V0OFPZHGITND.scan
[ +117 ms] PrecompileModule /Users/andreea/StudioProjects/Flutter_Project/build/macos/Build/Intermediates.noindex/ExplicitPrecompiledModules/ImageIO-9OW1P3FNKM93N9IN0K9460943.scan
[        ]     cd /Users/andreea/StudioProjects/Flutter_Project/macos/Pods
[        ]     builtin-precompileModule /Users/andreea/StudioProjects/Flutter_Project/build/macos/Build/Intermediates.noindex/ExplicitPrecompiledModules/ImageIO-9OW1P3FNKM93N9IN0K9460943.scan
[        ] PrecompileModule /Users/andreea/StudioProjects/Flutter_Project/build/macos/Build/Intermediates.noindex/ExplicitPrecompiledModules/CoreText-4I3I9U0A820A80NTN3HGHG8TV.scan
[        ]     cd /Users/andreea/StudioProjects/Flutter_Project/macos/Pods
[        ]     builtin-precompileModule /Users/andreea/StudioProjects/Flutter_Project/build/macos/Build/Intermediates.noindex/ExplicitPrecompiledModules/CoreText-4I3I9U0A820A80NTN3HGHG8TV.scan
[        ] PrecompileModule /Users/andreea/StudioProjects/Flutter_Project/build/macos/Build/Intermediates.noindex/ExplicitPrecompiledModules/Foundation-8ENI8P81G2P0JRSQDG657MNHE.scan
[        ]     cd /Users/andreea/StudioProjects/Flutter_Project/macos/Pods
[        ]     builtin-precompileModule /Users/andreea/StudioProjects/Flutter_Project/build/macos/Build/Intermediates.noindex/ExplicitPrecompiledModules/Foundation-8ENI8P81G2P0JRSQDG657MNHE.scan
[ +203 ms] PrecompileModule /Users/andreea/StudioProjects/Flutter_Project/build/macos/Build/Intermediates.noindex/ExplicitPrecompiledModules/ApplicationServices-83NO03UYOJGSTQ129BP519C88.scan
[        ]     cd /Users/andreea/StudioProjects/Flutter_Project/macos/Pods
[        ]     builtin-precompileModule /Users/andreea/StudioProjects/Flutter_Project/build/macos/Build/Intermediates.noindex/ExplicitPrecompiledModules/ApplicationServices-83NO03UYOJGSTQ129BP519C88.scan
[  +81 ms] CompileC /Users/andreea/StudioProjects/Flutter_Project/build/macos/Build/Intermediates.noindex/Pods.build/Debug/Pods-Runner.build/Objects-normal/arm64/Pods-Runner-dummy.o /Users/andreea/StudioProjects/Flutter_Project/macos/Pods/Target\ Support\ Files/Pods-Runner/Pods-Runner-dummy.m normal arm64 objective-c com.apple.compilers.llvm.clang.1_0.compiler (in target 'Pods-Runner' from project 'Pods')
[        ]     cd /Users/andreea/StudioProjects/Flutter_Project/macos/Pods
[        ]     Using response file: /Users/andreea/StudioProjects/Flutter_Project/build/macos/Build/Intermediates.noindex/Pods.build/Debug/Pods-Runner.build/Objects-normal/arm64/e6072d4f65d7061329687fe24e3d63a7-common-args.resp
[        ]     /Applications/Xcode.app/Contents/Developer/Toolchains/XcodeDefault.xctoolchain/usr/bin/clang -x objective-c -ivfsstatcache /Users/andreea/StudioProjects/Flutter_Project/build/macos/SDKStatCaches.noindex/macosx15.4-24E241-88b860576fb364319593bd8fb30666b0.sdkstatcache -fmessage-length\=0 -fdiagnostics-show-note-include-stack -fmacro-backtrace-limit\=0 -fno-color-diagnostics -fmodules-prune-interval\=86400 -fmodules-prune-after\=345600 -fbuild-session-file\=/Users/andreea/StudioProjects/Flutter_Project/build/macos/ModuleCache.noindex/Session.modulevalidation -fmodules-validate-once-per-build-session -Wnon-modular-include-in-framework-module -Werror\=non-modular-include-in-framework-module -Wno-trigraphs -Wno-missing-field-initializers -Wno-missing-prototypes -Werror\=return-type -Wdocumentation -Wunreachable-code -Wno-implicit-atomic-properties -Werror\=deprecated-objc-isa-usage -Wno-objc-interface-ivars -Werror\=objc-root-class -Wno-arc-repeated-use-of-weak -Wimplicit-retain-self -Wduplicate-method-match -Wno-missing-braces -Wparentheses -Wswitch -Wunused-function -Wno-unused-label -Wno-unused-parameter -Wunused-variable -Wunused-value -Wempty-body -Wuninitialized -Wconditional-uninitialized -Wno-unknown-pragmas -Wno-shadow -Wno-four-char-constants -Wno-conversion -Wconstant-conversion -Wint-conversion -Wbool-conversion -Wenum-conversion -Wno-float-conversion -Wnon-literal-null-conversion -Wobjc-literal-conversion -Wshorten-64-to-32 -Wpointer-sign -Wno-newline-eof -Wno-selector -Wno-strict-selector-match -Wundeclared-selector -Wdeprecated-implementations -Wno-implicit-fallthrough -fstrict-aliasing -Wprotocol -Wdeprecated-declarations -Wno-sign-conversion -Winfinite-recursion -Wcomma -Wblock-capture-autoreleasing -Wstrict-prototypes -Wno-semicolon-before-method-body -Wunguarded-availability @/Users/andreea/StudioProjects/Flutter_Project/build/macos/Build/Intermediates.noindex/Pods.build/Debug/Pods-Runner.build/Objects-normal/arm64/e6072d4f65d7061329687fe24e3d63a7-common-args.resp -MMD -MT dependencies -MF /Users/andreea/StudioProjects/Flutter_Project/build/macos/Build/Intermediates.noindex/Pods.build/Debug/Pods-Runner.build/Objects-normal/arm64/Pods-Runner-dummy.d --serialize-diagnostics /Users/andreea/StudioProjects/Flutter_Project/build/macos/Build/Intermediates.noindex/Pods.build/Debug/Pods-Runner.build/Objects-normal/arm64/Pods-Runner-dummy.dia -c /Users/andreea/StudioProjects/Flutter_Project/macos/Pods/Target\ Support\ Files/Pods-Runner/Pods-Runner-dummy.m -o /Users/andreea/StudioProjects/Flutter_Project/build/macos/Build/Intermediates.noindex/Pods.build/Debug/Pods-Runner.build/Objects-normal/arm64/Pods-Runner-dummy.o
[        ] PrecompileModule /Users/andreea/StudioProjects/Flutter_Project/build/macos/Build/Intermediates.noindex/ExplicitPrecompiledModules/CoreLocation-DC8EK1MORTKSCU9ZO5A9I8A3R.scan
[        ]     cd /Users/andreea/StudioProjects/Flutter_Project/macos/Pods
[        ]     builtin-precompileModule /Users/andreea/StudioProjects/Flutter_Project/build/macos/Build/Intermediates.noindex/ExplicitPrecompiledModules/CoreLocation-DC8EK1MORTKSCU9ZO5A9I8A3R.scan
[        ] PrecompileModule /Users/andreea/StudioProjects/Flutter_Project/build/macos/Build/Intermediates.noindex/ExplicitPrecompiledModules/IOSurface-1J22SQ5LIJ92R1V22KXRIHW9.scan
[        ]     cd /Users/andreea/StudioProjects/Flutter_Project/macos/Pods
[        ]     builtin-precompileModule /Users/andreea/StudioProjects/Flutter_Project/build/macos/Build/Intermediates.noindex/ExplicitPrecompiledModules/IOSurface-1J22SQ5LIJ92R1V22KXRIHW9.scan
[        ] PrecompileModule /Users/andreea/StudioProjects/Flutter_Project/build/macos/Build/Intermediates.noindex/ExplicitPrecompiledModules/Symbols-EJDFA16PAV6U4K7JIKFE0G02R.scan
[        ]     cd /Users/andreea/StudioProjects/Flutter_Project/macos/Pods
[        ]     builtin-precompileModule /Users/andreea/StudioProjects/Flutter_Project/build/macos/Build/Intermediates.noindex/ExplicitPrecompiledModules/Symbols-EJDFA16PAV6U4K7JIKFE0G02R.scan
[        ] PrecompileModule /Users/andreea/StudioProjects/Flutter_Project/build/macos/Build/Intermediates.noindex/ExplicitPrecompiledModules/Metal-AB5RN2Y1YA18GGTC7GKOFR7IN.scan
[        ]     cd /Users/andreea/StudioProjects/Flutter_Project/macos/Pods
[        ]     builtin-precompileModule /Users/andreea/StudioProjects/Flutter_Project/build/macos/Build/Intermediates.noindex/ExplicitPrecompiledModules/Metal-AB5RN2Y1YA18GGTC7GKOFR7IN.scan
[  +52 ms] PrecompileModule /Users/andreea/StudioProjects/Flutter_Project/build/macos/Build/Intermediates.noindex/ExplicitPrecompiledModules/CloudKit-8SCGWZK1FWPJZYKGJKZVTDWGL.scan
[        ]     cd /Users/andreea/StudioProjects/Flutter_Project/macos/Pods
[        ]     builtin-precompileModule /Users/andreea/StudioProjects/Flutter_Project/build/macos/Build/Intermediates.noindex/ExplicitPrecompiledModules/CloudKit-8SCGWZK1FWPJZYKGJKZVTDWGL.scan
[        ] PrecompileModule /Users/andreea/StudioProjects/Flutter_Project/build/macos/Build/Intermediates.noindex/ExplicitPrecompiledModules/CoreData-4E7N4SM73MNLPNPBMITOI4GAT.scan
[        ]     cd /Users/andreea/StudioProjects/Flutter_Project/macos/Pods
[        ]     builtin-precompileModule /Users/andreea/StudioProjects/Flutter_Project/build/macos/Build/Intermediates.noindex/ExplicitPrecompiledModules/CoreData-4E7N4SM73MNLPNPBMITOI4GAT.scan
[  +35 ms] PrecompileModule /Users/andreea/StudioProjects/Flutter_Project/build/macos/Build/Intermediates.noindex/ExplicitPrecompiledModules/CoreVideo-A2DJNBJ11FOM2HUEZ8XZ6LYSW.scan
[        ]     cd /Users/andreea/StudioProjects/Flutter_Project/macos/Pods
[        ]     builtin-precompileModule /Users/andreea/StudioProjects/Flutter_Project/build/macos/Build/Intermediates.noindex/ExplicitPrecompiledModules/CoreVideo-A2DJNBJ11FOM2HUEZ8XZ6LYSW.scan
[  +17 ms] PrecompileModule /Users/andreea/StudioProjects/Flutter_Project/build/macos/Build/Intermediates.noindex/ExplicitPrecompiledModules/CoreImage-6QDFM7YOE6NWO917BOLZ1XFDQ.scan
[        ]     cd /Users/andreea/StudioProjects/Flutter_Project/macos/Pods
[        ]     builtin-precompileModule /Users/andreea/StudioProjects/Flutter_Project/build/macos/Build/Intermediates.noindex/ExplicitPrecompiledModules/CoreImage-6QDFM7YOE6NWO917BOLZ1XFDQ.scan
[  +73 ms] PrecompileModule /Users/andreea/StudioProjects/Flutter_Project/build/macos/Build/Intermediates.noindex/ExplicitPrecompiledModules/QuartzCore-EBA88ZAXJG7HIOW2O1G5ZN1OI.scan
[        ]     cd /Users/andreea/StudioProjects/Flutter_Project/macos/Pods
[        ]     builtin-precompileModule /Users/andreea/StudioProjects/Flutter_Project/build/macos/Build/Intermediates.noindex/ExplicitPrecompiledModules/QuartzCore-EBA88ZAXJG7HIOW2O1G5ZN1OI.scan
[        ] PrecompileModule /Users/andreea/StudioProjects/Flutter_Project/build/macos/Build/Intermediates.noindex/ExplicitPrecompiledModules/AppKit-6MZZPTOYCZQ8QWUKYYAHU1042.scan
[        ]     cd /Users/andreea/StudioProjects/Flutter_Project/macos/Pods
[        ]     builtin-precompileModule /Users/andreea/StudioProjects/Flutter_Project/build/macos/Build/Intermediates.noindex/ExplicitPrecompiledModules/AppKit-6MZZPTOYCZQ8QWUKYYAHU1042.scan
[ +392 ms] PrecompileModule /Users/andreea/StudioProjects/Flutter_Project/build/macos/Build/Intermediates.noindex/ExplicitPrecompiledModules/Cocoa-CUTXJA52Q2HULLRO7M4V8N01X.scan
[        ]     cd /Users/andreea/StudioProjects/Flutter_Project/macos/Pods
[        ]     builtin-precompileModule /Users/andreea/StudioProjects/Flutter_Project/build/macos/Build/Intermediates.noindex/ExplicitPrecompiledModules/Cocoa-CUTXJA52Q2HULLRO7M4V8N01X.scan
[  +41 ms] CompileC /Users/andreea/StudioProjects/Flutter_Project/build/macos/Build/Intermediates.noindex/Pods.build/Debug/path_provider_foundation.build/Objects-normal/arm64/path_provider_foundation-dummy.o /Users/andreea/StudioProjects/Flutter_Project/macos/Pods/Target\ Support\ Files/path_provider_foundation/path_provider_foundation-dummy.m normal arm64 objective-c com.apple.compilers.llvm.clang.1_0.compiler (in target 'path_provider_foundation' from project 'Pods')
[        ]     cd /Users/andreea/StudioProjects/Flutter_Project/macos/Pods
[        ]     Using response file: /Users/andreea/StudioProjects/Flutter_Project/build/macos/Build/Intermediates.noindex/Pods.build/Debug/path_provider_foundation.build/Objects-normal/arm64/e6072d4f65d7061329687fe24e3d63a7-common-args.resp
[        ]     /Applications/Xcode.app/Contents/Developer/Toolchains/XcodeDefault.xctoolchain/usr/bin/clang -x objective-c -ivfsstatcache /Users/andreea/StudioProjects/Flutter_Project/build/macos/SDKStatCaches.noindex/macosx15.4-24E241-88b860576fb364319593bd8fb30666b0.sdkstatcache -fmessage-length\=0 -fdiagnostics-show-note-include-stack -fmacro-backtrace-limit\=0 -fno-color-diagnostics -fmodules-prune-interval\=86400 -fmodules-prune-after\=345600 -fbuild-session-file\=/Users/andreea/StudioProjects/Flutter_Project/build/macos/ModuleCache.noindex/Session.modulevalidation -fmodules-validate-once-per-build-session -Wnon-modular-include-in-framework-module -Werror\=non-modular-include-in-framework-module -Wno-trigraphs -Wno-missing-field-initializers -Wno-missing-prototypes -Werror\=return-type -Wdocumentation -Wunreachable-code -Wno-implicit-atomic-properties -Werror\=deprecated-objc-isa-usage -Wno-objc-interface-ivars -Werror\=objc-root-class -Wno-arc-repeated-use-of-weak -Wimplicit-retain-self -Wduplicate-method-match -Wno-missing-braces -Wparentheses -Wswitch -Wunused-function -Wno-unused-label -Wno-unused-parameter -Wunused-variable -Wunused-value -Wempty-body -Wuninitialized -Wconditional-uninitialized -Wno-unknown-pragmas -Wno-shadow -Wno-four-char-constants -Wno-conversion -Wconstant-conversion -Wint-conversion -Wbool-conversion -Wenum-conversion -Wno-float-conversion -Wnon-literal-null-conversion -Wobjc-literal-conversion -Wshorten-64-to-32 -Wpointer-sign -Wno-newline-eof -Wno-selector -Wno-strict-selector-match -Wundeclared-selector -Wdeprecated-implementations -Wno-implicit-fallthrough -fstrict-aliasing -Wprotocol -Wdeprecated-declarations -Wno-sign-conversion -Winfinite-recursion -Wcomma -Wblock-capture-autoreleasing -Wstrict-prototypes -Wno-semicolon-before-method-body -Wunguarded-availability @/Users/andreea/StudioProjects/Flutter_Project/build/macos/Build/Intermediates.noindex/Pods.build/Debug/path_provider_foundation.build/Objects-normal/arm64/e6072d4f65d7061329687fe24e3d63a7-common-args.resp -include /Users/andreea/StudioProjects/Flutter_Project/macos/Pods/Target\ Support\ Files/path_provider_foundation/path_provider_foundation-prefix.pch -MMD -MT dependencies -MF /Users/andreea/StudioProjects/Flutter_Project/build/macos/Build/Intermediates.noindex/Pods.build/Debug/path_provider_foundation.build/Objects-normal/arm64/path_provider_foundation-dummy.d --serialize-diagnostics /Users/andreea/StudioProjects/Flutter_Project/build/macos/Build/Intermediates.noindex/Pods.build/Debug/path_provider_foundation.build/Objects-normal/arm64/path_provider_foundation-dummy.dia -c /Users/andreea/StudioProjects/Flutter_Project/macos/Pods/Target\ Support\ Files/path_provider_foundation/path_provider_foundation-dummy.m -o /Users/andreea/StudioProjects/Flutter_Project/build/macos/Build/Intermediates.noindex/Pods.build/Debug/path_provider_foundation.build/Objects-normal/arm64/path_provider_foundation-dummy.o
[  +47 ms] CompileC /Users/andreea/StudioProjects/Flutter_Project/build/macos/Build/Intermediates.noindex/Pods.build/Debug/shared_preferences_foundation.build/Objects-normal/arm64/shared_preferences_foundation-dummy.o /Users/andreea/StudioProjects/Flutter_Project/macos/Pods/Target\ Support\ Files/shared_preferences_foundation/shared_preferences_foundation-dummy.m normal arm64 objective-c com.apple.compilers.llvm.clang.1_0.compiler (in target 'shared_preferences_foundation' from project 'Pods')
[        ]     cd /Users/andreea/StudioProjects/Flutter_Project/macos/Pods
[        ]     Using response file: /Users/andreea/StudioProjects/Flutter_Project/build/macos/Build/Intermediates.noindex/Pods.build/Debug/shared_preferences_foundation.build/Objects-normal/arm64/e6072d4f65d7061329687fe24e3d63a7-common-args.resp
[        ]     /Applications/Xcode.app/Contents/Developer/Toolchains/XcodeDefault.xctoolchain/usr/bin/clang -x objective-c -ivfsstatcache /Users/andreea/StudioProjects/Flutter_Project/build/macos/SDKStatCaches.noindex/macosx15.4-24E241-88b860576fb364319593bd8fb30666b0.sdkstatcache -fmessage-length\=0 -fdiagnostics-show-note-include-stack -fmacro-backtrace-limit\=0 -fno-color-diagnostics -fmodules-prune-interval\=86400 -fmodules-prune-after\=345600 -fbuild-session-file\=/Users/andreea/StudioProjects/Flutter_Project/build/macos/ModuleCache.noindex/Session.modulevalidation -fmodules-validate-once-per-build-session -Wnon-modular-include-in-framework-module -Werror\=non-modular-include-in-framework-module -Wno-trigraphs -Wno-missing-field-initializers -Wno-missing-prototypes -Werror\=return-type -Wdocumentation -Wunreachable-code -Wno-implicit-atomic-properties -Werror\=deprecated-objc-isa-usage -Wno-objc-interface-ivars -Werror\=objc-root-class -Wno-arc-repeated-use-of-weak -Wimplicit-retain-self -Wduplicate-method-match -Wno-missing-braces -Wparentheses -Wswitch -Wunused-function -Wno-unused-label -Wno-unused-parameter -Wunused-variable -Wunused-value -Wempty-body -Wuninitialized -Wconditional-uninitialized -Wno-unknown-pragmas -Wno-shadow -Wno-four-char-constants -Wno-conversion -Wconstant-conversion -Wint-conversion -Wbool-conversion -Wenum-conversion -Wno-float-conversion -Wnon-literal-null-conversion -Wobjc-literal-conversion -Wshorten-64-to-32 -Wpointer-sign -Wno-newline-eof -Wno-selector -Wno-strict-selector-match -Wundeclared-selector -Wdeprecated-implementations -Wno-implicit-fallthrough -fstrict-aliasing -Wprotocol -Wdeprecated-declarations -Wno-sign-conversion -Winfinite-recursion -Wcomma -Wblock-capture-autoreleasing -Wstrict-prototypes -Wno-semicolon-before-method-body -Wunguarded-availability @/Users/andreea/StudioProjects/Flutter_Project/build/macos/Build/Intermediates.noindex/Pods.build/Debug/shared_preferences_foundation.build/Objects-normal/arm64/e6072d4f65d7061329687fe24e3d63a7-common-args.resp -include /Users/andreea/StudioProjects/Flutter_Project/macos/Pods/Target\ Support\ Files/shared_preferences_foundation/shared_preferences_foundation-prefix.pch -MMD -MT dependencies -MF /Users/andreea/StudioProjects/Flutter_Project/build/macos/Build/Intermediates.noindex/Pods.build/Debug/shared_preferences_foundation.build/Objects-normal/arm64/shared_preferences_foundation-dummy.d --serialize-diagnostics /Users/andreea/StudioProjects/Flutter_Project/build/macos/Build/Intermediates.noindex/Pods.build/Debug/shared_preferences_foundation.build/Objects-normal/arm64/shared_preferences_foundation-dummy.dia -c /Users/andreea/StudioProjects/Flutter_Project/macos/Pods/Target\ Support\ Files/shared_preferences_foundation/shared_preferences_foundation-dummy.m -o /Users/andreea/StudioProjects/Flutter_Project/build/macos/Build/Intermediates.noindex/Pods.build/Debug/shared_preferences_foundation.build/Objects-normal/arm64/shared_preferences_foundation-dummy.o
[   +1 ms] CompileC /Users/andreea/StudioProjects/Flutter_Project/build/macos/Build/Intermediates.noindex/Pods.build/Debug/file_selector_macos.build/Objects-normal/arm64/file_selector_macos-dummy.o /Users/andreea/StudioProjects/Flutter_Project/macos/Pods/Target\ Support\ Files/file_selector_macos/file_selector_macos-dummy.m normal arm64 objective-c com.apple.compilers.llvm.clang.1_0.compiler (in target 'file_selector_macos' from project 'Pods')
[        ]     cd /Users/andreea/StudioProjects/Flutter_Project/macos/Pods
[        ]     Using response file: /Users/andreea/StudioProjects/Flutter_Project/build/macos/Build/Intermediates.noindex/Pods.build/Debug/file_selector_macos.build/Objects-normal/arm64/e6072d4f65d7061329687fe24e3d63a7-common-args.resp
[        ]     /Applications/Xcode.app/Contents/Developer/Toolchains/XcodeDefault.xctoolchain/usr/bin/clang -x objective-c -ivfsstatcache /Users/andreea/StudioProjects/Flutter_Project/build/macos/SDKStatCaches.noindex/macosx15.4-24E241-88b860576fb364319593bd8fb30666b0.sdkstatcache -fmessage-length\=0 -fdiagnostics-show-note-include-stack -fmacro-backtrace-limit\=0 -fno-color-diagnostics -fmodules-prune-interval\=86400 -fmodules-prune-after\=345600 -fbuild-session-file\=/Users/andreea/StudioProjects/Flutter_Project/build/macos/ModuleCache.noindex/Session.modulevalidation -fmodules-validate-once-per-build-session -Wnon-modular-include-in-framework-module -Werror\=non-modular-include-in-framework-module -Wno-trigraphs -Wno-missing-field-initializers -Wno-missing-prototypes -Werror\=return-type -Wdocumentation -Wunreachable-code -Wno-implicit-atomic-properties -Werror\=deprecated-objc-isa-usage -Wno-objc-interface-ivars -Werror\=objc-root-class -Wno-arc-repeated-use-of-weak -Wimplicit-retain-self -Wduplicate-method-match -Wno-missing-braces -Wparentheses -Wswitch -Wunused-function -Wno-unused-label -Wno-unused-parameter -Wunused-variable -Wunused-value -Wempty-body -Wuninitialized -Wconditional-uninitialized -Wno-unknown-pragmas -Wno-shadow -Wno-four-char-constants -Wno-conversion -Wconstant-conversion -Wint-conversion -Wbool-conversion -Wenum-conversion -Wno-float-conversion -Wnon-literal-null-conversion -Wobjc-literal-conversion -Wshorten-64-to-32 -Wpointer-sign -Wno-newline-eof -Wno-selector -Wno-strict-selector-match -Wundeclared-selector -Wdeprecated-implementations -Wno-implicit-fallthrough -fstrict-aliasing -Wprotocol -Wdeprecated-declarations -Wno-sign-conversion -Winfinite-recursion -Wcomma -Wblock-capture-autoreleasing -Wstrict-prototypes -Wno-semicolon-before-method-body -Wunguarded-availability @/Users/andreea/StudioProjects/Flutter_Project/build/macos/Build/Intermediates.noindex/Pods.build/Debug/file_selector_macos.build/Objects-normal/arm64/e6072d4f65d7061329687fe24e3d63a7-common-args.resp -include /Users/andreea/StudioProjects/Flutter_Project/macos/Pods/Target\ Support\ Files/file_selector_macos/file_selector_macos-prefix.pch -MMD -MT dependencies -MF /Users/andreea/StudioProjects/Flutter_Project/build/macos/Build/Intermediates.noindex/Pods.build/Debug/file_selector_macos.build/Objects-normal/arm64/file_selector_macos-dummy.d --serialize-diagnostics /Users/andreea/StudioProjects/Flutter_Project/build/macos/Build/Intermediates.noindex/Pods.build/Debug/file_selector_macos.build/Objects-normal/arm64/file_selector_macos-dummy.dia -c /Users/andreea/StudioProjects/Flutter_Project/macos/Pods/Target\ Support\ Files/file_selector_macos/file_selector_macos-dummy.m -o /Users/andreea/StudioProjects/Flutter_Project/build/macos/Build/Intermediates.noindex/Pods.build/Debug/file_selector_macos.build/Objects-normal/arm64/file_selector_macos-dummy.o
[        ] CompileC /Users/andreea/StudioProjects/Flutter_Project/build/macos/Build/Intermediates.noindex/Pods.build/Debug/sign_in_with_apple.build/Objects-normal/arm64/sign_in_with_apple-dummy.o /Users/andreea/StudioProjects/Flutter_Project/macos/Pods/Target\ Support\ Files/sign_in_with_apple/sign_in_with_apple-dummy.m normal arm64 objective-c com.apple.compilers.llvm.clang.1_0.compiler (in target 'sign_in_with_apple' from project 'Pods')
[        ]     cd /Users/andreea/StudioProjects/Flutter_Project/macos/Pods
[        ]     Using response file: /Users/andreea/StudioProjects/Flutter_Project/build/macos/Build/Intermediates.noindex/Pods.build/Debug/sign_in_with_apple.build/Objects-normal/arm64/e6072d4f65d7061329687fe24e3d63a7-common-args.resp
[        ]     /Applications/Xcode.app/Contents/Developer/Toolchains/XcodeDefault.xctoolchain/usr/bin/clang -x objective-c -ivfsstatcache /Users/andreea/StudioProjects/Flutter_Project/build/macos/SDKStatCaches.noindex/macosx15.4-24E241-88b860576fb364319593bd8fb30666b0.sdkstatcache -fmessage-length\=0 -fdiagnostics-show-note-include-stack -fmacro-backtrace-limit\=0 -fno-color-diagnostics -fmodules-prune-interval\=86400 -fmodules-prune-after\=345600 -fbuild-session-file\=/Users/andreea/StudioProjects/Flutter_Project/build/macos/ModuleCache.noindex/Session.modulevalidation -fmodules-validate-once-per-build-session -Wnon-modular-include-in-framework-module -Werror\=non-modular-include-in-framework-module -Wno-trigraphs -Wno-missing-field-initializers -Wno-missing-prototypes -Werror\=return-type -Wdocumentation -Wunreachable-code -Wno-implicit-atomic-properties -Werror\=deprecated-objc-isa-usage -Wno-objc-interface-ivars -Werror\=objc-root-class -Wno-arc-repeated-use-of-weak -Wimplicit-retain-self -Wduplicate-method-match -Wno-missing-braces -Wparentheses -Wswitch -Wunused-function -Wno-unused-label -Wno-unused-parameter -Wunused-variable -Wunused-value -Wempty-body -Wuninitialized -Wconditional-uninitialized -Wno-unknown-pragmas -Wno-shadow -Wno-four-char-constants -Wno-conversion -Wconstant-conversion -Wint-conversion -Wbool-conversion -Wenum-conversion -Wno-float-conversion -Wnon-literal-null-conversion -Wobjc-literal-conversion -Wshorten-64-to-32 -Wpointer-sign -Wno-newline-eof -Wno-selector -Wno-strict-selector-match -Wundeclared-selector -Wdeprecated-implementations -Wno-implicit-fallthrough -fstrict-aliasing -Wprotocol -Wdeprecated-declarations -Wno-sign-conversion -Winfinite-recursion -Wcomma -Wblock-capture-autoreleasing -Wstrict-prototypes -Wno-semicolon-before-method-body -Wunguarded-availability @/Users/andreea/StudioProjects/Flutter_Project/build/macos/Build/Intermediates.noindex/Pods.build/Debug/sign_in_with_apple.build/Objects-normal/arm64/e6072d4f65d7061329687fe24e3d63a7-common-args.resp -include /Users/andreea/StudioProjects/Flutter_Project/macos/Pods/Target\ Support\ Files/sign_in_with_apple/sign_in_with_apple-prefix.pch -MMD -MT dependencies -MF /Users/andreea/StudioProjects/Flutter_Project/build/macos/Build/Intermediates.noindex/Pods.build/Debug/sign_in_with_apple.build/Objects-normal/arm64/sign_in_with_apple-dummy.d --serialize-diagnostics /Users/andreea/StudioProjects/Flutter_Project/build/macos/Build/Intermediates.noindex/Pods.build/Debug/sign_in_with_apple.build/Objects-normal/arm64/sign_in_with_apple-dummy.dia -c /Users/andreea/StudioProjects/Flutter_Project/macos/Pods/Target\ Support\ Files/sign_in_with_apple/sign_in_with_apple-dummy.m -o /Users/andreea/StudioProjects/Flutter_Project/build/macos/Build/Intermediates.noindex/Pods.build/Debug/sign_in_with_apple.build/Objects-normal/arm64/sign_in_with_apple-dummy.o
[        ] CompileC /Users/andreea/StudioProjects/Flutter_Project/build/macos/Build/Intermediates.noindex/Pods.build/Debug/url_launcher_macos.build/Objects-normal/arm64/url_launcher_macos-dummy.o /Users/andreea/StudioProjects/Flutter_Project/macos/Pods/Target\ Support\ Files/url_launcher_macos/url_launcher_macos-dummy.m normal arm64 objective-c com.apple.compilers.llvm.clang.1_0.compiler (in target 'url_launcher_macos' from project 'Pods')
[        ]     cd /Users/andreea/StudioProjects/Flutter_Project/macos/Pods
[        ]     Using response file: /Users/andreea/StudioProjects/Flutter_Project/build/macos/Build/Intermediates.noindex/Pods.build/Debug/url_launcher_macos.build/Objects-normal/arm64/e6072d4f65d7061329687fe24e3d63a7-common-args.resp
[        ]     /Applications/Xcode.app/Contents/Developer/Toolchains/XcodeDefault.xctoolchain/usr/bin/clang -x objective-c -ivfsstatcache /Users/andreea/StudioProjects/Flutter_Project/build/macos/SDKStatCaches.noindex/macosx15.4-24E241-88b860576fb364319593bd8fb30666b0.sdkstatcache -fmessage-length\=0 -fdiagnostics-show-note-include-stack -fmacro-backtrace-limit\=0 -fno-color-diagnostics -fmodules-prune-interval\=86400 -fmodules-prune-after\=345600 -fbuild-session-file\=/Users/andreea/StudioProjects/Flutter_Project/build/macos/ModuleCache.noindex/Session.modulevalidation -fmodules-validate-once-per-build-session -Wnon-modular-include-in-framework-module -Werror\=non-modular-include-in-framework-module -Wno-trigraphs -Wno-missing-field-initializers -Wno-missing-prototypes -Werror\=return-type -Wdocumentation -Wunreachable-code -Wno-implicit-atomic-properties -Werror\=deprecated-objc-isa-usage -Wno-objc-interface-ivars -Werror\=objc-root-class -Wno-arc-repeated-use-of-weak -Wimplicit-retain-self -Wduplicate-method-match -Wno-missing-braces -Wparentheses -Wswitch -Wunused-function -Wno-unused-label -Wno-unused-parameter -Wunused-variable -Wunused-value -Wempty-body -Wuninitialized -Wconditional-uninitialized -Wno-unknown-pragmas -Wno-shadow -Wno-four-char-constants -Wno-conversion -Wconstant-conversion -Wint-conversion -Wbool-conversion -Wenum-conversion -Wno-float-conversion -Wnon-literal-null-conversion -Wobjc-literal-conversion -Wshorten-64-to-32 -Wpointer-sign -Wno-newline-eof -Wno-selector -Wno-strict-selector-match -Wundeclared-selector -Wdeprecated-implementations -Wno-implicit-fallthrough -fstrict-aliasing -Wprotocol -Wdeprecated-declarations -Wno-sign-conversion -Winfinite-recursion -Wcomma -Wblock-capture-autoreleasing -Wstrict-prototypes -Wno-semicolon-before-method-body -Wunguarded-availability @/Users/andreea/StudioProjects/Flutter_Project/build/macos/Build/Intermediates.noindex/Pods.build/Debug/url_launcher_macos.build/Objects-normal/arm64/e6072d4f65d7061329687fe24e3d63a7-common-args.resp -include /Users/andreea/StudioProjects/Flutter_Project/macos/Pods/Target\ Support\ Files/url_launcher_macos/url_launcher_macos-prefix.pch -MMD -MT dependencies -MF /Users/andreea/StudioProjects/Flutter_Project/build/macos/Build/Intermediates.noindex/Pods.build/Debug/url_launcher_macos.build/Objects-normal/arm64/url_launcher_macos-dummy.d --serialize-diagnostics /Users/andreea/StudioProjects/Flutter_Project/build/macos/Build/Intermediates.noindex/Pods.build/Debug/url_launcher_macos.build/Objects-normal/arm64/url_launcher_macos-dummy.dia -c /Users/andreea/StudioProjects/Flutter_Project/macos/Pods/Target\ Support\ Files/url_launcher_macos/url_launcher_macos-dummy.m -o /Users/andreea/StudioProjects/Flutter_Project/build/macos/Build/Intermediates.noindex/Pods.build/Debug/url_launcher_macos.build/Objects-normal/arm64/url_launcher_macos-dummy.o
[        ] CompileC /Users/andreea/StudioProjects/Flutter_Project/build/macos/Build/Intermediates.noindex/Pods.build/Debug/share_plus.build/Objects-normal/arm64/share_plus-dummy.o /Users/andreea/StudioProjects/Flutter_Project/macos/Pods/Target\ Support\ Files/share_plus/share_plus-dummy.m normal arm64 objective-c com.apple.compilers.llvm.clang.1_0.compiler (in target 'share_plus' from project 'Pods')
[        ]     cd /Users/andreea/StudioProjects/Flutter_Project/macos/Pods
[        ]     Using response file: /Users/andreea/StudioProjects/Flutter_Project/build/macos/Build/Intermediates.noindex/Pods.build/Debug/share_plus.build/Objects-normal/arm64/e6072d4f65d7061329687fe24e3d63a7-common-args.resp
[        ]     /Applications/Xcode.app/Contents/Developer/Toolchains/XcodeDefault.xctoolchain/usr/bin/clang -x objective-c -ivfsstatcache /Users/andreea/StudioProjects/Flutter_Project/build/macos/SDKStatCaches.noindex/macosx15.4-24E241-88b860576fb364319593bd8fb30666b0.sdkstatcache -fmessage-length\=0 -fdiagnostics-show-note-include-stack -fmacro-backtrace-limit\=0 -fno-color-diagnostics -fmodules-prune-interval\=86400 -fmodules-prune-after\=345600 -fbuild-session-file\=/Users/andreea/StudioProjects/Flutter_Project/build/macos/ModuleCache.noindex/Session.modulevalidation -fmodules-validate-once-per-build-session -Wnon-modular-include-in-framework-module -Werror\=non-modular-include-in-framework-module -Wno-trigraphs -Wno-missing-field-initializers -Wno-missing-prototypes -Werror\=return-type -Wdocumentation -Wunreachable-code -Wno-implicit-atomic-properties -Werror\=deprecated-objc-isa-usage -Wno-objc-interface-ivars -Werror\=objc-root-class -Wno-arc-repeated-use-of-weak -Wimplicit-retain-self -Wduplicate-method-match -Wno-missing-braces -Wparentheses -Wswitch -Wunused-function -Wno-unused-label -Wno-unused-parameter -Wunused-variable -Wunused-value -Wempty-body -Wuninitialized -Wconditional-uninitialized -Wno-unknown-pragmas -Wno-shadow -Wno-four-char-constants -Wno-conversion -Wconstant-conversion -Wint-conversion -Wbool-conversion -Wenum-conversion -Wno-float-conversion -Wnon-literal-null-conversion -Wobjc-literal-conversion -Wshorten-64-to-32 -Wpointer-sign -Wno-newline-eof -Wno-selector -Wno-strict-selector-match -Wundeclared-selector -Wdeprecated-implementations -Wno-implicit-fallthrough -fstrict-aliasing -Wprotocol -Wdeprecated-declarations -Wno-sign-conversion -Winfinite-recursion -Wcomma -Wblock-capture-autoreleasing -Wstrict-prototypes -Wno-semicolon-before-method-body -Wunguarded-availability @/Users/andreea/StudioProjects/Flutter_Project/build/macos/Build/Intermediates.noindex/Pods.build/Debug/share_plus.build/Objects-normal/arm64/e6072d4f65d7061329687fe24e3d63a7-common-args.resp -include /Users/andreea/StudioProjects/Flutter_Project/macos/Pods/Target\ Support\ Files/share_plus/share_plus-prefix.pch -MMD -MT dependencies -MF /Users/andreea/StudioProjects/Flutter_Project/build/macos/Build/Intermediates.noindex/Pods.build/Debug/share_plus.build/Objects-normal/arm64/share_plus-dummy.d --serialize-diagnostics /Users/andreea/StudioProjects/Flutter_Project/build/macos/Build/Intermediates.noindex/Pods.build/Debug/share_plus.build/Objects-normal/arm64/share_plus-dummy.dia -c /Users/andreea/StudioProjects/Flutter_Project/macos/Pods/Target\ Support\ Files/share_plus/share_plus-dummy.m -o /Users/andreea/StudioProjects/Flutter_Project/build/macos/Build/Intermediates.noindex/Pods.build/Debug/share_plus.build/Objects-normal/arm64/share_plus-dummy.o
[        ] CompileC /Users/andreea/StudioProjects/Flutter_Project/build/macos/Build/Intermediates.noindex/Pods.build/Debug/app_links.build/Objects-normal/arm64/app_links-dummy.o /Users/andreea/StudioProjects/Flutter_Project/macos/Pods/Target\ Support\ Files/app_links/app_links-dummy.m normal arm64 objective-c com.apple.compilers.llvm.clang.1_0.compiler (in target 'app_links' from project 'Pods')
[        ]     cd /Users/andreea/StudioProjects/Flutter_Project/macos/Pods
[        ]     Using response file: /Users/andreea/StudioProjects/Flutter_Project/build/macos/Build/Intermediates.noindex/Pods.build/Debug/app_links.build/Objects-normal/arm64/e6072d4f65d7061329687fe24e3d63a7-common-args.resp
[        ]     /Applications/Xcode.app/Contents/Developer/Toolchains/XcodeDefault.xctoolchain/usr/bin/clang -x objective-c -ivfsstatcache /Users/andreea/StudioProjects/Flutter_Project/build/macos/SDKStatCaches.noindex/macosx15.4-24E241-88b860576fb364319593bd8fb30666b0.sdkstatcache -fmessage-length\=0 -fdiagnostics-show-note-include-stack -fmacro-backtrace-limit\=0 -fno-color-diagnostics -fmodules-prune-interval\=86400 -fmodules-prune-after\=345600 -fbuild-session-file\=/Users/andreea/StudioProjects/Flutter_Project/build/macos/ModuleCache.noindex/Session.modulevalidation -fmodules-validate-once-per-build-session -Wnon-modular-include-in-framework-module -Werror\=non-modular-include-in-framework-module -Wno-trigraphs -Wno-missing-field-initializers -Wno-missing-prototypes -Werror\=return-type -Wdocumentation -Wunreachable-code -Wno-implicit-atomic-properties -Werror\=deprecated-objc-isa-usage -Wno-objc-interface-ivars -Werror\=objc-root-class -Wno-arc-repeated-use-of-weak -Wimplicit-retain-self -Wduplicate-method-match -Wno-missing-braces -Wparentheses -Wswitch -Wunused-function -Wno-unused-label -Wno-unused-parameter -Wunused-variable -Wunused-value -Wempty-body -Wuninitialized -Wconditional-uninitialized -Wno-unknown-pragmas -Wno-shadow -Wno-four-char-constants -Wno-conversion -Wconstant-conversion -Wint-conversion -Wbool-conversion -Wenum-conversion -Wno-float-conversion -Wnon-literal-null-conversion -Wobjc-literal-conversion -Wshorten-64-to-32 -Wpointer-sign -Wno-newline-eof -Wno-selector -Wno-strict-selector-match -Wundeclared-selector -Wdeprecated-implementations -Wno-implicit-fallthrough -fstrict-aliasing -Wprotocol -Wdeprecated-declarations -Wno-sign-conversion -Winfinite-recursion -Wcomma -Wblock-capture-autoreleasing -Wstrict-prototypes -Wno-semicolon-before-method-body -Wunguarded-availability @/Users/andreea/StudioProjects/Flutter_Project/build/macos/Build/Intermediates.noindex/Pods.build/Debug/app_links.build/Objects-normal/arm64/e6072d4f65d7061329687fe24e3d63a7-common-args.resp -include /Users/andreea/StudioProjects/Flutter_Project/macos/Pods/Target\ Support\ Files/app_links/app_links-prefix.pch -MMD -MT dependencies -MF /Users/andreea/StudioProjects/Flutter_Project/build/macos/Build/Intermediates.noindex/Pods.build/Debug/app_links.build/Objects-normal/arm64/app_links-dummy.d --serialize-diagnostics /Users/andreea/StudioProjects/Flutter_Project/build/macos/Build/Intermediates.noindex/Pods.build/Debug/app_links.build/Objects-normal/arm64/app_links-dummy.dia -c /Users/andreea/StudioProjects/Flutter_Project/macos/Pods/Target\ Support\ Files/app_links/app_links-dummy.m -o /Users/andreea/StudioProjects/Flutter_Project/build/macos/Build/Intermediates.noindex/Pods.build/Debug/app_links.build/Objects-normal/arm64/app_links-dummy.o
[        ] Ld /Users/andreea/StudioProjects/Flutter_Project/build/macos/Build/Products/Debug/url_launcher_macos/url_launcher_macos.framework/Versions/A/url_launcher_macos normal (in target 'url_launcher_macos' from project 'Pods')
[        ]     cd /Users/andreea/StudioProjects/Flutter_Project/macos/Pods
[        ]     /Applications/Xcode.app/Contents/Developer/Toolchains/XcodeDefault.xctoolchain/usr/bin/clang -Xlinker -reproducible -target arm64-apple-macos10.14 -dynamiclib -isysroot /Applications/Xcode.app/Contents/Developer/Platforms/MacOSX.platform/Developer/SDKs/MacOSX15.4.sdk -O0 -L/Users/andreea/StudioProjects/Flutter_Project/build/macos/Build/Intermediates.noindex/EagerLinkingTBDs/Debug -L/Users/andreea/StudioProjects/Flutter_Project/build/macos/Build/Products/Debug/url_launcher_macos -L/Applications/Xcode.app/Contents/Developer/Toolchains/XcodeDefault.xctoolchain/usr/lib/swift/macosx -L/Applications/Xcode.app/Contents/Developer/Platforms/MacOSX.platform/Developer/SDKs/MacOSX15.4.sdk/usr/lib/swift -F/Users/andreea/StudioProjects/Flutter_Project/build/macos/Build/Intermediates.noindex/EagerLinkingTBDs/Debug -F/Users/andreea/StudioProjects/Flutter_Project/build/macos/Build/Products/Debug/url_launcher_macos -F/Users/andreea/StudioProjects/development/flutter_honoo/bin/cache/artifacts/engine/darwin-x64 -filelist /Users/andreea/StudioProjects/Flutter_Project/build/macos/Build/Intermediates.noindex/Pods.build/Debug/url_launcher_macos.build/Objects-normal/arm64/url_launcher_macos.LinkFileList -install_name @rpath/url_launcher_macos.framework/Versions/A/url_launcher_macos -Xlinker -rpath -Xlinker /usr/lib/swift -Xlinker -rpath -Xlinker @executable_path/../Frameworks -Xlinker -rpath -Xlinker @loader_path/Frameworks -Xlinker -object_path_lto -Xlinker /Users/andreea/StudioProjects/Flutter_Project/build/macos/Build/Intermediates.noindex/Pods.build/Debug/url_launcher_macos.build/Objects-normal/arm64/url_launcher_macos_lto.o -rdynamic -Xlinker -no_deduplicate -Xlinker -dependency_info -Xlinker /Users/andreea/StudioProjects/Flutter_Project/build/macos/Build/Intermediates.noindex/Pods.build/Debug/url_launcher_macos.build/Objects-normal/arm64/url_launcher_macos_dependency_info.dat -fobjc-arc -fobjc-link-runtime -L/Applications/Xcode.app/Contents/Developer/Toolchains/XcodeDefault.xctoolchain/usr/lib/swift/macosx -L/usr/lib/swift -Xlinker -add_ast_path -Xlinker /Users/andreea/StudioProjects/Flutter_Project/build/macos/Build/Intermediates.noindex/Pods.build/Debug/url_launcher_macos.build/Objects-normal/arm64/url_launcher_macos.swiftmodule -framework Cocoa -compatibility_version 1 -current_version 1 -o /Users/andreea/StudioProjects/Flutter_Project/build/macos/Build/Products/Debug/url_launcher_macos/url_launcher_macos.framework/Versions/A/url_launcher_macos
[ +315 ms] Ld /Users/andreea/StudioProjects/Flutter_Project/build/macos/Build/Products/Debug/app_links/app_links.framework/Versions/A/app_links normal (in target 'app_links' from project 'Pods')
[        ]     cd /Users/andreea/StudioProjects/Flutter_Project/macos/Pods
[        ]     /Applications/Xcode.app/Contents/Developer/Toolchains/XcodeDefault.xctoolchain/usr/bin/clang -Xlinker -reproducible -target arm64-apple-macos10.14 -dynamiclib -isysroot /Applications/Xcode.app/Contents/Developer/Platforms/MacOSX.platform/Developer/SDKs/MacOSX15.4.sdk -O0 -L/Users/andreea/StudioProjects/Flutter_Project/build/macos/Build/Intermediates.noindex/EagerLinkingTBDs/Debug -L/Users/andreea/StudioProjects/Flutter_Project/build/macos/Build/Products/Debug/app_links -L/Applications/Xcode.app/Contents/Developer/Toolchains/XcodeDefault.xctoolchain/usr/lib/swift/macosx -L/Applications/Xcode.app/Contents/Developer/Platforms/MacOSX.platform/Developer/SDKs/MacOSX15.4.sdk/usr/lib/swift -F/Users/andreea/StudioProjects/Flutter_Project/build/macos/Build/Intermediates.noindex/EagerLinkingTBDs/Debug -F/Users/andreea/StudioProjects/Flutter_Project/build/macos/Build/Products/Debug/app_links -F/Users/andreea/StudioProjects/development/flutter_honoo/bin/cache/artifacts/engine/darwin-x64 -filelist /Users/andreea/StudioProjects/Flutter_Project/build/macos/Build/Intermediates.noindex/Pods.build/Debug/app_links.build/Objects-normal/arm64/app_links.LinkFileList -install_name @rpath/app_links.framework/Versions/A/app_links -Xlinker -rpath -Xlinker /usr/lib/swift -Xlinker -rpath -Xlinker @executable_path/../Frameworks -Xlinker -rpath -Xlinker @loader_path/Frameworks -Xlinker -object_path_lto -Xlinker /Users/andreea/StudioProjects/Flutter_Project/build/macos/Build/Intermediates.noindex/Pods.build/Debug/app_links.build/Objects-normal/arm64/app_links_lto.o -rdynamic -Xlinker -no_deduplicate -Xlinker -dependency_info -Xlinker /Users/andreea/StudioProjects/Flutter_Project/build/macos/Build/Intermediates.noindex/Pods.build/Debug/app_links.build/Objects-normal/arm64/app_links_dependency_info.dat -fobjc-arc -fobjc-link-runtime -L/Applications/Xcode.app/Contents/Developer/Toolchains/XcodeDefault.xctoolchain/usr/lib/swift/macosx -L/usr/lib/swift -Xlinker -add_ast_path -Xlinker /Users/andreea/StudioProjects/Flutter_Project/build/macos/Build/Intermediates.noindex/Pods.build/Debug/app_links.build/Objects-normal/arm64/app_links.swiftmodule -framework Cocoa -compatibility_version 1 -current_version 1 -o /Users/andreea/StudioProjects/Flutter_Project/build/macos/Build/Products/Debug/app_links/app_links.framework/Versions/A/app_links
[  +16 ms] Ld /Users/andreea/StudioProjects/Flutter_Project/build/macos/Build/Products/Debug/share_plus/share_plus.framework/Versions/A/share_plus normal (in target 'share_plus' from project 'Pods')
[        ]     cd /Users/andreea/StudioProjects/Flutter_Project/macos/Pods
[        ]     /Applications/Xcode.app/Contents/Developer/Toolchains/XcodeDefault.xctoolchain/usr/bin/clang -Xlinker -reproducible -target arm64-apple-macos10.14 -dynamiclib -isysroot /Applications/Xcode.app/Contents/Developer/Platforms/MacOSX.platform/Developer/SDKs/MacOSX15.4.sdk -O0 -L/Users/andreea/StudioProjects/Flutter_Project/build/macos/Build/Intermediates.noindex/EagerLinkingTBDs/Debug -L/Users/andreea/StudioProjects/Flutter_Project/build/macos/Build/Products/Debug/share_plus -L/Applications/Xcode.app/Contents/Developer/Toolchains/XcodeDefault.xctoolchain/usr/lib/swift/macosx -L/Applications/Xcode.app/Contents/Developer/Platforms/MacOSX.platform/Developer/SDKs/MacOSX15.4.sdk/usr/lib/swift -F/Users/andreea/StudioProjects/Flutter_Project/build/macos/Build/Intermediates.noindex/EagerLinkingTBDs/Debug -F/Users/andreea/StudioProjects/Flutter_Project/build/macos/Build/Products/Debug/share_plus -F/Users/andreea/StudioProjects/development/flutter_honoo/bin/cache/artifacts/engine/darwin-x64 -filelist /Users/andreea/StudioProjects/Flutter_Project/build/macos/Build/Intermediates.noindex/Pods.build/Debug/share_plus.build/Objects-normal/arm64/share_plus.LinkFileList -install_name @rpath/share_plus.framework/Versions/A/share_plus -Xlinker -rpath -Xlinker /usr/lib/swift -Xlinker -rpath -Xlinker @executable_path/../Frameworks -Xlinker -rpath -Xlinker @loader_path/Frameworks -Xlinker -object_path_lto -Xlinker /Users/andreea/StudioProjects/Flutter_Project/build/macos/Build/Intermediates.noindex/Pods.build/Debug/share_plus.build/Objects-normal/arm64/share_plus_lto.o -rdynamic -Xlinker -no_deduplicate -Xlinker -dependency_info -Xlinker /Users/andreea/StudioProjects/Flutter_Project/build/macos/Build/Intermediates.noindex/Pods.build/Debug/share_plus.build/Objects-normal/arm64/share_plus_dependency_info.dat -fobjc-arc -fobjc-link-runtime -L/Applications/Xcode.app/Contents/Developer/Toolchains/XcodeDefault.xctoolchain/usr/lib/swift/macosx -L/usr/lib/swift -Xlinker -add_ast_path -Xlinker /Users/andreea/StudioProjects/Flutter_Project/build/macos/Build/Intermediates.noindex/Pods.build/Debug/share_plus.build/Objects-normal/arm64/share_plus.swiftmodule -framework Cocoa -compatibility_version 1 -current_version 1 -o /Users/andreea/StudioProjects/Flutter_Project/build/macos/Build/Products/Debug/share_plus/share_plus.framework/Versions/A/share_plus
[        ] Ld /Users/andreea/StudioProjects/Flutter_Project/build/macos/Build/Products/Debug/sign_in_with_apple/sign_in_with_apple.framework/Versions/A/sign_in_with_apple normal (in target 'sign_in_with_apple' from project 'Pods')
[        ]     cd /Users/andreea/StudioProjects/Flutter_Project/macos/Pods
[        ]     /Applications/Xcode.app/Contents/Developer/Toolchains/XcodeDefault.xctoolchain/usr/bin/clang -Xlinker -reproducible -target arm64-apple-macos10.14 -dynamiclib -isysroot /Applications/Xcode.app/Contents/Developer/Platforms/MacOSX.platform/Developer/SDKs/MacOSX15.4.sdk -O0 -L/Users/andreea/StudioProjects/Flutter_Project/build/macos/Build/Intermediates.noindex/EagerLinkingTBDs/Debug -L/Users/andreea/StudioProjects/Flutter_Project/build/macos/Build/Products/Debug/sign_in_with_apple -L/Applications/Xcode.app/Contents/Developer/Toolchains/XcodeDefault.xctoolchain/usr/lib/swift/macosx -L/Applications/Xcode.app/Contents/Developer/Platforms/MacOSX.platform/Developer/SDKs/MacOSX15.4.sdk/usr/lib/swift -F/Users/andreea/StudioProjects/Flutter_Project/build/macos/Build/Intermediates.noindex/EagerLinkingTBDs/Debug -F/Users/andreea/StudioProjects/Flutter_Project/build/macos/Build/Products/Debug/sign_in_with_apple -F/Users/andreea/StudioProjects/development/flutter_honoo/bin/cache/artifacts/engine/darwin-x64 -filelist /Users/andreea/StudioProjects/Flutter_Project/build/macos/Build/Intermediates.noindex/Pods.build/Debug/sign_in_with_apple.build/Objects-normal/arm64/sign_in_with_apple.LinkFileList -install_name @rpath/sign_in_with_apple.framework/Versions/A/sign_in_with_apple -Xlinker -rpath -Xlinker /usr/lib/swift -Xlinker -rpath -Xlinker @executable_path/../Frameworks -Xlinker -rpath -Xlinker @loader_path/Frameworks -Xlinker -object_path_lto -Xlinker /Users/andreea/StudioProjects/Flutter_Project/build/macos/Build/Intermediates.noindex/Pods.build/Debug/sign_in_with_apple.build/Objects-normal/arm64/sign_in_with_apple_lto.o -rdynamic -Xlinker -no_deduplicate -Xlinker -dependency_info -Xlinker /Users/andreea/StudioProjects/Flutter_Project/build/macos/Build/Intermediates.noindex/Pods.build/Debug/sign_in_with_apple.build/Objects-normal/arm64/sign_in_with_apple_dependency_info.dat -fobjc-arc -fobjc-link-runtime -L/Applications/Xcode.app/Contents/Developer/Toolchains/XcodeDefault.xctoolchain/usr/lib/swift/macosx -L/usr/lib/swift -Xlinker -add_ast_path -Xlinker /Users/andreea/StudioProjects/Flutter_Project/build/macos/Build/Intermediates.noindex/Pods.build/Debug/sign_in_with_apple.build/Objects-normal/arm64/sign_in_with_apple.swiftmodule -framework Cocoa -compatibility_version 1 -current_version 1 -o /Users/andreea/StudioProjects/Flutter_Project/build/macos/Build/Products/Debug/sign_in_with_apple/sign_in_with_apple.framework/Versions/A/sign_in_with_apple
[  +14 ms] Ld /Users/andreea/StudioProjects/Flutter_Project/build/macos/Build/Products/Debug/path_provider_foundation/path_provider_foundation.framework/Versions/A/path_provider_foundation normal (in target 'path_provider_foundation' from project 'Pods')
[        ]     cd /Users/andreea/StudioProjects/Flutter_Project/macos/Pods
[        ]     /Applications/Xcode.app/Contents/Developer/Toolchains/XcodeDefault.xctoolchain/usr/bin/clang -Xlinker -reproducible -target arm64-apple-macos10.14 -dynamiclib -isysroot /Applications/Xcode.app/Contents/Developer/Platforms/MacOSX.platform/Developer/SDKs/MacOSX15.4.sdk -O0 -L/Users/andreea/StudioProjects/Flutter_Project/build/macos/Build/Intermediates.noindex/EagerLinkingTBDs/Debug -L/Users/andreea/StudioProjects/Flutter_Project/build/macos/Build/Products/Debug/path_provider_foundation -L/Applications/Xcode.app/Contents/Developer/Toolchains/XcodeDefault.xctoolchain/usr/lib/swift/macosx -L/Applications/Xcode.app/Contents/Developer/Platforms/MacOSX.platform/Developer/SDKs/MacOSX15.4.sdk/usr/lib/swift -F/Users/andreea/StudioProjects/Flutter_Project/build/macos/Build/Intermediates.noindex/EagerLinkingTBDs/Debug -F/Users/andreea/StudioProjects/Flutter_Project/build/macos/Build/Products/Debug/path_provider_foundation -F/Users/andreea/StudioProjects/development/flutter_honoo/bin/cache/artifacts/engine/darwin-x64 -filelist /Users/andreea/StudioProjects/Flutter_Project/build/macos/Build/Intermediates.noindex/Pods.build/Debug/path_provider_foundation.build/Objects-normal/arm64/path_provider_foundation.LinkFileList -install_name @rpath/path_provider_foundation.framework/Versions/A/path_provider_foundation -Xlinker -rpath -Xlinker /usr/lib/swift -Xlinker -rpath -Xlinker @executable_path/../Frameworks -Xlinker -rpath -Xlinker @loader_path/Frameworks -Xlinker -object_path_lto -Xlinker /Users/andreea/StudioProjects/Flutter_Project/build/macos/Build/Intermediates.noindex/Pods.build/Debug/path_provider_foundation.build/Objects-normal/arm64/path_provider_foundation_lto.o -rdynamic -Xlinker -no_deduplicate -Xlinker -dependency_info -Xlinker /Users/andreea/StudioProjects/Flutter_Project/build/macos/Build/Intermediates.noindex/Pods.build/Debug/path_provider_foundation.build/Objects-normal/arm64/path_provider_foundation_dependency_info.dat -fobjc-arc -fobjc-link-runtime -L/Applications/Xcode.app/Contents/Developer/Toolchains/XcodeDefault.xctoolchain/usr/lib/swift/macosx -L/usr/lib/swift -Xlinker -add_ast_path -Xlinker /Users/andreea/StudioProjects/Flutter_Project/build/macos/Build/Intermediates.noindex/Pods.build/Debug/path_provider_foundation.build/Objects-normal/arm64/path_provider_foundation.swiftmodule -framework Cocoa -compatibility_version 1 -current_version 1 -o /Users/andreea/StudioProjects/Flutter_Project/build/macos/Build/Products/Debug/path_provider_foundation/path_provider_foundation.framework/Versions/A/path_provider_foundation
[  +14 ms] Ld /Users/andreea/StudioProjects/Flutter_Project/build/macos/Build/Products/Debug/file_selector_macos/file_selector_macos.framework/Versions/A/file_selector_macos normal (in target 'file_selector_macos' from project 'Pods')
[        ]     cd /Users/andreea/StudioProjects/Flutter_Project/macos/Pods
[        ]     /Applications/Xcode.app/Contents/Developer/Toolchains/XcodeDefault.xctoolchain/usr/bin/clang -Xlinker -reproducible -target arm64-apple-macos10.14 -dynamiclib -isysroot /Applications/Xcode.app/Contents/Developer/Platforms/MacOSX.platform/Developer/SDKs/MacOSX15.4.sdk -O0 -L/Users/andreea/StudioProjects/Flutter_Project/build/macos/Build/Intermediates.noindex/EagerLinkingTBDs/Debug -L/Users/andreea/StudioProjects/Flutter_Project/build/macos/Build/Products/Debug/file_selector_macos -L/Applications/Xcode.app/Contents/Developer/Toolchains/XcodeDefault.xctoolchain/usr/lib/swift/macosx -L/Applications/Xcode.app/Contents/Developer/Platforms/MacOSX.platform/Developer/SDKs/MacOSX15.4.sdk/usr/lib/swift -F/Users/andreea/StudioProjects/Flutter_Project/build/macos/Build/Intermediates.noindex/EagerLinkingTBDs/Debug -F/Users/andreea/StudioProjects/Flutter_Project/build/macos/Build/Products/Debug/file_selector_macos -F/Users/andreea/StudioProjects/development/flutter_honoo/bin/cache/artifacts/engine/darwin-x64 -filelist /Users/andreea/StudioProjects/Flutter_Project/build/macos/Build/Intermediates.noindex/Pods.build/Debug/file_selector_macos.build/Objects-normal/arm64/file_selector_macos.LinkFileList -install_name @rpath/file_selector_macos.framework/Versions/A/file_selector_macos -Xlinker -rpath -Xlinker /usr/lib/swift -Xlinker -rpath -Xlinker @executable_path/../Frameworks -Xlinker -rpath -Xlinker @loader_path/Frameworks -Xlinker -object_path_lto -Xlinker /Users/andreea/StudioProjects/Flutter_Project/build/macos/Build/Intermediates.noindex/Pods.build/Debug/file_selector_macos.build/Objects-normal/arm64/file_selector_macos_lto.o -rdynamic -Xlinker -no_deduplicate -Xlinker -dependency_info -Xlinker /Users/andreea/StudioProjects/Flutter_Project/build/macos/Build/Intermediates.noindex/Pods.build/Debug/file_selector_macos.build/Objects-normal/arm64/file_selector_macos_dependency_info.dat -fobjc-arc -fobjc-link-runtime -L/Applications/Xcode.app/Contents/Developer/Toolchains/XcodeDefault.xctoolchain/usr/lib/swift/macosx -L/usr/lib/swift -Xlinker -add_ast_path -Xlinker /Users/andreea/StudioProjects/Flutter_Project/build/macos/Build/Intermediates.noindex/Pods.build/Debug/file_selector_macos.build/Objects-normal/arm64/file_selector_macos.swiftmodule -framework Cocoa -compatibility_version 1 -current_version 1 -o /Users/andreea/StudioProjects/Flutter_Project/build/macos/Build/Products/Debug/file_selector_macos/file_selector_macos.framework/Versions/A/file_selector_macos
[        ] Ld /Users/andreea/StudioProjects/Flutter_Project/build/macos/Build/Products/Debug/shared_preferences_foundation/shared_preferences_foundation.framework/Versions/A/shared_preferences_foundation normal (in target 'shared_preferences_foundation' from project 'Pods')
[        ]     cd /Users/andreea/StudioProjects/Flutter_Project/macos/Pods
[        ]     /Applications/Xcode.app/Contents/Developer/Toolchains/XcodeDefault.xctoolchain/usr/bin/clang -Xlinker -reproducible -target arm64-apple-macos10.14 -dynamiclib -isysroot /Applications/Xcode.app/Contents/Developer/Platforms/MacOSX.platform/Developer/SDKs/MacOSX15.4.sdk -O0 -L/Users/andreea/StudioProjects/Flutter_Project/build/macos/Build/Intermediates.noindex/EagerLinkingTBDs/Debug -L/Users/andreea/StudioProjects/Flutter_Project/build/macos/Build/Products/Debug/shared_preferences_foundation -L/Applications/Xcode.app/Contents/Developer/Toolchains/XcodeDefault.xctoolchain/usr/lib/swift/macosx -L/Applications/Xcode.app/Contents/Developer/Platforms/MacOSX.platform/Developer/SDKs/MacOSX15.4.sdk/usr/lib/swift -L/Applications/Xcode.app/Contents/Developer/Toolchains/XcodeDefault.xctoolchain/usr/lib/swift/macosx -L/Applications/Xcode.app/Contents/Developer/Platforms/MacOSX.platform/Developer/SDKs/MacOSX15.4.sdk/usr/lib/swift -F/Users/andreea/StudioProjects/Flutter_Project/build/macos/Build/Intermediates.noindex/EagerLinkingTBDs/Debug -F/Users/andreea/StudioProjects/Flutter_Project/build/macos/Build/Products/Debug/shared_preferences_foundation -F/Users/andreea/StudioProjects/development/flutter_honoo/bin/cache/artifacts/engine/darwin-x64 -filelist /Users/andreea/StudioProjects/Flutter_Project/build/macos/Build/Intermediates.noindex/Pods.build/Debug/shared_preferences_foundation.build/Objects-normal/arm64/shared_preferences_foundation.LinkFileList -install_name @rpath/shared_preferences_foundation.framework/Versions/A/shared_preferences_foundation -Xlinker -rpath -Xlinker /usr/lib/swift -Xlinker -object_path_lto -Xlinker /Users/andreea/StudioProjects/Flutter_Project/build/macos/Build/Intermediates.noindex/Pods.build/Debug/shared_preferences_foundation.build/Objects-normal/arm64/shared_preferences_foundation_lto.o -rdynamic -Xlinker -no_deduplicate -Xlinker -dependency_info -Xlinker /Users/andreea/StudioProjects/Flutter_Project/build/macos/Build/Intermediates.noindex/Pods.build/Debug/shared_preferences_foundation.build/Objects-normal/arm64/shared_preferences_foundation_dependency_info.dat -fobjc-arc -fobjc-link-runtime -L/Applications/Xcode.app/Contents/Developer/Toolchains/XcodeDefault.xctoolchain/usr/lib/swift/macosx -L/usr/lib/swift -Xlinker -add_ast_path -Xlinker /Users/andreea/StudioProjects/Flutter_Project/build/macos/Build/Intermediates.noindex/Pods.build/Debug/shared_preferences_foundation.build/Objects-normal/arm64/shared_preferences_foundation.swiftmodule -framework Cocoa -compatibility_version 1 -current_version 1 -o /Users/andreea/StudioProjects/Flutter_Project/build/macos/Build/Products/Debug/shared_preferences_foundation/shared_preferences_foundation.framework/Versions/A/shared_preferences_foundation
[        ] ExtractAppIntentsMetadata (in target 'url_launcher_macos' from project 'Pods')
[        ]     cd /Users/andreea/StudioProjects/Flutter_Project/macos/Pods
[        ]     /Applications/Xcode.app/Contents/Developer/Toolchains/XcodeDefault.xctoolchain/usr/bin/appintentsmetadataprocessor --toolchain-dir /Applications/Xcode.app/Contents/Developer/Toolchains/XcodeDefault.xctoolchain --module-name url_launcher_macos --sdk-root /Applications/Xcode.app/Contents/Developer/Platforms/MacOSX.platform/Developer/SDKs/MacOSX15.4.sdk --xcode-version 16E140 --platform-family macOS --deployment-target 10.14 --bundle-identifier org.cocoapods.url-launcher-macos --output /Users/andreea/StudioProjects/Flutter_Project/build/macos/Build/Products/Debug/url_launcher_macos/url_launcher_macos.framework/Versions/A/Resources --target-triple arm64-apple-macos10.14 --binary-file /Users/andreea/StudioProjects/Flutter_Project/build/macos/Build/Products/Debug/url_launcher_macos/url_launcher_macos.framework/Versions/A/url_launcher_macos --dependency-file /Users/andreea/StudioProjects/Flutter_Project/build/macos/Build/Intermediates.noindex/Pods.build/Debug/url_launcher_macos.build/Objects-normal/arm64/url_launcher_macos_dependency_info.dat --stringsdata-file /Users/andreea/StudioProjects/Flutter_Project/build/macos/Build/Intermediates.noindex/Pods.build/Debug/url_launcher_macos.build/Objects-normal/arm64/ExtractedAppShortcutsMetadata.stringsdata --source-file-list /Users/andreea/StudioProjects/Flutter_Project/build/macos/Build/Intermediates.noindex/Pods.build/Debug/url_launcher_macos.build/Objects-normal/arm64/url_launcher_macos.SwiftFileList --metadata-file-list /Users/andreea/StudioProjects/Flutter_Project/build/macos/Build/Intermediates.noindex/Pods.build/Debug/url_launcher_macos.build/url_launcher_macos.DependencyMetadataFileList --static-metadata-file-list /Users/andreea/StudioProjects/Flutter_Project/build/macos/Build/Intermediates.noindex/Pods.build/Debug/url_launcher_macos.build/url_launcher_macos.DependencyStaticMetadataFileList --swift-const-vals-list /Users/andreea/StudioProjects/Flutter_Project/build/macos/Build/Intermediates.noindex/Pods.build/Debug/url_launcher_macos.build/Objects-normal/arm64/url_launcher_macos.SwiftConstValuesFileList --compile-time-extraction --deployment-aware-processing --validate-assistant-intents --no-app-shortcuts-localization
[        ] 2025-10-08 10:09:31.079 appintentsmetadataprocessor[17480:82419] Starting appintentsmetadataprocessor export
[        ] 2025-10-08 10:09:31.081 appintentsmetadataprocessor[17480:82419] warning: Metadata extraction skipped. No AppIntents.framework dependency found.
[        ] ExtractAppIntentsMetadata (in target 'share_plus' from project 'Pods')
[        ]     cd /Users/andreea/StudioProjects/Flutter_Project/macos/Pods
[        ]     /Applications/Xcode.app/Contents/Developer/Toolchains/XcodeDefault.xctoolchain/usr/bin/appintentsmetadataprocessor --toolchain-dir /Applications/Xcode.app/Contents/Developer/Toolchains/XcodeDefault.xctoolchain --module-name share_plus --sdk-root /Applications/Xcode.app/Contents/Developer/Platforms/MacOSX.platform/Developer/SDKs/MacOSX15.4.sdk --xcode-version 16E140 --platform-family macOS --deployment-target 10.14 --bundle-identifier org.cocoapods.share-plus --output /Users/andreea/StudioProjects/Flutter_Project/build/macos/Build/Products/Debug/share_plus/share_plus.framework/Versions/A/Resources --target-triple arm64-apple-macos10.14 --binary-file /Users/andreea/StudioProjects/Flutter_Project/build/macos/Build/Products/Debug/share_plus/share_plus.framework/Versions/A/share_plus --dependency-file /Users/andreea/StudioProjects/Flutter_Project/build/macos/Build/Intermediates.noindex/Pods.build/Debug/share_plus.build/Objects-normal/arm64/share_plus_dependency_info.dat --stringsdata-file /Users/andreea/StudioProjects/Flutter_Project/build/macos/Build/Intermediates.noindex/Pods.build/Debug/share_plus.build/Objects-normal/arm64/ExtractedAppShortcutsMetadata.stringsdata --source-file-list /Users/andreea/StudioProjects/Flutter_Project/build/macos/Build/Intermediates.noindex/Pods.build/Debug/share_plus.build/Objects-normal/arm64/share_plus.SwiftFileList --metadata-file-list /Users/andreea/StudioProjects/Flutter_Project/build/macos/Build/Intermediates.noindex/Pods.build/Debug/share_plus.build/share_plus.DependencyMetadataFileList --static-metadata-file-list /Users/andreea/StudioProjects/Flutter_Project/build/macos/Build/Intermediates.noindex/Pods.build/Debug/share_plus.build/share_plus.DependencyStaticMetadataFileList --swift-const-vals-list /Users/andreea/StudioProjects/Flutter_Project/build/macos/Build/Intermediates.noindex/Pods.build/Debug/share_plus.build/Objects-normal/arm64/share_plus.SwiftConstValuesFileList --compile-time-extraction --deployment-aware-processing --validate-assistant-intents --no-app-shortcuts-localization
[        ] 2025-10-08 10:09:31.079 appintentsmetadataprocessor[17481:82420] Starting appintentsmetadataprocessor export
[        ] 2025-10-08 10:09:31.080 appintentsmetadataprocessor[17481:82420] warning: Metadata extraction skipped. No AppIntents.framework dependency found.
[        ] ExtractAppIntentsMetadata (in target 'app_links' from project 'Pods')
[        ]     cd /Users/andreea/StudioProjects/Flutter_Project/macos/Pods
[        ]     /Applications/Xcode.app/Contents/Developer/Toolchains/XcodeDefault.xctoolchain/usr/bin/appintentsmetadataprocessor --toolchain-dir /Applications/Xcode.app/Contents/Developer/Toolchains/XcodeDefault.xctoolchain --module-name app_links --sdk-root /Applications/Xcode.app/Contents/Developer/Platforms/MacOSX.platform/Developer/SDKs/MacOSX15.4.sdk --xcode-version 16E140 --platform-family macOS --deployment-target 10.14 --bundle-identifier org.cocoapods.app-links --output /Users/andreea/StudioProjects/Flutter_Project/build/macos/Build/Products/Debug/app_links/app_links.framework/Versions/A/Resources --target-triple arm64-apple-macos10.14 --binary-file /Users/andreea/StudioProjects/Flutter_Project/build/macos/Build/Products/Debug/app_links/app_links.framework/Versions/A/app_links --dependency-file /Users/andreea/StudioProjects/Flutter_Project/build/macos/Build/Intermediates.noindex/Pods.build/Debug/app_links.build/Objects-normal/arm64/app_links_dependency_info.dat --stringsdata-file /Users/andreea/StudioProjects/Flutter_Project/build/macos/Build/Intermediates.noindex/Pods.build/Debug/app_links.build/Objects-normal/arm64/ExtractedAppShortcutsMetadata.stringsdata --source-file-list /Users/andreea/StudioProjects/Flutter_Project/build/macos/Build/Intermediates.noindex/Pods.build/Debug/app_links.build/Objects-normal/arm64/app_links.SwiftFileList --metadata-file-list /Users/andreea/StudioProjects/Flutter_Project/build/macos/Build/Intermediates.noindex/Pods.build/Debug/app_links.build/app_links.DependencyMetadataFileList --static-metadata-file-list /Users/andreea/StudioProjects/Flutter_Project/build/macos/Build/Intermediates.noindex/Pods.build/Debug/app_links.build/app_links.DependencyStaticMetadataFileList --swift-const-vals-list /Users/andreea/StudioProjects/Flutter_Project/build/macos/Build/Intermediates.noindex/Pods.build/Debug/app_links.build/Objects-normal/arm64/app_links.SwiftConstValuesFileList --compile-time-extraction --deployment-aware-processing --validate-assistant-intents --no-app-shortcuts-localization
[        ] 2025-10-08 10:09:31.087 appintentsmetadataprocessor[17482:82421] Starting appintentsmetadataprocessor export
[        ] 2025-10-08 10:09:31.089 appintentsmetadataprocessor[17482:82421] warning: Metadata extraction skipped. No AppIntents.framework dependency found.
[        ] ExtractAppIntentsMetadata (in target 'file_selector_macos' from project 'Pods')
[        ]     cd /Users/andreea/StudioProjects/Flutter_Project/macos/Pods
[        ]     /Applications/Xcode.app/Contents/Developer/Toolchains/XcodeDefault.xctoolchain/usr/bin/appintentsmetadataprocessor --toolchain-dir /Applications/Xcode.app/Contents/Developer/Toolchains/XcodeDefault.xctoolchain --module-name file_selector_macos --sdk-root /Applications/Xcode.app/Contents/Developer/Platforms/MacOSX.platform/Developer/SDKs/MacOSX15.4.sdk --xcode-version 16E140 --platform-family macOS --deployment-target 10.14 --bundle-identifier org.cocoapods.file-selector-macos --output /Users/andreea/StudioProjects/Flutter_Project/build/macos/Build/Products/Debug/file_selector_macos/file_selector_macos.framework/Versions/A/Resources --target-triple arm64-apple-macos10.14 --binary-file /Users/andreea/StudioProjects/Flutter_Project/build/macos/Build/Products/Debug/file_selector_macos/file_selector_macos.framework/Versions/A/file_selector_macos --dependency-file /Users/andreea/StudioProjects/Flutter_Project/build/macos/Build/Intermediates.noindex/Pods.build/Debug/file_selector_macos.build/Objects-normal/arm64/file_selector_macos_dependency_info.dat --stringsdata-file /Users/andreea/StudioProjects/Flutter_Project/build/macos/Build/Intermediates.noindex/Pods.build/Debug/file_selector_macos.build/Objects-normal/arm64/ExtractedAppShortcutsMetadata.stringsdata --source-file-list /Users/andreea/StudioProjects/Flutter_Project/build/macos/Build/Intermediates.noindex/Pods.build/Debug/file_selector_macos.build/Objects-normal/arm64/file_selector_macos.SwiftFileList --metadata-file-list /Users/andreea/StudioProjects/Flutter_Project/build/macos/Build/Intermediates.noindex/Pods.build/Debug/file_selector_macos.build/file_selector_macos.DependencyMetadataFileList --static-metadata-file-list /Users/andreea/StudioProjects/Flutter_Project/build/macos/Build/Intermediates.noindex/Pods.build/Debug/file_selector_macos.build/file_selector_macos.DependencyStaticMetadataFileList --swift-const-vals-list /Users/andreea/StudioProjects/Flutter_Project/build/macos/Build/Intermediates.noindex/Pods.build/Debug/file_selector_macos.build/Objects-normal/arm64/file_selector_macos.SwiftConstValuesFileList --compile-time-extraction --deployment-aware-processing --validate-assistant-intents --no-app-shortcuts-localization
[        ] 2025-10-08 10:09:31.090 appintentsmetadataprocessor[17483:82422] Starting appintentsmetadataprocessor export
[        ] 2025-10-08 10:09:31.092 appintentsmetadataprocessor[17483:82422] warning: Metadata extraction skipped. No AppIntents.framework dependency found.
[        ] ExtractAppIntentsMetadata (in target 'shared_preferences_foundation' from project 'Pods')
[        ]     cd /Users/andreea/StudioProjects/Flutter_Project/macos/Pods
[        ]     /Applications/Xcode.app/Contents/Developer/Toolchains/XcodeDefault.xctoolchain/usr/bin/appintentsmetadataprocessor --toolchain-dir /Applications/Xcode.app/Contents/Developer/Toolchains/XcodeDefault.xctoolchain --module-name shared_preferences_foundation --sdk-root /Applications/Xcode.app/Contents/Developer/Platforms/MacOSX.platform/Developer/SDKs/MacOSX15.4.sdk --xcode-version 16E140 --platform-family macOS --deployment-target 10.14 --bundle-identifier org.cocoapods.shared-preferences-foundation --output /Users/andreea/StudioProjects/Flutter_Project/build/macos/Build/Products/Debug/shared_preferences_foundation/shared_preferences_foundation.framework/Versions/A/Resources --target-triple arm64-apple-macos10.14 --binary-file /Users/andreea/StudioProjects/Flutter_Project/build/macos/Build/Products/Debug/shared_preferences_foundation/shared_preferences_foundation.framework/Versions/A/shared_preferences_foundation --dependency-file /Users/andreea/StudioProjects/Flutter_Project/build/macos/Build/Intermediates.noindex/Pods.build/Debug/shared_preferences_foundation.build/Objects-normal/arm64/shared_preferences_foundation_dependency_info.dat --stringsdata-file /Users/andreea/StudioProjects/Flutter_Project/build/macos/Build/Intermediates.noindex/Pods.build/Debug/shared_preferences_foundation.build/Objects-normal/arm64/ExtractedAppShortcutsMetadata.stringsdata --source-file-list /Users/andreea/StudioProjects/Flutter_Project/build/macos/Build/Intermediates.noindex/Pods.build/Debug/shared_preferences_foundation.build/Objects-normal/arm64/shared_preferences_foundation.SwiftFileList --metadata-file-list /Users/andreea/StudioProjects/Flutter_Project/build/macos/Build/Intermediates.noindex/Pods.build/Debug/shared_preferences_foundation.build/shared_preferences_foundation.DependencyMetadataFileList --static-metadata-file-list /Users/andreea/StudioProjects/Flutter_Project/build/macos/Build/Intermediates.noindex/Pods.build/Debug/shared_preferences_foundation.build/shared_preferences_foundation.DependencyStaticMetadataFileList --swift-const-vals-list /Users/andreea/StudioProjects/Flutter_Project/build/macos/Build/Intermediates.noindex/Pods.build/Debug/shared_preferences_foundation.build/Objects-normal/arm64/shared_preferences_foundation.SwiftConstValuesFileList --compile-time-extraction --deployment-aware-processing --validate-assistant-intents --no-app-shortcuts-localization
[   +5 ms] 2025-10-08 10:09:31.098 appintentsmetadataprocessor[17484:82423] Starting appintentsmetadataprocessor export
[        ] 2025-10-08 10:09:31.100 appintentsmetadataprocessor[17484:82423] warning: Metadata extraction skipped. No AppIntents.framework dependency found.
[        ] ExtractAppIntentsMetadata (in target 'sign_in_with_apple' from project 'Pods')
[        ]     cd /Users/andreea/StudioProjects/Flutter_Project/macos/Pods
[        ]     /Applications/Xcode.app/Contents/Developer/Toolchains/XcodeDefault.xctoolchain/usr/bin/appintentsmetadataprocessor --toolchain-dir /Applications/Xcode.app/Contents/Developer/Toolchains/XcodeDefault.xctoolchain --module-name sign_in_with_apple --sdk-root /Applications/Xcode.app/Contents/Developer/Platforms/MacOSX.platform/Developer/SDKs/MacOSX15.4.sdk --xcode-version 16E140 --platform-family macOS --deployment-target 10.14 --bundle-identifier org.cocoapods.sign-in-with-apple --output /Users/andreea/StudioProjects/Flutter_Project/build/macos/Build/Products/Debug/sign_in_with_apple/sign_in_with_apple.framework/Versions/A/Resources --target-triple arm64-apple-macos10.14 --binary-file /Users/andreea/StudioProjects/Flutter_Project/build/macos/Build/Products/Debug/sign_in_with_apple/sign_in_with_apple.framework/Versions/A/sign_in_with_apple --dependency-file /Users/andreea/StudioProjects/Flutter_Project/build/macos/Build/Intermediates.noindex/Pods.build/Debug/sign_in_with_apple.build/Objects-normal/arm64/sign_in_with_apple_dependency_info.dat --stringsdata-file /Users/andreea/StudioProjects/Flutter_Project/build/macos/Build/Intermediates.noindex/Pods.build/Debug/sign_in_with_apple.build/Objects-normal/arm64/ExtractedAppShortcutsMetadata.stringsdata --source-file-list /Users/andreea/StudioProjects/Flutter_Project/build/macos/Build/Intermediates.noindex/Pods.build/Debug/sign_in_with_apple.build/Objects-normal/arm64/sign_in_with_apple.SwiftFileList --metadata-file-list /Users/andreea/StudioProjects/Flutter_Project/build/macos/Build/Intermediates.noindex/Pods.build/Debug/sign_in_with_apple.build/sign_in_with_apple.DependencyMetadataFileList --static-metadata-file-list /Users/andreea/StudioProjects/Flutter_Project/build/macos/Build/Intermediates.noindex/Pods.build/Debug/sign_in_with_apple.build/sign_in_with_apple.DependencyStaticMetadataFileList --swift-const-vals-list /Users/andreea/StudioProjects/Flutter_Project/build/macos/Build/Intermediates.noindex/Pods.build/Debug/sign_in_with_apple.build/Objects-normal/arm64/sign_in_with_apple.SwiftConstValuesFileList --compile-time-extraction --deployment-aware-processing --validate-assistant-intents --no-app-shortcuts-localization
[        ] 2025-10-08 10:09:31.098 appintentsmetadataprocessor[17485:82424] Starting appintentsmetadataprocessor export
[        ] 2025-10-08 10:09:31.100 appintentsmetadataprocessor[17485:82424] warning: Metadata extraction skipped. No AppIntents.framework dependency found.
[        ] GenerateTAPI /Users/andreea/StudioProjects/Flutter_Project/build/macos/Build/Intermediates.noindex/EagerLinkingTBDs/Debug/share_plus.framework/Versions/A/share_plus.tbd (in target 'share_plus' from project 'Pods')
[        ]     cd /Users/andreea/StudioProjects/Flutter_Project/macos/Pods
[        ]     /Applications/Xcode.app/Contents/Developer/Toolchains/XcodeDefault.xctoolchain/usr/bin/tapi stubify -isysroot /Applications/Xcode.app/Contents/Developer/Platforms/MacOSX.platform/Developer/SDKs/MacOSX15.4.sdk -F/Users/andreea/StudioProjects/Flutter_Project/build/macos/Build/Products/Debug/share_plus -F/Users/andreea/StudioProjects/development/flutter_honoo/bin/cache/artifacts/engine/darwin-x64 -L/Users/andreea/StudioProjects/Flutter_Project/build/macos/Build/Products/Debug/share_plus -L/Applications/Xcode.app/Contents/Developer/Toolchains/XcodeDefault.xctoolchain/usr/lib/swift/macosx -L/Applications/Xcode.app/Contents/Developer/Platforms/MacOSX.platform/Developer/SDKs/MacOSX15.4.sdk/usr/lib/swift /Users/andreea/StudioProjects/Flutter_Project/build/macos/Build/Products/Debug/share_plus/share_plus.framework/Versions/A/share_plus -o /Users/andreea/StudioProjects/Flutter_Project/build/macos/Build/Intermediates.noindex/EagerLinkingTBDs/Debug/share_plus.framework/Versions/A/share_plus.tbd
[        ] GenerateTAPI /Users/andreea/StudioProjects/Flutter_Project/build/macos/Build/Intermediates.noindex/EagerLinkingTBDs/Debug/url_launcher_macos.framework/Versions/A/url_launcher_macos.tbd (in target 'url_launcher_macos' from project 'Pods')
[        ]     cd /Users/andreea/StudioProjects/Flutter_Project/macos/Pods
[        ]     /Applications/Xcode.app/Contents/Developer/Toolchains/XcodeDefault.xctoolchain/usr/bin/tapi stubify -isysroot /Applications/Xcode.app/Contents/Developer/Platforms/MacOSX.platform/Developer/SDKs/MacOSX15.4.sdk -F/Users/andreea/StudioProjects/Flutter_Project/build/macos/Build/Products/Debug/url_launcher_macos -F/Users/andreea/StudioProjects/development/flutter_honoo/bin/cache/artifacts/engine/darwin-x64 -L/Users/andreea/StudioProjects/Flutter_Project/build/macos/Build/Products/Debug/url_launcher_macos -L/Applications/Xcode.app/Contents/Developer/Toolchains/XcodeDefault.xctoolchain/usr/lib/swift/macosx -L/Applications/Xcode.app/Contents/Developer/Platforms/MacOSX.platform/Developer/SDKs/MacOSX15.4.sdk/usr/lib/swift /Users/andreea/StudioProjects/Flutter_Project/build/macos/Build/Products/Debug/url_launcher_macos/url_launcher_macos.framework/Versions/A/url_launcher_macos -o /Users/andreea/StudioProjects/Flutter_Project/build/macos/Build/Intermediates.noindex/EagerLinkingTBDs/Debug/url_launcher_macos.framework/Versions/A/url_launcher_macos.tbd
[        ] GenerateTAPI /Users/andreea/StudioProjects/Flutter_Project/build/macos/Build/Intermediates.noindex/EagerLinkingTBDs/Debug/app_links.framework/Versions/A/app_links.tbd (in target 'app_links' from project 'Pods')
[        ]     cd /Users/andreea/StudioProjects/Flutter_Project/macos/Pods
[        ]     /Applications/Xcode.app/Contents/Developer/Toolchains/XcodeDefault.xctoolchain/usr/bin/tapi stubify -isysroot /Applications/Xcode.app/Contents/Developer/Platforms/MacOSX.platform/Developer/SDKs/MacOSX15.4.sdk -F/Users/andreea/StudioProjects/Flutter_Project/build/macos/Build/Products/Debug/app_links -F/Users/andreea/StudioProjects/development/flutter_honoo/bin/cache/artifacts/engine/darwin-x64 -L/Users/andreea/StudioProjects/Flutter_Project/build/macos/Build/Products/Debug/app_links -L/Applications/Xcode.app/Contents/Developer/Toolchains/XcodeDefault.xctoolchain/usr/lib/swift/macosx -L/Applications/Xcode.app/Contents/Developer/Platforms/MacOSX.platform/Developer/SDKs/MacOSX15.4.sdk/usr/lib/swift /Users/andreea/StudioProjects/Flutter_Project/build/macos/Build/Products/Debug/app_links/app_links.framework/Versions/A/app_links -o /Users/andreea/StudioProjects/Flutter_Project/build/macos/Build/Intermediates.noindex/EagerLinkingTBDs/Debug/app_links.framework/Versions/A/app_links.tbd
[        ] RegisterExecutionPolicyException /Users/andreea/StudioProjects/Flutter_Project/build/macos/Build/Products/Debug/share_plus/share_plus.framework (in target 'share_plus' from project 'Pods')
[        ]     cd /Users/andreea/StudioProjects/Flutter_Project/macos/Pods
[        ]     builtin-RegisterExecutionPolicyException /Users/andreea/StudioProjects/Flutter_Project/build/macos/Build/Products/Debug/share_plus/share_plus.framework
[   +7 ms] RegisterExecutionPolicyException /Users/andreea/StudioProjects/Flutter_Project/build/macos/Build/Products/Debug/url_launcher_macos/url_launcher_macos.framework (in target 'url_launcher_macos' from project 'Pods')
[        ]     cd /Users/andreea/StudioProjects/Flutter_Project/macos/Pods
[        ]     builtin-RegisterExecutionPolicyException /Users/andreea/StudioProjects/Flutter_Project/build/macos/Build/Products/Debug/url_launcher_macos/url_launcher_macos.framework
[  +11 ms] GenerateTAPI /Users/andreea/StudioProjects/Flutter_Project/build/macos/Build/Intermediates.noindex/EagerLinkingTBDs/Debug/file_selector_macos.framework/Versions/A/file_selector_macos.tbd (in target 'file_selector_macos' from project 'Pods')
[        ]     cd /Users/andreea/StudioProjects/Flutter_Project/macos/Pods
[        ]     /Applications/Xcode.app/Contents/Developer/Toolchains/XcodeDefault.xctoolchain/usr/bin/tapi stubify -isysroot /Applications/Xcode.app/Contents/Developer/Platforms/MacOSX.platform/Developer/SDKs/MacOSX15.4.sdk -F/Users/andreea/StudioProjects/Flutter_Project/build/macos/Build/Products/Debug/file_selector_macos -F/Users/andreea/StudioProjects/development/flutter_honoo/bin/cache/artifacts/engine/darwin-x64 -L/Users/andreea/StudioProjects/Flutter_Project/build/macos/Build/Products/Debug/file_selector_macos -L/Applications/Xcode.app/Contents/Developer/Toolchains/XcodeDefault.xctoolchain/usr/lib/swift/macosx -L/Applications/Xcode.app/Contents/Developer/Platforms/MacOSX.platform/Developer/SDKs/MacOSX15.4.sdk/usr/lib/swift /Users/andreea/StudioProjects/Flutter_Project/build/macos/Build/Products/Debug/file_selector_macos/file_selector_macos.framework/Versions/A/file_selector_macos -o /Users/andreea/StudioProjects/Flutter_Project/build/macos/Build/Intermediates.noindex/EagerLinkingTBDs/Debug/file_selector_macos.framework/Versions/A/file_selector_macos.tbd
[        ] ExtractAppIntentsMetadata (in target 'path_provider_foundation' from project 'Pods')
[        ]     cd /Users/andreea/StudioProjects/Flutter_Project/macos/Pods
[        ]     /Applications/Xcode.app/Contents/Developer/Toolchains/XcodeDefault.xctoolchain/usr/bin/appintentsmetadataprocessor --toolchain-dir /Applications/Xcode.app/Contents/Developer/Toolchains/XcodeDefault.xctoolchain --module-name path_provider_foundation --sdk-root /Applications/Xcode.app/Contents/Developer/Platforms/MacOSX.platform/Developer/SDKs/MacOSX15.4.sdk --xcode-version 16E140 --platform-family macOS --deployment-target 10.14 --bundle-identifier org.cocoapods.path-provider-foundation --output /Users/andreea/StudioProjects/Flutter_Project/build/macos/Build/Products/Debug/path_provider_foundation/path_provider_foundation.framework/Versions/A/Resources --target-triple arm64-apple-macos10.14 --binary-file /Users/andreea/StudioProjects/Flutter_Project/build/macos/Build/Products/Debug/path_provider_foundation/path_provider_foundation.framework/Versions/A/path_provider_foundation --dependency-file /Users/andreea/StudioProjects/Flutter_Project/build/macos/Build/Intermediates.noindex/Pods.build/Debug/path_provider_foundation.build/Objects-normal/arm64/path_provider_foundation_dependency_info.dat --stringsdata-file /Users/andreea/StudioProjects/Flutter_Project/build/macos/Build/Intermediates.noindex/Pods.build/Debug/path_provider_foundation.build/Objects-normal/arm64/ExtractedAppShortcutsMetadata.stringsdata --source-file-list /Users/andreea/StudioProjects/Flutter_Project/build/macos/Build/Intermediates.noindex/Pods.build/Debug/path_provider_foundation.build/Objects-normal/arm64/path_provider_foundation.SwiftFileList --metadata-file-list /Users/andreea/StudioProjects/Flutter_Project/build/macos/Build/Intermediates.noindex/Pods.build/Debug/path_provider_foundation.build/path_provider_foundation.DependencyMetadataFileList --static-metadata-file-list /Users/andreea/StudioProjects/Flutter_Project/build/macos/Build/Intermediates.noindex/Pods.build/Debug/path_provider_foundation.build/path_provider_foundation.DependencyStaticMetadataFileList --swift-const-vals-list /Users/andreea/StudioProjects/Flutter_Project/build/macos/Build/Intermediates.noindex/Pods.build/Debug/path_provider_foundation.build/Objects-normal/arm64/path_provider_foundation.SwiftConstValuesFileList --compile-time-extraction --deployment-aware-processing --validate-assistant-intents --no-app-shortcuts-localization
[        ] 2025-10-08 10:09:31.110 appintentsmetadataprocessor[17490:82430] Starting appintentsmetadataprocessor export
[        ] 2025-10-08 10:09:31.111 appintentsmetadataprocessor[17490:82430] warning: Metadata extraction skipped. No AppIntents.framework dependency found.
[        ] RegisterExecutionPolicyException /Users/andreea/StudioProjects/Flutter_Project/build/macos/Build/Products/Debug/app_links/app_links.framework (in target 'app_links' from project 'Pods')
[        ]     cd /Users/andreea/StudioProjects/Flutter_Project/macos/Pods
[        ]     builtin-RegisterExecutionPolicyException /Users/andreea/StudioProjects/Flutter_Project/build/macos/Build/Products/Debug/app_links/app_links.framework
[  +10 ms] RegisterExecutionPolicyException /Users/andreea/StudioProjects/Flutter_Project/build/macos/Build/Products/Debug/file_selector_macos/file_selector_macos.framework (in target 'file_selector_macos' from project 'Pods')
[        ]     cd /Users/andreea/StudioProjects/Flutter_Project/macos/Pods
[        ]     builtin-RegisterExecutionPolicyException /Users/andreea/StudioProjects/Flutter_Project/build/macos/Build/Products/Debug/file_selector_macos/file_selector_macos.framework
[  +10 ms] GenerateTAPI /Users/andreea/StudioProjects/Flutter_Project/build/macos/Build/Intermediates.noindex/EagerLinkingTBDs/Debug/shared_preferences_foundation.framework/Versions/A/shared_preferences_foundation.tbd (in target 'shared_preferences_foundation' from project 'Pods')
[        ]     cd /Users/andreea/StudioProjects/Flutter_Project/macos/Pods
[        ]     /Applications/Xcode.app/Contents/Developer/Toolchains/XcodeDefault.xctoolchain/usr/bin/tapi stubify -isysroot /Applications/Xcode.app/Contents/Developer/Platforms/MacOSX.platform/Developer/SDKs/MacOSX15.4.sdk -F/Users/andreea/StudioProjects/Flutter_Project/build/macos/Build/Products/Debug/shared_preferences_foundation -F/Users/andreea/StudioProjects/development/flutter_honoo/bin/cache/artifacts/engine/darwin-x64 -L/Users/andreea/StudioProjects/Flutter_Project/build/macos/Build/Products/Debug/shared_preferences_foundation -L/Applications/Xcode.app/Contents/Developer/Toolchains/XcodeDefault.xctoolchain/usr/lib/swift/macosx -L/Applications/Xcode.app/Contents/Developer/Platforms/MacOSX.platform/Developer/SDKs/MacOSX15.4.sdk/usr/lib/swift -L/Applications/Xcode.app/Contents/Developer/Toolchains/XcodeDefault.xctoolchain/usr/lib/swift/macosx -L/Applications/Xcode.app/Contents/Developer/Platforms/MacOSX.platform/Developer/SDKs/MacOSX15.4.sdk/usr/lib/swift /Users/andreea/StudioProjects/Flutter_Project/build/macos/Build/Products/Debug/shared_preferences_foundation/shared_preferences_foundation.framework/Versions/A/shared_preferences_foundation -o /Users/andreea/StudioProjects/Flutter_Project/build/macos/Build/Intermediates.noindex/EagerLinkingTBDs/Debug/shared_preferences_foundation.framework/Versions/A/shared_preferences_foundation.tbd
[        ] GenerateTAPI /Users/andreea/StudioProjects/Flutter_Project/build/macos/Build/Intermediates.noindex/EagerLinkingTBDs/Debug/sign_in_with_apple.framework/Versions/A/sign_in_with_apple.tbd (in target 'sign_in_with_apple' from project 'Pods')
[        ]     cd /Users/andreea/StudioProjects/Flutter_Project/macos/Pods
[        ]     /Applications/Xcode.app/Contents/Developer/Toolchains/XcodeDefault.xctoolchain/usr/bin/tapi stubify -isysroot /Applications/Xcode.app/Contents/Developer/Platforms/MacOSX.platform/Developer/SDKs/MacOSX15.4.sdk -F/Users/andreea/StudioProjects/Flutter_Project/build/macos/Build/Products/Debug/sign_in_with_apple -F/Users/andreea/StudioProjects/development/flutter_honoo/bin/cache/artifacts/engine/darwin-x64 -L/Users/andreea/StudioProjects/Flutter_Project/build/macos/Build/Products/Debug/sign_in_with_apple -L/Applications/Xcode.app/Contents/Developer/Toolchains/XcodeDefault.xctoolchain/usr/lib/swift/macosx -L/Applications/Xcode.app/Contents/Developer/Platforms/MacOSX.platform/Developer/SDKs/MacOSX15.4.sdk/usr/lib/swift /Users/andreea/StudioProjects/Flutter_Project/build/macos/Build/Products/Debug/sign_in_with_apple/sign_in_with_apple.framework/Versions/A/sign_in_with_apple -o /Users/andreea/StudioProjects/Flutter_Project/build/macos/Build/Intermediates.noindex/EagerLinkingTBDs/Debug/sign_in_with_apple.framework/Versions/A/sign_in_with_apple.tbd
[        ] RegisterExecutionPolicyException /Users/andreea/StudioProjects/Flutter_Project/build/macos/Build/Products/Debug/shared_preferences_foundation/shared_preferences_foundation.framework (in target 'shared_preferences_foundation' from project 'Pods')
[        ]     cd /Users/andreea/StudioProjects/Flutter_Project/macos/Pods
[        ]     builtin-RegisterExecutionPolicyException /Users/andreea/StudioProjects/Flutter_Project/build/macos/Build/Products/Debug/shared_preferences_foundation/shared_preferences_foundation.framework
[   +9 ms] RegisterExecutionPolicyException /Users/andreea/StudioProjects/Flutter_Project/build/macos/Build/Products/Debug/sign_in_with_apple/sign_in_with_apple.framework (in target 'sign_in_with_apple' from project 'Pods')
[        ]     cd /Users/andreea/StudioProjects/Flutter_Project/macos/Pods
[        ]     builtin-RegisterExecutionPolicyException /Users/andreea/StudioProjects/Flutter_Project/build/macos/Build/Products/Debug/sign_in_with_apple/sign_in_with_apple.framework
[  +10 ms] Touch /Users/andreea/StudioProjects/Flutter_Project/build/macos/Build/Products/Debug/share_plus/share_plus.framework (in target 'share_plus' from project 'Pods')
[        ]     cd /Users/andreea/StudioProjects/Flutter_Project/macos/Pods
[        ]     /usr/bin/touch -c /Users/andreea/StudioProjects/Flutter_Project/build/macos/Build/Products/Debug/share_plus/share_plus.framework
[        ] SymLink /Users/andreea/StudioProjects/Flutter_Project/build/macos/Build/Intermediates.noindex/EagerLinkingTBDs/Debug/share_plus.framework/share_plus.tbd /Users/andreea/StudioProjects/Flutter_Project/build/macos/Build/Intermediates.noindex/EagerLinkingTBDs/Debug/share_plus.framework/Versions/A/share_plus.tbd (in target 'share_plus' from project 'Pods')
[        ]     cd /Users/andreea/StudioProjects/Flutter_Project/macos/Pods
[        ]     /bin/ln -sfh /Users/andreea/StudioProjects/Flutter_Project/build/macos/Build/Intermediates.noindex/EagerLinkingTBDs/Debug/share_plus.framework/Versions/A/share_plus.tbd /Users/andreea/StudioProjects/Flutter_Project/build/macos/Build/Intermediates.noindex/EagerLinkingTBDs/Debug/share_plus.framework/share_plus.tbd
[        ] GenerateTAPI /Users/andreea/StudioProjects/Flutter_Project/build/macos/Build/Intermediates.noindex/EagerLinkingTBDs/Debug/path_provider_foundation.framework/Versions/A/path_provider_foundation.tbd (in target 'path_provider_foundation' from project 'Pods')
[        ]     cd /Users/andreea/StudioProjects/Flutter_Project/macos/Pods
[        ]     /Applications/Xcode.app/Contents/Developer/Toolchains/XcodeDefault.xctoolchain/usr/bin/tapi stubify -isysroot /Applications/Xcode.app/Contents/Developer/Platforms/MacOSX.platform/Developer/SDKs/MacOSX15.4.sdk -F/Users/andreea/StudioProjects/Flutter_Project/build/macos/Build/Products/Debug/path_provider_foundation -F/Users/andreea/StudioProjects/development/flutter_honoo/bin/cache/artifacts/engine/darwin-x64 -L/Users/andreea/StudioProjects/Flutter_Project/build/macos/Build/Products/Debug/path_provider_foundation -L/Applications/Xcode.app/Contents/Developer/Toolchains/XcodeDefault.xctoolchain/usr/lib/swift/macosx -L/Applications/Xcode.app/Contents/Developer/Platforms/MacOSX.platform/Developer/SDKs/MacOSX15.4.sdk/usr/lib/swift /Users/andreea/StudioProjects/Flutter_Project/build/macos/Build/Products/Debug/path_provider_foundation/path_provider_foundation.framework/Versions/A/path_provider_foundation -o /Users/andreea/StudioProjects/Flutter_Project/build/macos/Build/Intermediates.noindex/EagerLinkingTBDs/Debug/path_provider_foundation.framework/Versions/A/path_provider_foundation.tbd
[        ] RegisterExecutionPolicyException /Users/andreea/StudioProjects/Flutter_Project/build/macos/Build/Products/Debug/path_provider_foundation/path_provider_foundation.framework (in target 'path_provider_foundation' from project 'Pods')
[        ]     cd /Users/andreea/StudioProjects/Flutter_Project/macos/Pods
[        ]     builtin-RegisterExecutionPolicyException /Users/andreea/StudioProjects/Flutter_Project/build/macos/Build/Products/Debug/path_provider_foundation/path_provider_foundation.framework
[  +10 ms] SymLink /Users/andreea/StudioProjects/Flutter_Project/build/macos/Build/Intermediates.noindex/EagerLinkingTBDs/Debug/url_launcher_macos.framework/url_launcher_macos.tbd /Users/andreea/StudioProjects/Flutter_Project/build/macos/Build/Intermediates.noindex/EagerLinkingTBDs/Debug/url_launcher_macos.framework/Versions/A/url_launcher_macos.tbd (in target 'url_launcher_macos' from project 'Pods')
[        ]     cd /Users/andreea/StudioProjects/Flutter_Project/macos/Pods
[        ]     /bin/ln -sfh /Users/andreea/StudioProjects/Flutter_Project/build/macos/Build/Intermediates.noindex/EagerLinkingTBDs/Debug/url_launcher_macos.framework/Versions/A/url_launcher_macos.tbd /Users/andreea/StudioProjects/Flutter_Project/build/macos/Build/Intermediates.noindex/EagerLinkingTBDs/Debug/url_launcher_macos.framework/url_launcher_macos.tbd
[        ] Touch /Users/andreea/StudioProjects/Flutter_Project/build/macos/Build/Products/Debug/url_launcher_macos/url_launcher_macos.framework (in target 'url_launcher_macos' from project 'Pods')
[        ]     cd /Users/andreea/StudioProjects/Flutter_Project/macos/Pods
[        ]     /usr/bin/touch -c /Users/andreea/StudioProjects/Flutter_Project/build/macos/Build/Products/Debug/url_launcher_macos/url_launcher_macos.framework
[        ] Touch /Users/andreea/StudioProjects/Flutter_Project/build/macos/Build/Products/Debug/app_links/app_links.framework (in target 'app_links' from project 'Pods')
[        ]     cd /Users/andreea/StudioProjects/Flutter_Project/macos/Pods
[        ]     /usr/bin/touch -c /Users/andreea/StudioProjects/Flutter_Project/build/macos/Build/Products/Debug/app_links/app_links.framework
[        ] SymLink /Users/andreea/StudioProjects/Flutter_Project/build/macos/Build/Intermediates.noindex/EagerLinkingTBDs/Debug/app_links.framework/app_links.tbd /Users/andreea/StudioProjects/Flutter_Project/build/macos/Build/Intermediates.noindex/EagerLinkingTBDs/Debug/app_links.framework/Versions/A/app_links.tbd (in target 'app_links' from project 'Pods')
[        ]     cd /Users/andreea/StudioProjects/Flutter_Project/macos/Pods
[        ]     /bin/ln -sfh /Users/andreea/StudioProjects/Flutter_Project/build/macos/Build/Intermediates.noindex/EagerLinkingTBDs/Debug/app_links.framework/Versions/A/app_links.tbd /Users/andreea/StudioProjects/Flutter_Project/build/macos/Build/Intermediates.noindex/EagerLinkingTBDs/Debug/app_links.framework/app_links.tbd
[        ] SymLink /Users/andreea/StudioProjects/Flutter_Project/build/macos/Build/Intermediates.noindex/EagerLinkingTBDs/Debug/file_selector_macos.framework/file_selector_macos.tbd /Users/andreea/StudioProjects/Flutter_Project/build/macos/Build/Intermediates.noindex/EagerLinkingTBDs/Debug/file_selector_macos.framework/Versions/A/file_selector_macos.tbd (in target 'file_selector_macos' from project 'Pods')
[        ]     cd /Users/andreea/StudioProjects/Flutter_Project/macos/Pods
[        ]     /bin/ln -sfh /Users/andreea/StudioProjects/Flutter_Project/build/macos/Build/Intermediates.noindex/EagerLinkingTBDs/Debug/file_selector_macos.framework/Versions/A/file_selector_macos.tbd /Users/andreea/StudioProjects/Flutter_Project/build/macos/Build/Intermediates.noindex/EagerLinkingTBDs/Debug/file_selector_macos.framework/file_selector_macos.tbd
[        ] Touch /Users/andreea/StudioProjects/Flutter_Project/build/macos/Build/Products/Debug/file_selector_macos/file_selector_macos.framework (in target 'file_selector_macos' from project 'Pods')
[        ]     cd /Users/andreea/StudioProjects/Flutter_Project/macos/Pods
[        ]     /usr/bin/touch -c /Users/andreea/StudioProjects/Flutter_Project/build/macos/Build/Products/Debug/file_selector_macos/file_selector_macos.framework
[        ] SymLink /Users/andreea/StudioProjects/Flutter_Project/build/macos/Build/Intermediates.noindex/EagerLinkingTBDs/Debug/shared_preferences_foundation.framework/shared_preferences_foundation.tbd /Users/andreea/StudioProjects/Flutter_Project/build/macos/Build/Intermediates.noindex/EagerLinkingTBDs/Debug/shared_preferences_foundation.framework/Versions/A/shared_preferences_foundation.tbd (in target 'shared_preferences_foundation' from project 'Pods')
[        ]     cd /Users/andreea/StudioProjects/Flutter_Project/macos/Pods
[        ]     /bin/ln -sfh /Users/andreea/StudioProjects/Flutter_Project/build/macos/Build/Intermediates.noindex/EagerLinkingTBDs/Debug/shared_preferences_foundation.framework/Versions/A/shared_preferences_foundation.tbd /Users/andreea/StudioProjects/Flutter_Project/build/macos/Build/Intermediates.noindex/EagerLinkingTBDs/Debug/shared_preferences_foundation.framework/shared_preferences_foundation.tbd
[        ] Touch /Users/andreea/StudioProjects/Flutter_Project/build/macos/Build/Products/Debug/shared_preferences_foundation/shared_preferences_foundation.framework (in target 'shared_preferences_foundation' from project 'Pods')
[        ]     cd /Users/andreea/StudioProjects/Flutter_Project/macos/Pods
[        ]     /usr/bin/touch -c /Users/andreea/StudioProjects/Flutter_Project/build/macos/Build/Products/Debug/shared_preferences_foundation/shared_preferences_foundation.framework
[        ] Touch /Users/andreea/StudioProjects/Flutter_Project/build/macos/Build/Products/Debug/sign_in_with_apple/sign_in_with_apple.framework (in target 'sign_in_with_apple' from project 'Pods')
[        ]     cd /Users/andreea/StudioProjects/Flutter_Project/macos/Pods
[        ]     /usr/bin/touch -c /Users/andreea/StudioProjects/Flutter_Project/build/macos/Build/Products/Debug/sign_in_with_apple/sign_in_with_apple.framework
[        ] SymLink /Users/andreea/StudioProjects/Flutter_Project/build/macos/Build/Intermediates.noindex/EagerLinkingTBDs/Debug/sign_in_with_apple.framework/sign_in_with_apple.tbd /Users/andreea/StudioProjects/Flutter_Project/build/macos/Build/Intermediates.noindex/EagerLinkingTBDs/Debug/sign_in_with_apple.framework/Versions/A/sign_in_with_apple.tbd (in target 'sign_in_with_apple' from project 'Pods')
[        ]     cd /Users/andreea/StudioProjects/Flutter_Project/macos/Pods
[        ]     /bin/ln -sfh /Users/andreea/StudioProjects/Flutter_Project/build/macos/Build/Intermediates.noindex/EagerLinkingTBDs/Debug/sign_in_with_apple.framework/Versions/A/sign_in_with_apple.tbd /Users/andreea/StudioProjects/Flutter_Project/build/macos/Build/Intermediates.noindex/EagerLinkingTBDs/Debug/sign_in_with_apple.framework/sign_in_with_apple.tbd
[        ] Touch /Users/andreea/StudioProjects/Flutter_Project/build/macos/Build/Products/Debug/path_provider_foundation/path_provider_foundation.framework (in target 'path_provider_foundation' from project 'Pods')
[        ]     cd /Users/andreea/StudioProjects/Flutter_Project/macos/Pods
[        ]     /usr/bin/touch -c /Users/andreea/StudioProjects/Flutter_Project/build/macos/Build/Products/Debug/path_provider_foundation/path_provider_foundation.framework
[   +1 ms] SymLink /Users/andreea/StudioProjects/Flutter_Project/build/macos/Build/Intermediates.noindex/EagerLinkingTBDs/Debug/path_provider_foundation.framework/path_provider_foundation.tbd /Users/andreea/StudioProjects/Flutter_Project/build/macos/Build/Intermediates.noindex/EagerLinkingTBDs/Debug/path_provider_foundation.framework/Versions/A/path_provider_foundation.tbd (in target 'path_provider_foundation' from project 'Pods')
[        ]     cd /Users/andreea/StudioProjects/Flutter_Project/macos/Pods
[        ]     /bin/ln -sfh /Users/andreea/StudioProjects/Flutter_Project/build/macos/Build/Intermediates.noindex/EagerLinkingTBDs/Debug/path_provider_foundation.framework/Versions/A/path_provider_foundation.tbd /Users/andreea/StudioProjects/Flutter_Project/build/macos/Build/Intermediates.noindex/EagerLinkingTBDs/Debug/path_provider_foundation.framework/path_provider_foundation.tbd
[   +5 ms] PhaseScriptExecution Run\ Script /Users/andreea/StudioProjects/Flutter_Project/build/macos/Build/Intermediates.noindex/Runner.build/Debug/Flutter\ Assemble.build/Script-33CC111E2044C6BF0003C045.sh (in target 'Flutter Assemble' from project 'Runner')
[        ]     cd /Users/andreea/StudioProjects/Flutter_Project/macos
[        ]     export ACTION\=build
[        ]     export AD_HOC_CODE_SIGNING_ALLOWED\=YES
[        ]     export ALLOW_BUILD_REQUEST_OVERRIDES\=NO
[        ]     export ALLOW_TARGET_PLATFORM_SPECIALIZATION\=NO
[        ]     export ALTERNATE_GROUP\=staff
[        ]     export ALTERNATE_MODE\=u+w,go-w,a+rX
[        ]     export ALTERNATE_OWNER\=andreea
[        ]     export ALTERNATIVE_DISTRIBUTION_WEB\=NO
[        ]     export ALWAYS_EMBED_SWIFT_STANDARD_LIBRARIES\=YES
[        ]     export ALWAYS_SEARCH_USER_PATHS\=NO
[        ]     export ALWAYS_USE_SEPARATE_HEADERMAPS\=NO
[        ]     export APPLICATION_EXTENSION_API_ONLY\=NO
[        ]     export APPLY_RULES_IN_COPY_FILES\=NO
[        ]     export APPLY_RULES_IN_COPY_HEADERS\=NO
[        ]     export APP_SHORTCUTS_ENABLE_FLEXIBLE_MATCHING\=YES
[        ]     export ARCHS\=arm64
[        ]     export ARCHS_STANDARD\=arm64\ x86_64
[        ]     export ARCHS_STANDARD_32_64_BIT\=arm64\ x86_64\ i386
[        ]     export ARCHS_STANDARD_32_BIT\=i386
[        ]     export ARCHS_STANDARD_64_BIT\=arm64\ x86_64
[        ]     export ARCHS_STANDARD_INCLUDING_64_BIT\=arm64\ x86_64
[        ]     export AUTOMATICALLY_MERGE_DEPENDENCIES\=NO
[        ]     export AVAILABLE_PLATFORMS\=android\ appletvos\ appletvsimulator\ driverkit\ iphoneos\ iphonesimulator\ macosx\ qnx\ watchos\ watchsimulator\ xros\ xrsimulator
[        ]     export BITCODE_GENERATION_MODE\=marker
[        ]     export BUILD_ACTIVE_RESOURCES_ONLY\=NO
[        ]     export BUILD_COMPONENTS\=headers\ build
[        ]     export BUILD_DIR\=/Users/andreea/StudioProjects/Flutter_Project/build/macos/Build/Products
[        ]     export BUILD_LIBRARY_FOR_DISTRIBUTION\=NO
[        ]     export BUILD_ROOT\=/Users/andreea/StudioProjects/Flutter_Project/build/macos/Build/Products
[        ]     export BUILD_STYLE\=
[        ]     export BUILD_VARIANTS\=normal
[        ]     export BUILT_PRODUCTS_DIR\=/Users/andreea/StudioProjects/Flutter_Project/build/macos/Build/Products/Debug
[        ]     export BUNDLE_CONTENTS_FOLDER_PATH\=Contents/
[        ]     export BUNDLE_CONTENTS_FOLDER_PATH_deep\=Contents/
[        ]     export BUNDLE_EXECUTABLE_FOLDER_NAME_deep\=MacOS
[        ]     export BUNDLE_EXECUTABLE_FOLDER_PATH\=Contents/MacOS
[        ]     export BUNDLE_EXTENSIONS_FOLDER_PATH\=Contents/Extensions
[        ]     export BUNDLE_FORMAT\=deep
[        ]     export BUNDLE_FRAMEWORKS_FOLDER_PATH\=Contents/Frameworks
[        ]     export BUNDLE_PLUGINS_FOLDER_PATH\=Contents/PlugIns
[        ]     export BUNDLE_PRIVATE_HEADERS_FOLDER_PATH\=Contents/PrivateHeaders
[        ]     export BUNDLE_PUBLIC_HEADERS_FOLDER_PATH\=Contents/Headers
[        ]     export CACHE_ROOT\=/var/folders/g4/znvpg_m16kb5c6ynh6zvz_5c0000gn/C/com.apple.DeveloperTools/16.3-16E140/Xcode
[        ]     export CCHROOT\=/var/folders/g4/znvpg_m16kb5c6ynh6zvz_5c0000gn/C/com.apple.DeveloperTools/16.3-16E140/Xcode
[        ]     export CHMOD\=/bin/chmod
[        ]     export CHOWN\=/usr/sbin/chown
[        ]     export CLANG_ANALYZER_NONNULL\=YES
[        ]     export CLANG_ANALYZER_NUMBER_OBJECT_CONVERSION\=YES_AGGRESSIVE
[        ]     export CLANG_CACHE_FINE_GRAINED_OUTPUTS\=YES
[        ]     export CLANG_CXX_LANGUAGE_STANDARD\=gnu++14
[        ]     export CLANG_CXX_LIBRARY\=libc++
[        ]     export CLANG_ENABLE_EXPLICIT_MODULES\=YES
[        ]     export CLANG_ENABLE_MODULES\=YES
[        ]     export CLANG_ENABLE_OBJC_ARC\=YES
[        ]     export CLANG_MODULES_BUILD_SESSION_FILE\=/Users/andreea/StudioProjects/Flutter_Project/build/macos/ModuleCache.noindex/Session.modulevalidation
[        ]     export CLANG_UNDEFINED_BEHAVIOR_SANITIZER_NULLABILITY\=YES
[        ]     export CLANG_WARN_BLOCK_CAPTURE_AUTORELEASING\=YES
[        ]     export CLANG_WARN_BOOL_CONVERSION\=YES
[        ]     export CLANG_WARN_COMMA\=YES
[        ]     export CLANG_WARN_CONSTANT_CONVERSION\=YES
[        ]     export CLANG_WARN_DEPRECATED_OBJC_IMPLEMENTATIONS\=YES
[        ]     export CLANG_WARN_DIRECT_OBJC_ISA_USAGE\=YES_ERROR
[        ]     export CLANG_WARN_DOCUMENTATION_COMMENTS\=YES
[        ]     export CLANG_WARN_EMPTY_BODY\=YES
[        ]     export CLANG_WARN_ENUM_CONVERSION\=YES
[        ]     export CLANG_WARN_INFINITE_RECURSION\=YES
[        ]     export CLANG_WARN_INT_CONVERSION\=YES
[        ]     export CLANG_WARN_NON_LITERAL_NULL_CONVERSION\=YES
[        ]     export CLANG_WARN_OBJC_IMPLICIT_RETAIN_SELF\=YES
[        ]     export CLANG_WARN_OBJC_LITERAL_CONVERSION\=YES
[        ]     export CLANG_WARN_OBJC_REPEATED_USE_OF_WEAK\=YES
[        ]     export CLANG_WARN_OBJC_ROOT_CLASS\=YES_ERROR
[        ]     export CLANG_WARN_PRAGMA_PACK\=YES
[        ]     export CLANG_WARN_QUOTED_INCLUDE_IN_FRAMEWORK_HEADER\=NO
[        ]     export CLANG_WARN_RANGE_LOOP_ANALYSIS\=YES
[        ]     export CLANG_WARN_STRICT_PROTOTYPES\=YES
[        ]     export CLANG_WARN_SUSPICIOUS_MOVE\=YES
[        ]     export CLANG_WARN_UNGUARDED_AVAILABILITY\=YES_AGGRESSIVE
[        ]     export CLANG_WARN_UNREACHABLE_CODE\=YES
[        ]     export CLANG_WARN__DUPLICATE_METHOD_MATCH\=YES
[        ]     export CLASS_FILE_DIR\=/Users/andreea/StudioProjects/Flutter_Project/build/macos/Build/Intermediates.noindex/Runner.build/Debug/Flutter\ Assemble.build/JavaClasses
[        ]     export CLEAN_PRECOMPS\=YES
[        ]     export CLONE_HEADERS\=NO
[        ]     export COCOAPODS_PARALLEL_CODE_SIGN\=true
[        ]     export CODESIGNING_FOLDER_PATH\=/Users/andreea/StudioProjects/Flutter_Project/build/macos/Build/Products/Debug/
[        ]     export CODE_SIGNING_ALLOWED\=NO
[        ]     export CODE_SIGNING_REQUIRED\=YES
[        ]     export CODE_SIGN_IDENTITY\=-
[        ]     export CODE_SIGN_IDENTITY_NO\=Apple\ Development
[        ]     export CODE_SIGN_IDENTITY_YES\=-
[        ]     export CODE_SIGN_INJECT_BASE_ENTITLEMENTS\=YES
[        ]     export CODE_SIGN_STYLE\=Manual
[        ]     export COLOR_DIAGNOSTICS\=NO
[        ]     export COMBINE_HIDPI_IMAGES\=NO
[        ]     export COMPILATION_CACHE_CAS_PATH\=/Users/andreea/StudioProjects/Flutter_Project/build/macos/CompilationCache.noindex
[        ]     export COMPILATION_CACHE_KEEP_CAS_DIRECTORY\=YES
[        ]     export COMPILER_INDEX_STORE_ENABLE\=NO
[        ]     export COMPOSITE_SDK_DIRS\=/Users/andreea/StudioProjects/Flutter_Project/build/macos/Build/Intermediates.noindex/CompositeSDKs
[        ]     export COMPRESS_PNG_FILES\=NO
[        ]     export CONFIGURATION\=Debug
[        ]     export CONFIGURATION_BUILD_DIR\=/Users/andreea/StudioProjects/Flutter_Project/build/macos/Build/Products/Debug
[        ]     export CONFIGURATION_TEMP_DIR\=/Users/andreea/StudioProjects/Flutter_Project/build/macos/Build/Intermediates.noindex/Runner.build/Debug
[        ]     export COPYING_PRESERVES_HFS_DATA\=NO
[        ]     export COPY_HEADERS_RUN_UNIFDEF\=NO
[        ]     export COPY_PHASE_STRIP\=NO
[        ]     export CP\=/bin/cp
[        ]     export CREATE_INFOPLIST_SECTION_IN_BINARY\=NO
[        ]     export CURRENT_ARCH\=undefined_arch
[        ]     export CURRENT_VARIANT\=normal
[        ]     export DART_DEFINES\=RkxVVFRFUl9XRUJfQVVUT19ERVRFQ1Q9dHJ1ZQ\=\=
[        ]     export DART_OBFUSCATION\=false
[        ]     export DEAD_CODE_STRIPPING\=NO
[        ]     export DEBUGGING_SYMBOLS\=YES
[        ]     export DEBUG_INFORMATION_FORMAT\=dwarf
[        ]     export DEBUG_INFORMATION_VERSION\=compiler-default
[        ]     export DEFAULT_COMPILER\=com.apple.compilers.llvm.clang.1_0
[        ]     export DEFAULT_DEXT_INSTALL_PATH\=/System/Library/DriverExtensions
[        ]     export DEFAULT_KEXT_INSTALL_PATH\=/System/Library/Extensions
[        ]     export DEFINES_MODULE\=NO
[        ]     export DEPLOYMENT_LOCATION\=NO
[        ]     export DEPLOYMENT_POSTPROCESSING\=NO
[        ]     export DEPLOYMENT_TARGET_SETTING_NAME\=MACOSX_DEPLOYMENT_TARGET
[        ]     export DEPLOYMENT_TARGET_SUGGESTED_VALUES\=10.13\ 10.14\ 10.15\ 11.0\ 11.1\ 11.2\ 11.3\ 11.4\ 11.5\ 12.0\ 12.2\ 12.3\ 12.4\ 13.0\ 13.1\ 13.2\ 13.3\ 13.4\ 13.5\ 14.0\ 14.1\ 14.2\ 14.3\ 14.4\ 14.5\ 14.6\ 15.0\ 15.1\ 15.2\ 15.3\ 15.4
[        ]     export DERIVED_FILES_DIR\=/Users/andreea/StudioProjects/Flutter_Project/build/macos/Build/Intermediates.noindex/Runner.build/Debug/Flutter\ Assemble.build/DerivedSources
[        ]     export DERIVED_FILE_DIR\=/Users/andreea/StudioProjects/Flutter_Project/build/macos/Build/Intermediates.noindex/Runner.build/Debug/Flutter\ Assemble.build/DerivedSources
[        ]     export DERIVED_SOURCES_DIR\=/Users/andreea/StudioProjects/Flutter_Project/build/macos/Build/Intermediates.noindex/Runner.build/Debug/Flutter\ Assemble.build/DerivedSources
[        ]     export DEVELOPER_APPLICATIONS_DIR\=/Applications/Xcode.app/Contents/Developer/Applications
[        ]     export DEVELOPER_BIN_DIR\=/Applications/Xcode.app/Contents/Developer/usr/bin
[        ]     export DEVELOPER_DIR\=/Applications/Xcode.app/Contents/Developer
[        ]     export DEVELOPER_FRAMEWORKS_DIR\=/Applications/Xcode.app/Contents/Developer/Library/Frameworks
[        ]     export DEVELOPER_FRAMEWORKS_DIR_QUOTED\=/Applications/Xcode.app/Contents/Developer/Library/Frameworks
[        ]     export DEVELOPER_LIBRARY_DIR\=/Applications/Xcode.app/Contents/Developer/Library
[        ]     export DEVELOPER_SDK_DIR\=/Applications/Xcode.app/Contents/Developer/Platforms/MacOSX.platform/Developer/SDKs
[        ]     export DEVELOPER_TOOLS_DIR\=/Applications/Xcode.app/Contents/Developer/Tools
[        ]     export DEVELOPER_USR_DIR\=/Applications/Xcode.app/Contents/Developer/usr
[        ]     export DEVELOPMENT_LANGUAGE\=en
[        ]     export DIAGNOSE_MISSING_TARGET_DEPENDENCIES\=YES
[        ]     export DIFF\=/usr/bin/diff
[        ]     export DONT_GENERATE_INFOPLIST_FILE\=NO
[        ]     export DSTROOT\=/tmp/Runner.dst
[        ]     export DT_TOOLCHAIN_DIR\=/Applications/Xcode.app/Contents/Developer/Toolchains/XcodeDefault.xctoolchain
[        ]     export DWARF_DSYM_FILE_NAME\=.dSYM
[        ]     export DWARF_DSYM_FILE_SHOULD_ACCOMPANY_PRODUCT\=NO
[        ]     export DWARF_DSYM_FOLDER_PATH\=/Users/andreea/StudioProjects/Flutter_Project/build/macos/Build/Products/Debug
[        ]     export DYNAMIC_LIBRARY_EXTENSION\=dylib
[        ]     export EAGER_COMPILATION_ALLOW_SCRIPTS\=NO
[        ]     export EAGER_LINKING\=NO
[        ]     export EMBEDDED_CONTENT_CONTAINS_SWIFT\=NO
[        ]     export EMBEDDED_PROFILE_NAME\=embedded.provisionprofile
[        ]     export EMBED_ASSET_PACKS_IN_PRODUCT_BUNDLE\=NO
[        ]     export ENABLE_APP_SANDBOX\=NO
[        ]     export ENABLE_BITCODE\=NO
[        ]     export ENABLE_CODE_COVERAGE\=YES
[        ]     export ENABLE_DEBUG_DYLIB\=NO
[        ]     export ENABLE_DEFAULT_HEADER_SEARCH_PATHS\=YES
[        ]     export ENABLE_DEFAULT_SEARCH_PATHS\=YES
[        ]     export ENABLE_HARDENED_RUNTIME\=NO
[        ]     export ENABLE_HEADER_DEPENDENCIES\=YES
[        ]     export ENABLE_INCOMING_NETWORK_CONNECTIONS\=NO
[        ]     export ENABLE_ON_DEMAND_RESOURCES\=NO
[        ]     export ENABLE_OUTGOING_NETWORK_CONNECTIONS\=NO
[        ]     export ENABLE_PREVIEWS\=NO
[        ]     export ENABLE_RESOURCE_ACCESS_AUDIO_INPUT\=NO
[        ]     export ENABLE_RESOURCE_ACCESS_BLUETOOTH\=NO
[        ]     export ENABLE_RESOURCE_ACCESS_CALENDARS\=NO
[        ]     export ENABLE_RESOURCE_ACCESS_CAMERA\=NO
[        ]     export ENABLE_RESOURCE_ACCESS_CONTACTS\=NO
[        ]     export ENABLE_RESOURCE_ACCESS_LOCATION\=NO
[        ]     export ENABLE_RESOURCE_ACCESS_PRINTING\=NO
[        ]     export ENABLE_RESOURCE_ACCESS_USB\=NO
[        ]     export ENABLE_SDK_IMPORTS\=NO
[        ]     export ENABLE_STRICT_OBJC_MSGSEND\=YES
[        ]     export ENABLE_TESTABILITY\=YES
[        ]     export ENABLE_TESTING_SEARCH_PATHS\=NO
[        ]     export ENABLE_USER_SCRIPT_SANDBOXING\=NO
[        ]     export ENABLE_XOJIT_PREVIEWS\=NO
[        ]     export ENFORCE_VALID_ARCHS\=YES
[        ]     export ENTITLEMENTS_DESTINATION\=Signature
[        ]     export ENTITLEMENTS_REQUIRED\=YES
[        ]     export EXCLUDED_INSTALLSRC_SUBDIRECTORY_PATTERNS\=.DS_Store\ .svn\ .git\ .hg\ CVS
[        ]     export EXCLUDED_RECURSIVE_SEARCH_PATH_SUBDIRECTORIES\=\*.nib\ \*.lproj\ \*.framework\ \*.gch\ \*.xcode\*\ \*.xcassets\ \(\*\)\ .DS_Store\ CVS\ .svn\ .git\ .hg\ \*.pbproj\ \*.pbxproj
[        ]     export FILE_LIST\=/Users/andreea/StudioProjects/Flutter_Project/build/macos/Build/Intermediates.noindex/Runner.build/Debug/Flutter\ Assemble.build/Objects/LinkFileList
[        ]     export FIXED_FILES_DIR\=/Users/andreea/StudioProjects/Flutter_Project/build/macos/Build/Intermediates.noindex/Runner.build/Debug/Flutter\ Assemble.build/FixedFiles
[        ]     export FLUTTER_APPLICATION_PATH\=/Users/andreea/StudioProjects/Flutter_Project
[        ]     export FLUTTER_BUILD_DIR\=build
[        ]     export FLUTTER_BUILD_NAME\=1.0.0
[        ]     export FLUTTER_BUILD_NUMBER\=1
[        ]     export FLUTTER_ROOT\=/Users/andreea/StudioProjects/development/flutter_honoo
[        ]     export FLUTTER_TARGET\=integration_test/smoke_app_starts_test.dart
[        ]     export FRAMEWORK_SEARCH_PATHS\=\ \"/Users/andreea/StudioProjects/Flutter_Project/build/macos/Build/Products/Debug/app_links\"\ \"/Users/andreea/StudioProjects/Flutter_Project/build/macos/Build/Products/Debug/file_selector_macos\"\ \"/Users/andreea/StudioProjects/Flutter_Project/build/macos/Build/Products/Debug/path_provider_foundation\"\ \"/Users/andreea/StudioProjects/Flutter_Project/build/macos/Build/Products/Debug/share_plus\"\ \"/Users/andreea/StudioProjects/Flutter_Project/build/macos/Build/Products/Debug/shared_preferences_foundation\"\ \"/Users/andreea/StudioProjects/Flutter_Project/build/macos/Build/Products/Debug/sign_in_with_apple\"\ \"/Users/andreea/StudioProjects/Flutter_Project/build/macos/Build/Products/Debug/url_launcher_macos\"
[        ]     export FRAMEWORK_VERSION\=A
[        ]     export FUSE_BUILD_PHASES\=YES
[        ]     export FUSE_BUILD_SCRIPT_PHASES\=NO
[        ]     export GCC3_VERSION\=3.3
[        ]     export GCC_C_LANGUAGE_STANDARD\=gnu11
[        ]     export GCC_DYNAMIC_NO_PIC\=NO
[        ]     export GCC_NO_COMMON_BLOCKS\=YES
[        ]     export GCC_OPTIMIZATION_LEVEL\=0
[        ]     export GCC_PFE_FILE_C_DIALECTS\=c\ objective-c\ c++\ objective-c++
[        ]     export GCC_PREPROCESSOR_DEFINITIONS\=DEBUG\=1\ \ COCOAPODS\=1
[        ]     export GCC_TREAT_WARNINGS_AS_ERRORS\=NO
[        ]     export GCC_VERSION\=com.apple.compilers.llvm.clang.1_0
[        ]     export GCC_VERSION_IDENTIFIER\=com_apple_compilers_llvm_clang_1_0
[        ]     export GCC_WARN_64_TO_32_BIT_CONVERSION\=YES
[        ]     export GCC_WARN_ABOUT_RETURN_TYPE\=YES_ERROR
[        ]     export GCC_WARN_SHADOW\=YES
[        ]     export GCC_WARN_STRICT_SELECTOR_MATCH\=YES
[        ]     export GCC_WARN_UNDECLARED_SELECTOR\=YES
[        ]     export GCC_WARN_UNINITIALIZED_AUTOS\=YES_AGGRESSIVE
[        ]     export GCC_WARN_UNUSED_FUNCTION\=YES
[        ]     export GCC_WARN_UNUSED_VARIABLE\=YES
[        ]     export GENERATED_MODULEMAP_DIR\=/Users/andreea/StudioProjects/Flutter_Project/build/macos/Build/Intermediates.noindex/GeneratedModuleMaps
[        ]     export GENERATE_INFOPLIST_FILE\=NO
[        ]     export GENERATE_INTERMEDIATE_TEXT_BASED_STUBS\=YES
[        ]     export GENERATE_MASTER_OBJECT_FILE\=NO
[        ]     export GENERATE_PKGINFO_FILE\=NO
[        ]     export GENERATE_PROFILING_CODE\=NO
[        ]     export GENERATE_TEXT_BASED_STUBS\=NO
[        ]     export GID\=20
[        ]     export GROUP\=staff
[        ]     export HEADERMAP_INCLUDES_FLAT_ENTRIES_FOR_TARGET_BEING_BUILT\=YES
[        ]     export HEADERMAP_INCLUDES_FRAMEWORK_ENTRIES_FOR_ALL_PRODUCT_TYPES\=YES
[        ]     export HEADERMAP_INCLUDES_FRAMEWORK_ENTRIES_FOR_TARGETS_NOT_BEING_BUILT\=YES
[        ]     export HEADERMAP_INCLUDES_NONPUBLIC_NONPRIVATE_HEADERS\=YES
[        ]     export HEADERMAP_INCLUDES_PROJECT_HEADERS\=YES
[        ]     export HEADERMAP_USES_FRAMEWORK_PREFIX_ENTRIES\=YES
[        ]     export HEADERMAP_USES_VFS\=NO
[        ]     export HEADER_SEARCH_PATHS\=\ \"/Users/andreea/StudioProjects/Flutter_Project/build/macos/Build/Products/Debug/app_links/app_links.framework/Headers\"\ \"/Users/andreea/StudioProjects/Flutter_Project/build/macos/Build/Products/Debug/file_selector_macos/file_selector_macos.framework/Headers\"\ \"/Users/andreea/StudioProjects/Flutter_Project/build/macos/Build/Products/Debug/path_provider_foundation/path_provider_foundation.framework/Headers\"\ \"/Users/andreea/StudioProjects/Flutter_Project/build/macos/Build/Products/Debug/share_plus/share_plus.framework/Headers\"\ \"/Users/andreea/StudioProjects/Flutter_Project/build/macos/Build/Products/Debug/shared_preferences_foundation/shared_preferences_foundation.framework/Headers\"\ \"/Users/andreea/StudioProjects/Flutter_Project/build/macos/Build/Products/Debug/sign_in_with_apple/sign_in_with_apple.framework/Headers\"\ \"/Users/andreea/StudioProjects/Flutter_Project/build/macos/Build/Products/Debug/url_launcher_macos/url_launcher_macos.framework/Headers\"
[        ]     export HIDE_BITCODE_SYMBOLS\=YES
[        ]     export HOME\=/Users/andreea
[        ]     export HOST_ARCH\=arm64
[        ]     export HOST_PLATFORM\=macosx
[        ]     export ICONV\=/usr/bin/iconv
[        ]     export IMPLICIT_DEPENDENCY_DOMAIN\=default
[        ]     export INFOPLIST_ENABLE_CFBUNDLEICONS_MERGE\=YES
[        ]     export INFOPLIST_EXPAND_BUILD_SETTINGS\=YES
[        ]     export INFOPLIST_OUTPUT_FORMAT\=same-as-input
[        ]     export INFOPLIST_PREPROCESS\=NO
[        ]     export INLINE_PRIVATE_FRAMEWORKS\=NO
[        ]     export INSTALLAPI_IGNORE_SKIP_INSTALL\=YES
[        ]     export INSTALLHDRS_COPY_PHASE\=NO
[        ]     export INSTALLHDRS_SCRIPT_PHASE\=NO
[        ]     export INSTALL_DIR\=/tmp/Runner.dst
[        ]     export INSTALL_GROUP\=staff
[        ]     export INSTALL_MODE_FLAG\=u+w,go-w,a+rX
[        ]     export INSTALL_OWNER\=andreea
[        ]     export INSTALL_ROOT\=/tmp/Runner.dst
[        ]     export IOS_UNZIPPERED_TWIN_PREFIX_PATH\=/System/iOSSupport
[        ]     export IS_MACCATALYST\=NO
[        ]     export IS_UNOPTIMIZED_BUILD\=YES
[        ]     export JAVAC_DEFAULT_FLAGS\=-J-Xms64m\ -J-XX:NewSize\=4M\ -J-Dfile.encoding\=UTF8
[        ]     export JAVA_APP_STUB\=/System/Library/Frameworks/JavaVM.framework/Resources/MacOS/JavaApplicationStub
[        ]     export JAVA_ARCHIVE_CLASSES\=YES
[        ]     export JAVA_ARCHIVE_TYPE\=JAR
[        ]     export JAVA_COMPILER\=/usr/bin/javac
[        ]     export JAVA_FRAMEWORK_RESOURCES_DIRS\=Resources
[        ]     export JAVA_JAR_FLAGS\=cv
[        ]     export JAVA_SOURCE_SUBDIR\=.
[        ]     export JAVA_USE_DEPENDENCIES\=YES
[        ]     export JAVA_ZIP_FLAGS\=-urg
[        ]     export JIKES_DEFAULT_FLAGS\=+E\ +OLDCSO
[        ]     export KASAN_CFLAGS_CLASSIC\=-DKASAN\=1\ -DKASAN_CLASSIC\=1\ -fsanitize\=address\ -mllvm\ -asan-globals-live-support\ -mllvm\ -asan-force-dynamic-shadow
[        ]     export KASAN_CFLAGS_TBI\=-DKASAN\=1\ -DKASAN_TBI\=1\ -fsanitize\=kernel-hwaddress\ -mllvm\ -hwasan-recover\=0\ -mllvm\ -hwasan-instrument-atomics\=0\ -mllvm\ -hwasan-instrument-stack\=1\ -mllvm\ -hwasan-generate-tags-with-calls\=1\ -mllvm\ -hwasan-instrument-with-calls\=1\ -mllvm\ -hwasan-use-short-granules\=0\ -mllvm\ -hwasan-memory-access-callback-prefix\=__asan_
[        ]     export KASAN_DEFAULT_CFLAGS\=-DKASAN\=1\ -DKASAN_CLASSIC\=1\ -fsanitize\=address\ -mllvm\ -asan-globals-live-support\ -mllvm\ -asan-force-dynamic-shadow
[        ]     export KEEP_PRIVATE_EXTERNS\=NO
[        ]     export LD_DEPENDENCY_INFO_FILE\=/Users/andreea/StudioProjects/Flutter_Project/build/macos/Build/Intermediates.noindex/Runner.build/Debug/Flutter\ Assemble.build/Objects-normal/undefined_arch/Flutter\ Assemble_dependency_info.dat
[        ]     export LD_EXPORT_SYMBOLS\=YES
[        ]     export LD_GENERATE_MAP_FILE\=NO
[        ]     export LD_MAP_FILE_PATH\=/Users/andreea/StudioProjects/Flutter_Project/build/macos/Build/Intermediates.noindex/Runner.build/Debug/Flutter\ Assemble.build/Flutter\ Assemble-LinkMap-normal-undefined_arch.txt
[        ]     export LD_NO_PIE\=NO
[        ]     export LD_QUOTE_LINKER_ARGUMENTS_FOR_COMPILER_DRIVER\=YES
[        ]     export LD_RUNPATH_SEARCH_PATHS\=\ /usr/lib/swift\ \'@executable_path/../Frameworks\'\ \'@loader_path/Frameworks\'\ \"/Applications/Xcode.app/Contents/Developer/Toolchains/XcodeDefault.xctoolchain/usr/lib/swift/macosx\"
[        ]     export LD_SHARED_CACHE_ELIGIBLE\=Automatic
[        ]     export LD_WARN_DUPLICATE_LIBRARIES\=NO
[        ]     export LD_WARN_UNUSED_DYLIBS\=NO
[        ]     export LEGACY_DEVELOPER_DIR\=/Applications/Xcode.app/Contents/PlugIns/Xcode3Core.ideplugin/Contents/SharedSupport/Developer
[        ]     export LEX\=lex
[        ]     export LIBRARY_DEXT_INSTALL_PATH\=/Library/DriverExtensions
[        ]     export LIBRARY_FLAG_NOSPACE\=YES
[        ]     export LIBRARY_KEXT_INSTALL_PATH\=/Library/Extensions
[        ]     export LIBRARY_SEARCH_PATHS\=\ \"/Applications/Xcode.app/Contents/Developer/Toolchains/XcodeDefault.xctoolchain/usr/lib/swift/macosx\"\ /usr/lib/swift\ /Applications/Xcode.app/Contents/Developer/Toolchains/XcodeDefault.xctoolchain/usr/lib/swift/macosx/\ /Applications/Xcode.app/Contents/Developer/Platforms/MacOSX.platform/Developer/SDKs/MacOSX15.4.sdk/usr/lib/swift
[        ]     export LINKER_DISPLAYS_MANGLED_NAMES\=NO
[        ]     export LINK_FILE_LIST_normal_arm64\=/Users/andreea/StudioProjects/Flutter_Project/build/macos/Build/Intermediates.noindex/Runner.build/Debug/Flutter\ Assemble.build/Objects-normal/arm64/Flutter\ Assemble.LinkFileList
[        ]     export LINK_OBJC_RUNTIME\=YES
[        ]     export LINK_WITH_STANDARD_LIBRARIES\=YES
[        ]     export LLVM_TARGET_TRIPLE_OS_VERSION\=macos10.14
[        ]     export LLVM_TARGET_TRIPLE_OS_VERSION_NO\=macos10.14
[        ]     export LLVM_TARGET_TRIPLE_OS_VERSION_YES\=macos15.4
[        ]     export LLVM_TARGET_TRIPLE_VENDOR\=apple
[        ]     export LM_AUX_CONST_METADATA_LIST_PATH_normal_arm64\=/Users/andreea/StudioProjects/Flutter_Project/build/macos/Build/Intermediates.noindex/Runner.build/Debug/Flutter\ Assemble.build/Objects-normal/arm64/Flutter\ Assemble.SwiftConstValuesFileList
[        ]     export LOCALIZATION_EXPORT_SUPPORTED\=YES
[        ]     export LOCALIZATION_PREFERS_STRING_CATALOGS\=NO
[        ]     export LOCALIZED_STRING_MACRO_NAMES\=NSLocalizedString\ CFCopyLocalizedString
[        ]     export LOCALIZED_STRING_SWIFTUI_SUPPORT\=YES
[        ]     export LOCAL_ADMIN_APPS_DIR\=/Applications/Utilities
[        ]     export LOCAL_APPS_DIR\=/Applications
[        ]     export LOCAL_DEVELOPER_DIR\=/Library/Developer
[        ]     export LOCAL_LIBRARY_DIR\=/Library
[        ]     export LOCROOT\=/Users/andreea/StudioProjects/Flutter_Project/macos
[        ]     export LOCSYMROOT\=/Users/andreea/StudioProjects/Flutter_Project/macos
[        ]     export MACOSX_DEPLOYMENT_TARGET\=10.14
[        ]     export MAC_OS_X_PRODUCT_BUILD_VERSION\=24G231
[        ]     export MAC_OS_X_VERSION_ACTUAL\=150701
[        ]     export MAC_OS_X_VERSION_MAJOR\=150000
[        ]     export MAC_OS_X_VERSION_MINOR\=150700
[        ]     export MAKE_MERGEABLE\=NO
[        ]     export MERGEABLE_LIBRARY\=NO
[        ]     export MERGED_BINARY_TYPE\=none
[        ]     export MERGE_LINKED_LIBRARIES\=NO
[        ]     export METAL_LIBRARY_FILE_BASE\=default
[        ]     export METAL_LIBRARY_OUTPUT_DIR\=/Users/andreea/StudioProjects/Flutter_Project/build/macos/Build/Products/Debug/
[        ]     export MODULE_CACHE_DIR\=/Users/andreea/StudioProjects/Flutter_Project/build/macos/ModuleCache.noindex
[        ]     export MTL_ENABLE_DEBUG_INFO\=YES
[        ]     export NATIVE_ARCH\=arm64
[        ]     export NATIVE_ARCH_32_BIT\=arm
[        ]     export NATIVE_ARCH_64_BIT\=arm64
[        ]     export NATIVE_ARCH_ACTUAL\=arm64
[        ]     export NO_COMMON\=YES
[        ]     export OBJECT_FILE_DIR\=/Users/andreea/StudioProjects/Flutter_Project/build/macos/Build/Intermediates.noindex/Runner.build/Debug/Flutter\ Assemble.build/Objects
[        ]     export OBJECT_FILE_DIR_normal\=/Users/andreea/StudioProjects/Flutter_Project/build/macos/Build/Intermediates.noindex/Runner.build/Debug/Flutter\ Assemble.build/Objects-normal
[        ]     export OBJROOT\=/Users/andreea/StudioProjects/Flutter_Project/build/macos/Build/Intermediates.noindex
[        ]     export ONLY_ACTIVE_ARCH\=YES
[        ]     export OS\=MACOS
[        ]     export OSAC\=/usr/bin/osacompile
[        ]     export OTHER_LDFLAGS\=\ -framework\ \"app_links\"\ -framework\ \"file_selector_macos\"\ -framework\ \"path_provider_foundation\"\ -framework\ \"share_plus\"\ -framework\ \"shared_preferences_foundation\"\ -framework\ \"sign_in_with_apple\"\ -framework\ \"url_launcher_macos\"
[        ]     export OTHER_MODULE_VERIFIER_FLAGS\=\ \"-F/Users/andreea/StudioProjects/Flutter_Project/build/macos/Build/Products/Debug/FlutterMacOS\"\ \"-F/Users/andreea/StudioProjects/Flutter_Project/build/macos/Build/Products/Debug/app_links\"\ \"-F/Users/andreea/StudioProjects/Flutter_Project/build/macos/Build/Products/Debug/file_selector_macos\"\ \"-F/Users/andreea/StudioProjects/Flutter_Project/build/macos/Build/Products/Debug/path_provider_foundation\"\ \"-F/Users/andreea/StudioProjects/Flutter_Project/build/macos/Build/Products/Debug/share_plus\"\ \"-F/Users/andreea/StudioProjects/Flutter_Project/build/macos/Build/Products/Debug/shared_preferences_foundation\"\ \"-F/Users/andreea/StudioProjects/Flutter_Project/build/macos/Build/Products/Debug/sign_in_with_apple\"\ \"-F/Users/andreea/StudioProjects/Flutter_Project/build/macos/Build/Products/Debug/url_launcher_macos\"
[        ]     export OTHER_SWIFT_FLAGS\=\ -D\ COCOAPODS
[        ]     export PACKAGE_CONFIG\=/Users/andreea/StudioProjects/Flutter_Project/.dart_tool/package_config.json
[        ]     export PASCAL_STRINGS\=YES
[        ]     export PATH\=/Applications/Xcode.app/Contents/SharedFrameworks/SwiftBuild.framework/Versions/A/PlugIns/SWBBuildService.bundle/Contents/PlugIns/SWBUniversalPlatformPlugin.bundle/Contents/Frameworks/SWBUniversalPlatform.framework/Resources:/Applications/Xcode.app/Contents/Developer/Toolchains/XcodeDefault.xctoolchain/usr/bin:/Applications/Xcode.app/Contents/Developer/Toolchains/XcodeDefault.xctoolchain/usr/local/bin:/Applications/Xcode.app/Contents/Developer/Toolchains/XcodeDefault.xctoolchain/usr/libexec:/Applications/Xcode.app/Contents/Developer/Platforms/MacOSX.platform/usr/bin:/Applications/Xcode.app/Contents/Developer/Platforms/MacOSX.platform/usr/local/bin:/Applications/Xcode.app/Contents/Developer/Platforms/MacOSX.platform/Developer/usr/bin:/Applications/Xcode.app/Contents/Developer/Platforms/MacOSX.platform/Developer/usr/local/bin:/Applications/Xcode.app/Contents/Developer/usr/bin:/Applications/Xcode.app/Contents/Developer/usr/local/bin:/usr/local/bin:/System/Cryptexes/App/usr/bin:/usr/bin:/bin:/usr/sbin:/sbin:/var/run/com.apple.security.cryptexd/codex.system/bootstrap/usr/local/bin:/var/run/com.apple.security.cryptexd/codex.system/bootstrap/usr/bin:/var/run/com.apple.security.cryptexd/codex.system/bootstrap/usr/appleinternal/bin:/Library/Apple/usr/bin:/var/folders/g4/znvpg_m16kb5c6ynh6zvz_5c0000gn/T/.tmpvh7lNq:/Users/andreea/.npm-global/lib/node_modules/@openai/codex/vendor/aarch64-apple-darwin/path:/Users/andreea/.npm-global/bin:/opt/homebrew/opt/ruby/bin:/opt/homebrew/bin:/opt/homebrew/sbin:/Users/andreea/flutter/bin
[        ]     export PATH_PREFIXES_EXCLUDED_FROM_HEADER_DEPENDENCIES\=/usr/include\ /usr/local/include\ /System/Library/Frameworks\ /System/Library/PrivateFrameworks\ /Applications/Xcode.app/Contents/Developer/Headers\ /Applications/Xcode.app/Contents/Developer/SDKs\ /Applications/Xcode.app/Contents/Developer/Platforms
[        ]     export PER_ARCH_MODULE_FILE_DIR\=/Users/andreea/StudioProjects/Flutter_Project/build/macos/Build/Intermediates.noindex/Runner.build/Debug/Flutter\ Assemble.build/Objects-normal/undefined_arch
[        ]     export PER_ARCH_OBJECT_FILE_DIR\=/Users/andreea/StudioProjects/Flutter_Project/build/macos/Build/Intermediates.noindex/Runner.build/Debug/Flutter\ Assemble.build/Objects-normal/undefined_arch
[        ]     export PER_VARIANT_OBJECT_FILE_DIR\=/Users/andreea/StudioProjects/Flutter_Project/build/macos/Build/Intermediates.noindex/Runner.build/Debug/Flutter\ Assemble.build/Objects-normal
[        ]     export PKGINFO_FILE_PATH\=/Users/andreea/StudioProjects/Flutter_Project/build/macos/Build/Intermediates.noindex/Runner.build/Debug/Flutter\ Assemble.build/PkgInfo
[        ]     export PLATFORM_DEVELOPER_APPLICATIONS_DIR\=/Applications/Xcode.app/Contents/Developer/Applications
[        ]     export PLATFORM_DEVELOPER_BIN_DIR\=/Applications/Xcode.app/Contents/Developer/usr/bin
[        ]     export PLATFORM_DEVELOPER_LIBRARY_DIR\=/Applications/Xcode.app/Contents/Developer/Library
[        ]     export PLATFORM_DEVELOPER_SDK_DIR\=/Applications/Xcode.app/Contents/Developer/Platforms/MacOSX.platform/Developer/SDKs
[        ]     export PLATFORM_DEVELOPER_TOOLS_DIR\=/Applications/Xcode.app/Contents/Developer/Tools
[        ]     export PLATFORM_DEVELOPER_USR_DIR\=/Applications/Xcode.app/Contents/Developer/usr
[        ]     export PLATFORM_DIR\=/Applications/Xcode.app/Contents/Developer/Platforms/MacOSX.platform
[        ]     export PLATFORM_DISPLAY_NAME\=macOS
[        ]     export PLATFORM_FAMILY_NAME\=macOS
[        ]     export PLATFORM_NAME\=macosx
[        ]     export PLATFORM_PREFERRED_ARCH\=x86_64
[        ]     export PLATFORM_PRODUCT_BUILD_VERSION\=24E241
[        ]     export PLATFORM_REQUIRES_SWIFT_AUTOLINK_EXTRACT\=NO
[        ]     export PLATFORM_REQUIRES_SWIFT_MODULEWRAP\=NO
[        ]     export PLIST_FILE_OUTPUT_FORMAT\=same-as-input
[        ]     export PODS_BUILD_DIR\=/Users/andreea/StudioProjects/Flutter_Project/build/macos/Build/Products
[        ]     export PODS_CONFIGURATION_BUILD_DIR\=/Users/andreea/StudioProjects/Flutter_Project/build/macos/Build/Products/Debug
[        ]     export PODS_PODFILE_DIR_PATH\=/Users/andreea/StudioProjects/Flutter_Project/macos/.
[        ]     export PODS_ROOT\=/Users/andreea/StudioProjects/Flutter_Project/macos/Pods
[        ]     export PODS_XCFRAMEWORKS_BUILD_DIR\=/Users/andreea/StudioProjects/Flutter_Project/build/macos/Build/Products/Debug/XCFrameworkIntermediates
[        ]     export PRECOMPS_INCLUDE_HEADERS_FROM_BUILT_PRODUCTS_DIR\=YES
[        ]     export PRECOMP_DESTINATION_DIR\=/Users/andreea/StudioProjects/Flutter_Project/build/macos/Build/Intermediates.noindex/Runner.build/Debug/Flutter\ Assemble.build/PrefixHeaders
[        ]     export PROCESSED_INFOPLIST_PATH\=/Users/andreea/StudioProjects/Flutter_Project/build/macos/Build/Intermediates.noindex/Runner.build/Debug/Flutter\ Assemble.build/Objects-normal/undefined_arch/Processed-Info.plist
[        ]     export PRODUCT_MODULE_NAME\=Flutter_Assemble
[        ]     export PRODUCT_NAME\=Flutter\ Assemble
[        ]     export PRODUCT_SETTINGS_PATH\=
[        ]     export PROFILING_CODE\=NO
[        ]     export PROJECT\=Runner
[        ]     export PROJECT_DERIVED_FILE_DIR\=/Users/andreea/StudioProjects/Flutter_Project/build/macos/Build/Intermediates.noindex/Runner.build/DerivedSources
[        ]     export PROJECT_DIR\=/Users/andreea/StudioProjects/Flutter_Project/macos
[        ]     export PROJECT_FILE_PATH\=/Users/andreea/StudioProjects/Flutter_Project/macos/Runner.xcodeproj
[        ]     export PROJECT_GUID\=18c1723432283e0cc55f10a6dcfd9e02
[        ]     export PROJECT_NAME\=Runner
[        ]     export PROJECT_TEMP_DIR\=/Users/andreea/StudioProjects/Flutter_Project/build/macos/Build/Intermediates.noindex/Runner.build
[        ]     export PROJECT_TEMP_ROOT\=/Users/andreea/StudioProjects/Flutter_Project/build/macos/Build/Intermediates.noindex
[        ]     export RECOMMENDED_MACOSX_DEPLOYMENT_TARGET\=11.0
[        ]     export RECURSIVE_SEARCH_PATHS_FOLLOW_SYMLINKS\=YES
[        ]     export REMOVE_CVS_FROM_RESOURCES\=YES
[        ]     export REMOVE_GIT_FROM_RESOURCES\=YES
[        ]     export REMOVE_HEADERS_FROM_EMBEDDED_BUNDLES\=YES
[        ]     export REMOVE_HG_FROM_RESOURCES\=YES
[        ]     export REMOVE_STATIC_EXECUTABLES_FROM_EMBEDDED_BUNDLES\=YES
[        ]     export REMOVE_SVN_FROM_RESOURCES\=YES
[        ]     export RESCHEDULE_INDEPENDENT_HEADERS_PHASES\=YES
[        ]     export REZ_COLLECTOR_DIR\=/Users/andreea/StudioProjects/Flutter_Project/build/macos/Build/Intermediates.noindex/Runner.build/Debug/Flutter\ Assemble.build/ResourceManagerResources
[        ]     export REZ_OBJECTS_DIR\=/Users/andreea/StudioProjects/Flutter_Project/build/macos/Build/Intermediates.noindex/Runner.build/Debug/Flutter\ Assemble.build/ResourceManagerResources/Objects
[        ]     export SCAN_ALL_SOURCE_FILES_FOR_INCLUDES\=NO
[        ]     export SCRIPT_INPUT_FILE_0\=/Users/andreea/StudioProjects/Flutter_Project/macos/Flutter/ephemeral/tripwire
[        ]     export SCRIPT_INPUT_FILE_COUNT\=1
[        ]     export SCRIPT_INPUT_FILE_LIST_0\=/Users/andreea/StudioProjects/Flutter_Project/build/macos/Build/Intermediates.noindex/Runner.build/Debug/Flutter\ Assemble.build/InputFileList-33CC111E2044C6BF0003C045-FlutterInputs-d44e87fda9643e816c0eeeedd3466a51-resolved.xcfilelist
[        ]     export SCRIPT_INPUT_FILE_LIST_COUNT\=1
[        ]     export SCRIPT_OUTPUT_FILE_COUNT\=0
[        ]     export SCRIPT_OUTPUT_FILE_LIST_0\=/Users/andreea/StudioProjects/Flutter_Project/build/macos/Build/Intermediates.noindex/Runner.build/Debug/Flutter\ Assemble.build/OutputFileList-33CC111E2044C6BF0003C045-FlutterOutputs-70949016347dc6eab22d5c10b29dc729-resolved.xcfilelist
[        ]     export SCRIPT_OUTPUT_FILE_LIST_COUNT\=1
[        ]     export SDKROOT\=/Applications/Xcode.app/Contents/Developer/Platforms/MacOSX.platform/Developer/SDKs/MacOSX15.4.sdk
[        ]     export SDK_DIR\=/Applications/Xcode.app/Contents/Developer/Platforms/MacOSX.platform/Developer/SDKs/MacOSX15.4.sdk
[        ]     export SDK_DIR_macosx\=/Applications/Xcode.app/Contents/Developer/Platforms/MacOSX.platform/Developer/SDKs/MacOSX15.4.sdk
[        ]     export SDK_DIR_macosx15_4\=/Applications/Xcode.app/Contents/Developer/Platforms/MacOSX.platform/Developer/SDKs/MacOSX15.4.sdk
[        ]     export SDK_NAME\=macosx15.4
[        ]     export SDK_NAMES\=macosx15.4
[        ]     export SDK_PRODUCT_BUILD_VERSION\=24E241
[        ]     export SDK_STAT_CACHE_DIR\=/Users/andreea/StudioProjects/Flutter_Project/build/macos
[        ]     export SDK_STAT_CACHE_ENABLE\=YES
[        ]     export SDK_STAT_CACHE_PATH\=/Users/andreea/StudioProjects/Flutter_Project/build/macos/SDKStatCaches.noindex/macosx15.4-24E241-88b860576fb364319593bd8fb30666b0.sdkstatcache
[        ]     export SDK_VERSION\=15.4
[        ]     export SDK_VERSION_ACTUAL\=150400
[        ]     export SDK_VERSION_MAJOR\=150000
[        ]     export SDK_VERSION_MINOR\=150400
[        ]     export SED\=/usr/bin/sed
[        ]     export SEPARATE_STRIP\=NO
[        ]     export SEPARATE_SYMBOL_EDIT\=NO
[        ]     export SET_DIR_MODE_OWNER_GROUP\=YES
[        ]     export SET_FILE_MODE_OWNER_GROUP\=NO
[        ]     export SHALLOW_BUNDLE\=NO
[        ]     export SHARED_DERIVED_FILE_DIR\=/Users/andreea/StudioProjects/Flutter_Project/build/macos/Build/Products/Debug/DerivedSources
[        ]     export SHARED_PRECOMPS_DIR\=/Users/andreea/StudioProjects/Flutter_Project/build/macos/Build/Intermediates.noindex/PrecompiledHeaders
[        ]     export SKIP_INSTALL\=YES
[        ]     export SOURCE_ROOT\=/Users/andreea/StudioProjects/Flutter_Project/macos
[        ]     export SRCROOT\=/Users/andreea/StudioProjects/Flutter_Project/macos
[        ]     export STRINGSDATA_DIR\=/Users/andreea/StudioProjects/Flutter_Project/build/macos/Build/Intermediates.noindex/Runner.build/Debug/Flutter\ Assemble.build/Objects-normal/undefined_arch
[        ]     export STRINGSDATA_ROOT\=/Users/andreea/StudioProjects/Flutter_Project/build/macos/Build/Intermediates.noindex/Runner.build/Debug/Flutter\ Assemble.build
[        ]     export STRINGS_FILE_INFOPLIST_RENAME\=YES
[        ]     export STRINGS_FILE_OUTPUT_ENCODING\=UTF-16
[        ]     export STRIP_BITCODE_FROM_COPIED_FILES\=NO
[        ]     export STRIP_INSTALLED_PRODUCT\=NO
[        ]     export STRIP_PNG_TEXT\=NO
[        ]     export STRIP_STYLE\=all
[        ]     export STRIP_SWIFT_SYMBOLS\=YES
[        ]     export SUPPORTED_PLATFORMS\=macosx
[        ]     export SUPPORTS_TEXT_BASED_API\=NO
[        ]     export SUPPRESS_WARNINGS\=NO
[        ]     export SWIFT_ACTIVE_COMPILATION_CONDITIONS\=DEBUG
[        ]     export SWIFT_EMIT_LOC_STRINGS\=NO
[        ]     export SWIFT_OPTIMIZATION_LEVEL\=-Onone
[        ]     export SWIFT_PLATFORM_TARGET_PREFIX\=macos
[        ]     export SWIFT_RESPONSE_FILE_PATH_normal_arm64\=/Users/andreea/StudioProjects/Flutter_Project/build/macos/Build/Intermediates.noindex/Runner.build/Debug/Flutter\ Assemble.build/Objects-normal/arm64/Flutter\ Assemble.SwiftFileList
[        ]     export SYMROOT\=/Users/andreea/StudioProjects/Flutter_Project/build/macos/Build/Products
[        ]     export SYSTEM_ADMIN_APPS_DIR\=/Applications/Utilities
[        ]     export SYSTEM_APPS_DIR\=/Applications
[        ]     export SYSTEM_CORE_SERVICES_DIR\=/System/Library/CoreServices
[        ]     export SYSTEM_DEMOS_DIR\=/Applications/Extras
[        ]     export SYSTEM_DEVELOPER_APPS_DIR\=/Applications/Xcode.app/Contents/Developer/Applications
[        ]     export SYSTEM_DEVELOPER_BIN_DIR\=/Applications/Xcode.app/Contents/Developer/usr/bin
[        ]     export SYSTEM_DEVELOPER_DEMOS_DIR\=/Applications/Xcode.app/Contents/Developer/Applications/Utilities/Built\ Examples
[        ]     export SYSTEM_DEVELOPER_DIR\=/Applications/Xcode.app/Contents/Developer
[        ]     export SYSTEM_DEVELOPER_DOC_DIR\=/Applications/Xcode.app/Contents/Developer/ADC\ Reference\ Library
[        ]     export SYSTEM_DEVELOPER_GRAPHICS_TOOLS_DIR\=/Applications/Xcode.app/Contents/Developer/Applications/Graphics\ Tools
[        ]     export SYSTEM_DEVELOPER_JAVA_TOOLS_DIR\=/Applications/Xcode.app/Contents/Developer/Applications/Java\ Tools
[        ]     export SYSTEM_DEVELOPER_PERFORMANCE_TOOLS_DIR\=/Applications/Xcode.app/Contents/Developer/Applications/Performance\ Tools
[        ]     export SYSTEM_DEVELOPER_RELEASENOTES_DIR\=/Applications/Xcode.app/Contents/Developer/ADC\ Reference\ Library/releasenotes
[        ]     export SYSTEM_DEVELOPER_TOOLS\=/Applications/Xcode.app/Contents/Developer/Tools
[        ]     export SYSTEM_DEVELOPER_TOOLS_DOC_DIR\=/Applications/Xcode.app/Contents/Developer/ADC\ Reference\ Library/documentation/DeveloperTools
[        ]     export SYSTEM_DEVELOPER_TOOLS_RELEASENOTES_DIR\=/Applications/Xcode.app/Contents/Developer/ADC\ Reference\ Library/releasenotes/DeveloperTools
[        ]     export SYSTEM_DEVELOPER_USR_DIR\=/Applications/Xcode.app/Contents/Developer/usr
[        ]     export SYSTEM_DEVELOPER_UTILITIES_DIR\=/Applications/Xcode.app/Contents/Developer/Applications/Utilities
[        ]     export SYSTEM_DEXT_INSTALL_PATH\=/System/Library/DriverExtensions
[        ]     export SYSTEM_DOCUMENTATION_DIR\=/Library/Documentation
[        ]     export SYSTEM_KEXT_INSTALL_PATH\=/System/Library/Extensions
[        ]     export SYSTEM_LIBRARY_DIR\=/System/Library
[        ]     export TAPI_DEMANGLE\=YES
[        ]     export TAPI_ENABLE_PROJECT_HEADERS\=NO
[        ]     export TAPI_LANGUAGE\=objective-c
[        ]     export TAPI_LANGUAGE_STANDARD\=compiler-default
[        ]     export TAPI_USE_SRCROOT\=YES
[        ]     export TAPI_VERIFY_MODE\=Pedantic
[        ]     export TARGETNAME\=Flutter\ Assemble
[        ]     export TARGET_BUILD_DIR\=/Users/andreea/StudioProjects/Flutter_Project/build/macos/Build/Products/Debug
[        ]     export TARGET_NAME\=Flutter\ Assemble
[        ]     export TARGET_TEMP_DIR\=/Users/andreea/StudioProjects/Flutter_Project/build/macos/Build/Intermediates.noindex/Runner.build/Debug/Flutter\ Assemble.build
[        ]     export TEMP_DIR\=/Users/andreea/StudioProjects/Flutter_Project/build/macos/Build/Intermediates.noindex/Runner.build/Debug/Flutter\ Assemble.build
[        ]     export TEMP_FILES_DIR\=/Users/andreea/StudioProjects/Flutter_Project/build/macos/Build/Intermediates.noindex/Runner.build/Debug/Flutter\ Assemble.build
[        ]     export TEMP_FILE_DIR\=/Users/andreea/StudioProjects/Flutter_Project/build/macos/Build/Intermediates.noindex/Runner.build/Debug/Flutter\ Assemble.build
[        ]     export TEMP_ROOT\=/Users/andreea/StudioProjects/Flutter_Project/build/macos/Build/Intermediates.noindex
[        ]     export TEMP_SANDBOX_DIR\=/Users/andreea/StudioProjects/Flutter_Project/build/macos/Build/Intermediates.noindex/TemporaryTaskSandboxes
[        ]     export TEST_FRAMEWORK_SEARCH_PATHS\=\ /Applications/Xcode.app/Contents/Developer/Platforms/MacOSX.platform/Developer/Library/Frameworks
[        ]     export TEST_LIBRARY_SEARCH_PATHS\=\ /Applications/Xcode.app/Contents/Developer/Platforms/MacOSX.platform/Developer/usr/lib
[        ]     export TOOLCHAINS\=com.apple.dt.toolchain.XcodeDefault
[        ]     export TOOLCHAIN_DIR\=/Applications/Xcode.app/Contents/Developer/Toolchains/XcodeDefault.xctoolchain
[        ]     export TRACK_WIDGET_CREATION\=true
[        ]     export TREAT_MISSING_BASELINES_AS_TEST_FAILURES\=NO
[        ]     export TREAT_MISSING_SCRIPT_PHASE_OUTPUTS_AS_ERRORS\=NO
[        ]     export TREE_SHAKE_ICONS\=false
[        ]     export UID\=501
[        ]     export UNINSTALLED_PRODUCTS_DIR\=/Users/andreea/StudioProjects/Flutter_Project/build/macos/Build/Intermediates.noindex/UninstalledProducts
[        ]     export UNSTRIPPED_PRODUCT\=NO
[        ]     export USER\=andreea
[        ]     export USER_APPS_DIR\=/Users/andreea/Applications
[        ]     export USER_LIBRARY_DIR\=/Users/andreea/Library
[        ]     export USE_DYNAMIC_NO_PIC\=YES
[        ]     export USE_HEADERMAP\=YES
[        ]     export USE_HEADER_SYMLINKS\=NO
[        ]     export USE_RECURSIVE_SCRIPT_INPUTS_IN_SCRIPT_PHASES\=YES
[        ]     export VALIDATE_DEVELOPMENT_ASSET_PATHS\=YES_ERROR
[        ]     export VALIDATE_PRODUCT\=NO
[        ]     export VALID_ARCHS\=arm64\ arm64e\ i386\ x86_64
[        ]     export VERBOSE_PBXCP\=NO
[        ]     export VERBOSE_SCRIPT_LOGGING\=YES
[        ]     export VERSION_INFO_BUILDER\=andreea
[        ]     export VERSION_INFO_FILE\=Flutter\ Assemble_vers.c
[        ]     export VERSION_INFO_STRING\=\"@\(\#\)PROGRAM:Flutter\ Assemble\ \ PROJECT:Runner-\"
[        ]     export WARNING_CFLAGS\=-Wall\ -Wconditional-uninitialized\ -Wnullable-to-nonnull-conversion\ -Wmissing-method-return-type\ -Woverlength-strings
[        ]     export WORKSPACE_DIR\=/Users/andreea/StudioProjects/Flutter_Project/macos
[        ]     export WRAP_ASSET_PACKS_IN_SEPARATE_DIRECTORIES\=NO
[        ]     export XCODE_APP_SUPPORT_DIR\=/Applications/Xcode.app/Contents/Developer/Library/Xcode
[        ]     export XCODE_PRODUCT_BUILD_VERSION\=16E140
[        ]     export XCODE_VERSION_ACTUAL\=1630
[        ]     export XCODE_VERSION_MAJOR\=1600
[        ]     export XCODE_VERSION_MINOR\=1630
[        ]     export XPCSERVICES_FOLDER_PATH\=/XPCServices
[        ]     export YACC\=yacc
[        ]     export _BOOL_\=NO
[        ]     export _BOOL_NO\=NO
[        ]     export _BOOL_YES\=YES
[        ]     export _DEVELOPMENT_TEAM_IS_EMPTY\=YES
[        ]     export _DISCOVER_COMMAND_LINE_LINKER_INPUTS\=YES
[        ]     export _DISCOVER_COMMAND_LINE_LINKER_INPUTS_INCLUDE_WL\=YES
[        ]     export _IS_EMPTY_\=YES
[        ]     export _MACOSX_DEPLOYMENT_TARGET_IS_EMPTY\=NO
[        ]     export __DIAGNOSE_DEPRECATED_ARCHS\=YES
[        ]     export arch\=undefined_arch
[        ]     export variant\=normal
[        ]     /bin/sh -c /Users/andreea/StudioProjects/Flutter_Project/build/macos/Build/Intermediates.noindex/Runner.build/Debug/Flutter\\\ Assemble.build/Script-33CC111E2044C6BF0003C045.sh
[+1839 ms] ♦ /Users/andreea/StudioProjects/development/flutter_honoo/bin/flutter --verbose assemble --no-version-check -dTargetPlatform=darwin -dDarwinArchs=arm64 -dTargetFile=integration_test/smoke_app_starts_test.dart -dBuildMode=debug -dTreeShakeIcons=false -dDartObfuscation=false -dSplitDebugInfo= -dTrackWidgetCreation=true -dAction=build --DartDefines=RkxVVFRFUl9XRUJfQVVUT19ERVRFQ1Q9dHJ1ZQ== --ExtraGenSnapshotOptions= --ExtraFrontEndOptions= --build-inputs=/Users/andreea/StudioProjects/Flutter_Project/macos/Flutter/ephemeral/FlutterInputs.xcfilelist --build-outputs=/Users/andreea/StudioProjects/Flutter_Project/macos/Flutter/ephemeral/FlutterOutputs.xcfilelist --output=/Users/andreea/StudioProjects/Flutter_Project/build/macos/Build/Products/Debug debug_macos_bundle_flutter_assets
[        ] [   +9 ms] executing: [/Users/andreea/StudioProjects/development/flutter_honoo/] git -c log.showSignature=false log -n 1 --pretty=format:%H
[        ] [  +18 ms] Exit code 0 from: git -c log.showSignature=false log -n 1 --pretty=format:%H
[        ] [        ] 0df8557c56a182d31fa024eeb08c428ae52edf7f
[        ] [        ] executing: [/Users/andreea/StudioProjects/development/flutter_honoo/] git tag --points-at 0df8557c56a182d31fa024eeb08c428ae52edf7f
[        ] [ +130 ms] Exit code 0 from: git tag --points-at 0df8557c56a182d31fa024eeb08c428ae52edf7f
[        ] [   +1 ms] 3.9.0-0.2.pre
[        ] [   +2 ms] executing: [/Users/andreea/StudioProjects/development/flutter_honoo/] git rev-parse --abbrev-ref --symbolic @{upstream}
[        ] [  +10 ms] Exit code 0 from: git rev-parse --abbrev-ref --symbolic @{upstream}
[        ] [        ] origin/beta
[        ] [        ] executing: [/Users/andreea/StudioProjects/development/flutter_honoo/] git ls-remote --get-url origin
[        ] [   +8 ms] Exit code 0 from: git ls-remote --get-url origin
[        ] [        ] https://github.com/flutter/flutter.git
[        ] [   +6 ms] executing: sysctl hw.optional.arm64
[        ] [   +5 ms] Exit code 0 from: sysctl hw.optional.arm64
[        ] [        ] hw.optional.arm64: 1
[        ] [   +8 ms] executing: [/Users/andreea/StudioProjects/development/flutter_honoo/] git rev-parse --abbrev-ref HEAD
[        ] [  +10 ms] Exit code 0 from: git rev-parse --abbrev-ref HEAD
[        ] [        ] beta
[        ] [   +1 ms] executing: sw_vers -productName
[        ] [  +15 ms] Exit code 0 from: sw_vers -productName
[        ] [        ] macOS
[        ] [        ] executing: sw_vers -productVersion
[        ] [  +13 ms] Exit code 0 from: sw_vers -productVersion
[        ] [        ] 15.7.1
[        ] [        ] executing: sw_vers -buildVersion
[        ] [  +13 ms] Exit code 0 from: sw_vers -buildVersion
[        ] [        ] 24G231
[        ] [        ] executing: uname -m
[        ] [   +5 ms] Exit code 0 from: uname -m
[        ] [        ] arm64
[        ] [   +9 ms] Artifact Instance of 'AndroidGenSnapshotArtifacts' is not required, skipping update.
[        ] [        ] Artifact Instance of 'AndroidInternalBuildArtifacts' is not required, skipping update.
[        ] [        ] Artifact Instance of 'IOSEngineArtifacts' is not required, skipping update.
[        ] [        ] Artifact Instance of 'FlutterWebSdk' is not required, skipping update.
[        ] [   +1 ms] Artifact Instance of 'WindowsEngineArtifacts' is not required, skipping update.
[        ] [        ] Artifact Instance of 'MacOSEngineArtifacts' is not required, skipping update.
[        ] [        ] Artifact Instance of 'LinuxEngineArtifacts' is not required, skipping update.
[        ] [        ] Artifact Instance of 'LinuxFuchsiaSDKArtifacts' is not required, skipping update.
[        ] [        ] Artifact Instance of 'MacOSFuchsiaSDKArtifacts' is not required, skipping update.
[        ] [        ] Artifact Instance of 'FlutterRunnerSDKArtifacts' is not required, skipping update.
[        ] [        ] Artifact Instance of 'FlutterRunnerDebugSymbols' is not required, skipping update.
[        ] [  +54 ms] Artifact Instance of 'MaterialFonts' is not required, skipping update.
[        ] [        ] Artifact Instance of 'GradleWrapper' is not required, skipping update.
[        ] [        ] Artifact Instance of 'AndroidGenSnapshotArtifacts' is not required, skipping update.
[        ] [        ] Artifact Instance of 'AndroidInternalBuildArtifacts' is not required, skipping update.
[        ] [        ] Artifact Instance of 'IOSEngineArtifacts' is not required, skipping update.
[        ] [        ] Artifact Instance of 'FlutterWebSdk' is not required, skipping update.
[        ] [        ] Artifact Instance of 'FlutterSdk' is not required, skipping update.
[        ] [        ] Artifact Instance of 'WindowsEngineArtifacts' is not required, skipping update.
[        ] [        ] Artifact Instance of 'LinuxEngineArtifacts' is not required, skipping update.
[        ] [        ] Artifact Instance of 'LinuxFuchsiaSDKArtifacts' is not required, skipping update.
[        ] [        ] Artifact Instance of 'MacOSFuchsiaSDKArtifacts' is not required, skipping update.
[        ] [        ] Artifact Instance of 'FlutterRunnerSDKArtifacts' is not required, skipping update.
[        ] [        ] Artifact Instance of 'FlutterRunnerDebugSymbols' is not required, skipping update.
[        ] [        ] Artifact Instance of 'IosUsbArtifacts' is not required, skipping update.
[        ] [        ] Artifact Instance of 'IosUsbArtifacts' is not required, skipping update.
[        ] [        ] Artifact Instance of 'IosUsbArtifacts' is not required, skipping update.
[        ] [        ] Artifact Instance of 'IosUsbArtifacts' is not required, skipping update.
[        ] [        ] Artifact Instance of 'IosUsbArtifacts' is not required, skipping update.
[        ] [        ] Artifact Instance of 'FontSubsetArtifacts' is not required, skipping update.
[        ] [        ] Artifact Instance of 'PubDependencies' is not required, skipping update.
[        ] [  +23 ms] Initializing file store
[        ] [  +10 ms] Skipping target: gen_localizations
[        ] [   +9 ms] gen_dart_plugin_registrant: Starting due to {InvalidatedReasonKind.inputChanged: The following inputs have updated contents: /Users/andreea/StudioProjects/Flutter_Project/.dart_tool/package_config_subset}
[        ] [   +2 ms] debug_macos_framework: Starting due to {InvalidatedReasonKind.inputChanged: The following inputs have updated contents: /Users/andreea/StudioProjects/development/flutter_honoo/packages/flutter_tools/lib/src/build_system/targets/macos.dart}
[        ] [   +7 ms] executing: sysctl hw.optional.arm64
[        ] [   +4 ms] Exit code 0 from: sysctl hw.optional.arm64
[        ] [        ] hw.optional.arm64: 1
[        ] [        ] executing: /usr/bin/arch -arm64e xcrun clang -x c /Users/andreea/StudioProjects/Flutter_Project/.dart_tool/flutter_build/786b25236b6b4bda35ee1b2ced9eab4d/debug_app.cc -arch arm64 -dynamiclib -Xlinker -rpath -Xlinker @executable_path/Frameworks -Xlinker -rpath -Xlinker @loader_path/Frameworks -install_name @rpath/App.framework/App -o /Users/andreea/StudioProjects/Flutter_Project/.dart_tool/flutter_build/786b25236b6b4bda35ee1b2ced9eab4d/App.framework/App
[        ] [   +1 ms] debug_unpack_macos: Starting due to {InvalidatedReasonKind.inputChanged: The following inputs have updated contents: /Users/andreea/StudioProjects/development/flutter_honoo/packages/flutter_tools/lib/src/build_system/targets/macos.dart,/Users/andreea/StudioProjects/development/flutter_honoo/bin/internal/engine.version}
[        ] [ +733 ms] debug_unpack_macos: Complete
[        ] [ +368 ms] Found plugin app_links at /Users/andreea/.pub-cache/hosted/pub.flutter-io.cn/app_links-3.4.5/
[        ] [  +14 ms] Found plugin file_selector_linux at /Users/andreea/.pub-cache/hosted/pub.flutter-io.cn/file_selector_linux-0.9.2+1/
[        ] [   +1 ms] Found plugin file_selector_macos at /Users/andreea/.pub-cache/hosted/pub.flutter-io.cn/file_selector_macos-0.9.3+3/
[        ] [   +1 ms] Found plugin file_selector_windows at /Users/andreea/.pub-cache/hosted/pub.flutter-io.cn/file_selector_windows-0.9.3+1/
[        ] [   +2 ms] Found plugin flutter_plugin_android_lifecycle at /Users/andreea/.pub-cache/hosted/pub.flutter-io.cn/flutter_plugin_android_lifecycle-2.0.17/
[        ] [   +9 ms] Found plugin image_picker at /Users/andreea/.pub-cache/hosted/pub.flutter-io.cn/image_picker-1.0.4/
[        ] [   +1 ms] Found plugin image_picker_android at /Users/andreea/.pub-cache/hosted/pub.flutter-io.cn/image_picker_android-0.8.8+2/
[        ] [        ] Found plugin image_picker_for_web at /Users/andreea/.pub-cache/hosted/pub.flutter-io.cn/image_picker_for_web-3.0.1/
[        ] [        ] Found plugin image_picker_ios at /Users/andreea/.pub-cache/hosted/pub.flutter-io.cn/image_picker_ios-0.8.8+4/
[        ] [        ] Found plugin image_picker_linux at /Users/andreea/.pub-cache/hosted/pub.flutter-io.cn/image_picker_linux-0.2.1+1/
[        ] [        ] Found plugin image_picker_macos at /Users/andreea/.pub-cache/hosted/pub.flutter-io.cn/image_picker_macos-0.2.1+1/
[        ] [   +1 ms] Found plugin image_picker_windows at /Users/andreea/.pub-cache/hosted/pub.flutter-io.cn/image_picker_windows-0.2.1+1/
[        ] [  +10 ms] Found plugin path_provider at /Users/andreea/.pub-cache/hosted/pub.flutter-io.cn/path_provider-2.1.1/
[        ] [   +1 ms] Found plugin path_provider_android at /Users/andreea/.pub-cache/hosted/pub.flutter-io.cn/path_provider_android-2.2.1/
[        ] [        ] Found plugin path_provider_foundation at /Users/andreea/.pub-cache/hosted/pub.flutter-io.cn/path_provider_foundation-2.3.1/
[        ] [        ] Found plugin path_provider_linux at /Users/andreea/.pub-cache/hosted/pub.flutter-io.cn/path_provider_linux-2.2.1/
[        ] [   +1 ms] Found plugin path_provider_windows at /Users/andreea/.pub-cache/hosted/pub.flutter-io.cn/path_provider_windows-2.2.1/
[        ] [   +6 ms] Found plugin share_plus at /Users/andreea/.pub-cache/hosted/pub.flutter-io.cn/share_plus-7.2.2/
[        ] [   +1 ms] Found plugin shared_preferences at /Users/andreea/.pub-cache/hosted/pub.flutter-io.cn/shared_preferences-2.2.2/
[        ] [        ] Found plugin shared_preferences_android at /Users/andreea/.pub-cache/hosted/pub.flutter-io.cn/shared_preferences_android-2.2.1/
[        ] [        ] Found plugin shared_preferences_foundation at /Users/andreea/.pub-cache/hosted/pub.flutter-io.cn/shared_preferences_foundation-2.3.4/
[        ] [        ] Found plugin shared_preferences_linux at /Users/andreea/.pub-cache/hosted/pub.flutter-io.cn/shared_preferences_linux-2.3.2/
[        ] [   +1 ms] Found plugin shared_preferences_web at /Users/andreea/.pub-cache/hosted/pub.flutter-io.cn/shared_preferences_web-2.2.1/
[        ] [        ] Found plugin shared_preferences_windows at /Users/andreea/.pub-cache/hosted/pub.flutter-io.cn/shared_preferences_windows-2.3.2/
[        ] [   +3 ms] Found plugin sign_in_with_apple at /Users/andreea/.pub-cache/hosted/pub.flutter-io.cn/sign_in_with_apple-5.0.0/
[        ] [   +1 ms] Found plugin sign_in_with_apple_web at /Users/andreea/.pub-cache/hosted/pub.flutter-io.cn/sign_in_with_apple_web-1.0.1/
[        ] [   +8 ms] Found plugin url_launcher at /Users/andreea/.pub-cache/hosted/pub.flutter-io.cn/url_launcher-6.1.11/
[+13731 ms] [        ] Found plugin url_launcher_android at /Users/andreea/.pub-cache/hosted/pub.flutter-io.cn/url_launcher_android-6.2.0/
[        ] [        ] Found plugin url_launcher_ios at /Users/andreea/.pub-cache/hosted/pub.flutter-io.cn/url_launcher_ios-6.2.0/
[        ] [        ] Found plugin url_launcher_linux at /Users/andreea/.pub-cache/hosted/pub.flutter-io.cn/url_launcher_linux-3.1.0/
[        ] [        ] Found plugin url_launcher_macos at /Users/andreea/.pub-cache/hosted/pub.flutter-io.cn/url_launcher_macos-3.1.0/
[        ] [        ] Found plugin url_launcher_web at /Users/andreea/.pub-cache/hosted/pub.flutter-io.cn/url_launcher_web-2.0.19/
[        ] [        ] Found plugin url_launcher_windows at /Users/andreea/.pub-cache/hosted/pub.flutter-io.cn/url_launcher_windows-3.1.0/
[        ] [   +4 ms] Found plugin webview_flutter at /Users/andreea/.pub-cache/hosted/pub.flutter-io.cn/webview_flutter-4.4.2/
[        ] [        ] Found plugin webview_flutter_android at /Users/andreea/.pub-cache/hosted/pub.flutter-io.cn/webview_flutter_android-3.12.1/
[        ] [   +1 ms] Found plugin webview_flutter_wkwebview at /Users/andreea/.pub-cache/hosted/pub.flutter-io.cn/webview_flutter_wkwebview-3.9.4/
[        ] [   +6 ms] Found plugin integration_test at /Users/andreea/StudioProjects/development/flutter_honoo/packages/integration_test/
[        ] [  +11 ms] gen_dart_plugin_registrant: Complete
[        ] [        ] kernel_snapshot: Starting due to {}
[        ] [   +5 ms] /Users/andreea/StudioProjects/development/flutter_honoo/bin/cache/dart-sdk/bin/dart --disable-dart-dev /Users/andreea/StudioProjects/development/flutter_honoo/bin/cache/dart-sdk/bin/snapshots/frontend_server.dart.snapshot --sdk-root /Users/andreea/StudioProjects/development/flutter_honoo/bin/cache/artifacts/engine/common/flutter_patched_sdk/ --target=flutter --no-print-incremental-dependencies -DFLUTTER_WEB_AUTO_DETECT=true -Ddart.vm.profile=false -Ddart.vm.product=false --enable-asserts --track-widget-creation --packages /Users/andreea/StudioProjects/Flutter_Project/.dart_tool/package_config.json --output-dill /Users/andreea/StudioProjects/Flutter_Project/.dart_tool/flutter_build/786b25236b6b4bda35ee1b2ced9eab4d/app.dill --depfile /Users/andreea/StudioProjects/Flutter_Project/.dart_tool/flutter_build/786b25236b6b4bda35ee1b2ced9eab4d/kernel_snapshot.d --incremental --initialize-from-dill /Users/andreea/StudioProjects/Flutter_Project/.dart_tool/flutter_build/786b25236b6b4bda35ee1b2ced9eab4d/app.dill --source file:///Users/andreea/StudioProjects/Flutter_Project/.dart_tool/flutter_build/dart_plugin_registrant.dart --source package:flutter/src/dart_plugin_registrant.dart -Dflutter.dart_plugin_registrant=file:///Users/andreea/StudioProjects/Flutter_Project/.dart_tool/flutter_build/dart_plugin_registrant.dart --verbosity=error file:///Users/andreea/StudioProjects/Flutter_Project/integration_test/smoke_app_starts_test.dart
[        ] [  +96 ms] debug_macos_framework: Complete
[        ] [+10417 ms] kernel_snapshot: Complete
[        ] [+1062 ms] debug_macos_bundle_flutter_assets: Starting due to {}
[        ] [ +145 ms] Manifest contained wildcard assets. Inserting missing file into build graph to force rerun. for more information see #56466.
[        ] [  +26 ms] shaderc command: [/Users/andreea/StudioProjects/development/flutter_honoo/bin/cache/artifacts/engine/darwin-x64/impellerc, --sksl, --iplr, --sl=/Users/andreea/StudioProjects/Flutter_Project/build/macos/Build/Products/Debug/App.framework/Versions/A/Resources/flutter_assets/shaders/ink_sparkle.frag, --spirv=/Users/andreea/StudioProjects/Flutter_Project/build/macos/Build/Products/Debug/App.framework/Versions/A/Resources/flutter_assets/shaders/ink_sparkle.frag.spirv, --input=/Users/andreea/StudioProjects/development/flutter_honoo/packages/flutter/lib/src/material/shaders/ink_sparkle.frag, --input-type=frag, --include=/Users/andreea/StudioProjects/development/flutter_honoo/packages/flutter/lib/src/material/shaders, --include=/Users/andreea/StudioProjects/development/flutter_honoo/bin/cache/artifacts/engine/darwin-x64/shader_lib]
[        ] [ +229 ms] debug_macos_bundle_flutter_assets: Complete
[        ] [+1583 ms] Persisting file store
[        ] [   +8 ms] Done persisting file store
[        ] [   +8 ms] build succeeded.
[        ] [   +7 ms] "flutter assemble" took 14.979ms.
[        ] [ +104 ms] ensureAnalyticsSent: 101ms
[        ] [        ] Running 0 shutdown hooks
[        ] [        ] Shutdown hooks complete
[        ] [        ] exiting with code 0
[        ] Libtool /Users/andreea/StudioProjects/Flutter_Project/build/macos/Build/Products/Debug/Pods_Runner.framework/Versions/A/Pods_Runner normal (in target 'Pods-Runner' from project 'Pods')
[        ]     cd /Users/andreea/StudioProjects/Flutter_Project/macos/Pods
[        ]     /Applications/Xcode.app/Contents/Developer/Toolchains/XcodeDefault.xctoolchain/usr/bin/libtool -static -arch_only arm64 -D -syslibroot /Applications/Xcode.app/Contents/Developer/Platforms/MacOSX.platform/Developer/SDKs/MacOSX15.4.sdk -L/Users/andreea/StudioProjects/Flutter_Project/build/macos/Build/Products/Debug -L/Applications/Xcode.app/Contents/Developer/Toolchains/XcodeDefault.xctoolchain/usr/lib/swift/macosx -L/Applications/Xcode.app/Contents/Developer/Platforms/MacOSX.platform/Developer/SDKs/MacOSX15.4.sdk/usr/lib/swift -L/Applications/Xcode.app/Contents/Developer/Toolchains/XcodeDefault.xctoolchain/usr/lib/swift/macosx -L/Applications/Xcode.app/Contents/Developer/Platforms/MacOSX.platform/Developer/SDKs/MacOSX15.4.sdk/usr/lib/swift -filelist /Users/andreea/StudioProjects/Flutter_Project/build/macos/Build/Intermediates.noindex/Pods.build/Debug/Pods-Runner.build/Objects-normal/arm64/Pods_Runner.LinkFileList -framework Cocoa -dependency_info /Users/andreea/StudioProjects/Flutter_Project/build/macos/Build/Intermediates.noindex/Pods.build/Debug/Pods-Runner.build/Objects-normal/arm64/Pods_Runner_libtool_dependency_info.dat -o /Users/andreea/StudioProjects/Flutter_Project/build/macos/Build/Products/Debug/Pods_Runner.framework/Versions/A/Pods_Runner
[        ] ProcessInfoPlistFile /Users/andreea/StudioProjects/Flutter_Project/build/macos/Build/Products/Debug/Pods_Runner.framework/Versions/A/Resources/Info.plist /Users/andreea/StudioProjects/Flutter_Project/macos/Pods/Target\ Support\ Files/Pods-Runner/Pods-Runner-Info.plist (in target 'Pods-Runner' from project 'Pods')
[        ]     cd /Users/andreea/StudioProjects/Flutter_Project/macos/Pods
[        ]     builtin-infoPlistUtility /Users/andreea/StudioProjects/Flutter_Project/macos/Pods/Target\ Support\ Files/Pods-Runner/Pods-Runner-Info.plist -producttype com.apple.product-type.framework -expandbuildsettings -platform macosx -o /Users/andreea/StudioProjects/Flutter_Project/build/macos/Build/Products/Debug/Pods_Runner.framework/Versions/A/Resources/Info.plist
[        ] RegisterExecutionPolicyException /Users/andreea/StudioProjects/Flutter_Project/build/macos/Build/Products/Debug/Pods_Runner.framework (in target 'Pods-Runner' from project 'Pods')
[        ]     cd /Users/andreea/StudioProjects/Flutter_Project/macos/Pods
[        ]     builtin-RegisterExecutionPolicyException /Users/andreea/StudioProjects/Flutter_Project/build/macos/Build/Products/Debug/Pods_Runner.framework
[        ] Touch /Users/andreea/StudioProjects/Flutter_Project/build/macos/Build/Products/Debug/Pods_Runner.framework (in target 'Pods-Runner' from project 'Pods')
[        ]     cd /Users/andreea/StudioProjects/Flutter_Project/macos/Pods
[        ]     /usr/bin/touch -c /Users/andreea/StudioProjects/Flutter_Project/build/macos/Build/Products/Debug/Pods_Runner.framework
[        ] ProcessProductPackaging /Users/andreea/StudioProjects/Flutter_Project/macos/Runner/DebugProfile.entitlements /Users/andreea/StudioProjects/Flutter_Project/build/macos/Build/Intermediates.noindex/Runner.build/Debug/Runner.build/honoo.app.xcent (in target 'Runner' from project 'Runner')
[        ]     cd /Users/andreea/StudioProjects/Flutter_Project/macos
[        ]     Entitlements:
[        ]     {
[        ]     "com.apple.security.app-sandbox" = 1;
[        ]     "com.apple.security.get-task-allow" = 1;
[        ]     "com.apple.security.network.client" = 1;
[        ] }
[        ]     builtin-productPackagingUtility /Users/andreea/StudioProjects/Flutter_Project/macos/Runner/DebugProfile.entitlements -entitlements -format xml -o /Users/andreea/StudioProjects/Flutter_Project/build/macos/Build/Intermediates.noindex/Runner.build/Debug/Runner.build/honoo.app.xcent
[        ] ProcessProductPackagingDER /Users/andreea/StudioProjects/Flutter_Project/build/macos/Build/Intermediates.noindex/Runner.build/Debug/Runner.build/honoo.app.xcent /Users/andreea/StudioProjects/Flutter_Project/build/macos/Build/Intermediates.noindex/Runner.build/Debug/Runner.build/honoo.app.xcent.der (in target 'Runner' from project 'Runner')
[        ]     cd /Users/andreea/StudioProjects/Flutter_Project/macos
[        ]     /usr/bin/derq query -f xml -i /Users/andreea/StudioProjects/Flutter_Project/build/macos/Build/Intermediates.noindex/Runner.build/Debug/Runner.build/honoo.app.xcent -o /Users/andreea/StudioProjects/Flutter_Project/build/macos/Build/Intermediates.noindex/Runner.build/Debug/Runner.build/honoo.app.xcent.der --raw
[   +4 ms] PhaseScriptExecution [CP]\ Check\ Pods\ Manifest.lock /Users/andreea/StudioProjects/Flutter_Project/build/macos/Build/Intermediates.noindex/Runner.build/Debug/Runner.build/Script-893D983E9708FBCA6168078A.sh (in target 'Runner' from project 'Runner')
[        ]     cd /Users/andreea/StudioProjects/Flutter_Project/macos
[        ]     /bin/sh -c /Users/andreea/StudioProjects/Flutter_Project/build/macos/Build/Intermediates.noindex/Runner.build/Debug/Runner.build/Script-893D983E9708FBCA6168078A.sh
[ +192 ms] Ld /Users/andreea/StudioProjects/Flutter_Project/build/macos/Build/Products/Debug/honoo.app/Contents/MacOS/__preview.dylib normal (in target 'Runner' from project 'Runner')
[        ]     cd /Users/andreea/StudioProjects/Flutter_Project/macos
[        ]     /Applications/Xcode.app/Contents/Developer/Toolchains/XcodeDefault.xctoolchain/usr/bin/clang -Xlinker -reproducible -target arm64-apple-macos10.14 -dynamiclib -isysroot /Applications/Xcode.app/Contents/Developer/Platforms/MacOSX.platform/Developer/SDKs/MacOSX15.4.sdk -O0 -L/Users/andreea/StudioProjects/Flutter_Project/build/macos/Build/Products/Debug -L/Applications/Xcode.app/Contents/Developer/Toolchains/XcodeDefault.xctoolchain/usr/lib/swift/macosx -L/Applications/Xcode.app/Contents/Developer/Platforms/MacOSX.platform/Developer/SDKs/MacOSX15.4.sdk/usr/lib/swift -L/Applications/Xcode.app/Contents/Developer/Toolchains/XcodeDefault.xctoolchain/usr/lib/swift/macosx -L/Applications/Xcode.app/Contents/Developer/Platforms/MacOSX.platform/Developer/SDKs/MacOSX15.4.sdk/usr/lib/swift -L/Applications/Xcode.app/Contents/Developer/Toolchains/XcodeDefault.xctoolchain/usr/lib/swift/macosx -L/Applications/Xcode.app/Contents/Developer/Platforms/MacOSX.platform/Developer/SDKs/MacOSX15.4.sdk/usr/lib/swift -L/Applications/Xcode.app/Contents/Developer/Toolchains/XcodeDefault.xctoolchain/usr/lib/swift/macosx -L/Applications/Xcode.app/Contents/Developer/Platforms/MacOSX.platform/Developer/SDKs/MacOSX15.4.sdk/usr/lib/swift -L/Applications/Xcode.app/Contents/Developer/Toolchains/XcodeDefault.xctoolchain/usr/lib/swift/macosx -L/Applications/Xcode.app/Contents/Developer/Platforms/MacOSX.platform/Developer/SDKs/MacOSX15.4.sdk/usr/lib/swift -L/Applications/Xcode.app/Contents/Developer/Toolchains/XcodeDefault.xctoolchain/usr/lib/swift/macosx -L/Applications/Xcode.app/Contents/Developer/Platforms/MacOSX.platform/Developer/SDKs/MacOSX15.4.sdk/usr/lib/swift -L/Applications/Xcode.app/Contents/Developer/Toolchains/XcodeDefault.xctoolchain/usr/lib/swift/macosx -L/Applications/Xcode.app/Contents/Developer/Platforms/MacOSX.platform/Developer/SDKs/MacOSX15.4.sdk/usr/lib/swift -L/Applications/Xcode.app/Contents/Developer/Toolchains/XcodeDefault.xctoolchain/usr/lib/swift/macosx -L/Applications/Xcode.app/Contents/Developer/Platforms/MacOSX.platform/Developer/SDKs/MacOSX15.4.sdk/usr/lib/swift -F/Users/andreea/StudioProjects/Flutter_Project/build/macos/Build/Products/Debug -F/Users/andreea/StudioProjects/Flutter_Project/build/macos/Build/Products/Debug/app_links -F/Users/andreea/StudioProjects/Flutter_Project/build/macos/Build/Products/Debug/file_selector_macos -F/Users/andreea/StudioProjects/Flutter_Project/build/macos/Build/Products/Debug/path_provider_foundation -F/Users/andreea/StudioProjects/Flutter_Project/build/macos/Build/Products/Debug/share_plus -F/Users/andreea/StudioProjects/Flutter_Project/build/macos/Build/Products/Debug/shared_preferences_foundation -F/Users/andreea/StudioProjects/Flutter_Project/build/macos/Build/Products/Debug/sign_in_with_apple -F/Users/andreea/StudioProjects/Flutter_Project/build/macos/Build/Products/Debug/url_launcher_macos -F/Users/andreea/StudioProjects/Flutter_Project/build/macos/Build/Products/Debug/app_links -F/Users/andreea/StudioProjects/Flutter_Project/build/macos/Build/Products/Debug/file_selector_macos -F/Users/andreea/StudioProjects/Flutter_Project/build/macos/Build/Products/Debug/path_provider_foundation -F/Users/andreea/StudioProjects/Flutter_Project/build/macos/Build/Products/Debug/share_plus -F/Users/andreea/StudioProjects/Flutter_Project/build/macos/Build/Products/Debug/shared_preferences_foundation -F/Users/andreea/StudioProjects/Flutter_Project/build/macos/Build/Products/Debug/sign_in_with_apple -F/Users/andreea/StudioProjects/Flutter_Project/build/macos/Build/Products/Debug/url_launcher_macos -F/Users/andreea/StudioProjects/Flutter_Project/build/macos/Build/Products/Debug/app_links -F/Users/andreea/StudioProjects/Flutter_Project/build/macos/Build/Products/Debug/file_selector_macos -F/Users/andreea/StudioProjects/Flutter_Project/build/macos/Build/Products/Debug/path_provider_foundation -F/Users/andreea/StudioProjects/Flutter_Project/build/macos/Build/Products/Debug/share_plus -F/Users/andreea/StudioProjects/Flutter_Project/build/macos/Build/Products/Debug/shared_preferences_foundation -F/Users/andreea/StudioProjects/Flutter_Project/build/macos/Build/Products/Debug/sign_in_with_apple -F/Users/andreea/StudioProjects/Flutter_Project/build/macos/Build/Products/Debug/url_launcher_macos -F/Users/andreea/StudioProjects/Flutter_Project/build/macos/Build/Products/Debug/app_links -F/Users/andreea/StudioProjects/Flutter_Project/build/macos/Build/Products/Debug/file_selector_macos -F/Users/andreea/StudioProjects/Flutter_Project/build/macos/Build/Products/Debug/path_provider_foundation -F/Users/andreea/StudioProjects/Flutter_Project/build/macos/Build/Products/Debug/share_plus -F/Users/andreea/StudioProjects/Flutter_Project/build/macos/Build/Products/Debug/shared_preferences_foundation -F/Users/andreea/StudioProjects/Flutter_Project/build/macos/Build/Products/Debug/sign_in_with_apple -F/Users/andreea/StudioProjects/Flutter_Project/build/macos/Build/Products/Debug/url_launcher_macos -install_name @rpath/honoo.debug.dylib -rdynamic -Xlinker -no_deduplicate -Xlinker -dependency_info -Xlinker /Users/andreea/StudioProjects/Flutter_Project/build/macos/Build/Intermediates.noindex/Runner.build/Debug/Runner.build/Objects-normal/arm64/honoo_dependency_info.dat -Xlinker -no_adhoc_codesign -o /Users/andreea/StudioProjects/Flutter_Project/build/macos/Build/Products/Debug/honoo.app/Contents/MacOS/__preview.dylib
[  +57 ms] MkDir /Users/andreea/StudioProjects/Flutter_Project/build/macos/Build/Intermediates.noindex/Runner.build/Debug/Runner.build/assetcatalog_output/thinned (in target 'Runner' from project 'Runner')
[        ]     cd /Users/andreea/StudioProjects/Flutter_Project/macos
[        ]     /bin/mkdir -p /Users/andreea/StudioProjects/Flutter_Project/build/macos/Build/Intermediates.noindex/Runner.build/Debug/Runner.build/assetcatalog_output/thinned
[        ] MkDir /Users/andreea/StudioProjects/Flutter_Project/build/macos/Build/Intermediates.noindex/Runner.build/Debug/Runner.build/assetcatalog_output/unthinned (in target 'Runner' from project 'Runner')
[        ]     cd /Users/andreea/StudioProjects/Flutter_Project/macos
[        ]     /bin/mkdir -p /Users/andreea/StudioProjects/Flutter_Project/build/macos/Build/Intermediates.noindex/Runner.build/Debug/Runner.build/assetcatalog_output/unthinned
[        ] GenerateAssetSymbols /Users/andreea/StudioProjects/Flutter_Project/macos/Runner/Assets.xcassets (in target 'Runner' from project 'Runner')
[        ]     cd /Users/andreea/StudioProjects/Flutter_Project/macos
[        ]     /Applications/Xcode.app/Contents/Developer/usr/bin/actool /Users/andreea/StudioProjects/Flutter_Project/macos/Runner/Assets.xcassets --compile /Users/andreea/StudioProjects/Flutter_Project/build/macos/Build/Products/Debug/honoo.app/Contents/Resources --output-format human-readable-text --notices --warnings --export-dependency-info /Users/andreea/StudioProjects/Flutter_Project/build/macos/Build/Intermediates.noindex/Runner.build/Debug/Runner.build/assetcatalog_dependencies --output-partial-info-plist /Users/andreea/StudioProjects/Flutter_Project/build/macos/Build/Intermediates.noindex/Runner.build/Debug/Runner.build/assetcatalog_generated_info.plist --app-icon AppIcon --enable-on-demand-resources NO --development-region en --target-device mac --minimum-deployment-target 10.14 --platform macosx --bundle-identifier dev.lucagaudino.flutterProject --generate-swift-asset-symbol-extensions NO --generate-swift-asset-symbols /Users/andreea/StudioProjects/Flutter_Project/build/macos/Build/Intermediates.noindex/Runner.build/Debug/Runner.build/DerivedSources/GeneratedAssetSymbols.swift --generate-objc-asset-symbols /Users/andreea/StudioProjects/Flutter_Project/build/macos/Build/Intermediates.noindex/Runner.build/Debug/Runner.build/DerivedSources/GeneratedAssetSymbols.h --generate-asset-symbol-index /Users/andreea/StudioProjects/Flutter_Project/build/macos/Build/Intermediates.noindex/Runner.build/Debug/Runner.build/DerivedSources/GeneratedAssetSymbols-Index.plist
[        ] /* com.apple.actool.compilation-results */
[        ] /Users/andreea/StudioProjects/Flutter_Project/build/macos/Build/Intermediates.noindex/Runner.build/Debug/Runner.build/DerivedSources/GeneratedAssetSymbols-Index.plist
[        ] /Users/andreea/StudioProjects/Flutter_Project/build/macos/Build/Intermediates.noindex/Runner.build/Debug/Runner.build/DerivedSources/GeneratedAssetSymbols.h
[        ] /Users/andreea/StudioProjects/Flutter_Project/build/macos/Build/Intermediates.noindex/Runner.build/Debug/Runner.build/DerivedSources/GeneratedAssetSymbols.swift
[        ] CompileXIB /Users/andreea/StudioProjects/Flutter_Project/macos/Runner/Base.lproj/MainMenu.xib (in target 'Runner' from project 'Runner')
[        ]     cd /Users/andreea/StudioProjects/Flutter_Project/macos
[        ]     /Applications/Xcode.app/Contents/Developer/usr/bin/ibtool --errors --warnings --notices --module honoo --output-partial-info-plist /Users/andreea/StudioProjects/Flutter_Project/build/macos/Build/Intermediates.noindex/Runner.build/Debug/Runner.build/Base.lproj/MainMenu-PartialInfo.plist --auto-activate-custom-fonts --target-device mac --minimum-deployment-target 10.14 --output-format human-readable-text --compile /Users/andreea/StudioProjects/Flutter_Project/build/macos/Build/Products/Debug/honoo.app/Contents/Resources/Base.lproj/MainMenu.nib /Users/andreea/StudioProjects/Flutter_Project/macos/Runner/Base.lproj/MainMenu.xib
[ +272 ms] CompileAssetCatalogVariant thinned /Users/andreea/StudioProjects/Flutter_Project/build/macos/Build/Products/Debug/honoo.app/Contents/Resources /Users/andreea/StudioProjects/Flutter_Project/macos/Runner/Assets.xcassets (in target 'Runner' from project 'Runner')
[        ]     cd /Users/andreea/StudioProjects/Flutter_Project/macos
[        ]     /Applications/Xcode.app/Contents/Developer/usr/bin/actool /Users/andreea/StudioProjects/Flutter_Project/macos/Runner/Assets.xcassets --compile /Users/andreea/StudioProjects/Flutter_Project/build/macos/Build/Intermediates.noindex/Runner.build/Debug/Runner.build/assetcatalog_output/thinned --output-format human-readable-text --notices --warnings --export-dependency-info /Users/andreea/StudioProjects/Flutter_Project/build/macos/Build/Intermediates.noindex/Runner.build/Debug/Runner.build/assetcatalog_dependencies_thinned --output-partial-info-plist /Users/andreea/StudioProjects/Flutter_Project/build/macos/Build/Intermediates.noindex/Runner.build/Debug/Runner.build/assetcatalog_generated_info.plist_thinned --app-icon AppIcon --enable-on-demand-resources NO --development-region en --target-device mac --minimum-deployment-target 10.14 --platform macosx
[+1723 ms] 2025-10-08 10:09:48.856 ibtoold[17609:83266] NSFileCoordinator is doing nothing.
[        ] /* com.apple.actool.compilation-results */
[        ] /Users/andreea/StudioProjects/Flutter_Project/build/macos/Build/Intermediates.noindex/Runner.build/Debug/Runner.build/assetcatalog_generated_info.plist_thinned
[        ] /Users/andreea/StudioProjects/Flutter_Project/build/macos/Build/Intermediates.noindex/Runner.build/Debug/Runner.build/assetcatalog_output/thinned/AppIcon.icns
[        ] /Users/andreea/StudioProjects/Flutter_Project/build/macos/Build/Intermediates.noindex/Runner.build/Debug/Runner.build/assetcatalog_output/thinned/Assets.car
[        ] SwiftDriver Runner normal arm64 com.apple.xcode.tools.swift.compiler (in target 'Runner' from project 'Runner')
[        ]     cd /Users/andreea/StudioProjects/Flutter_Project/macos
[        ]     builtin-SwiftDriver -- /Applications/Xcode.app/Contents/Developer/Toolchains/XcodeDefault.xctoolchain/usr/bin/swiftc -module-name honoo -Onone -enforce-exclusivity\=checked @/Users/andreea/StudioProjects/Flutter_Project/build/macos/Build/Intermediates.noindex/Runner.build/Debug/Runner.build/Objects-normal/arm64/honoo.SwiftFileList -DDEBUG -D COCOAPODS -D COCOAPODS -D COCOAPODS -D COCOAPODS -enable-bare-slash-regex -enable-experimental-feature DebugDescriptionMacro -sdk /Applications/Xcode.app/Contents/Developer/Platforms/MacOSX.platform/Developer/SDKs/MacOSX15.4.sdk -target arm64-apple-macos10.14 -g -module-cache-path /Users/andreea/StudioProjects/Flutter_Project/build/macos/ModuleCache.noindex -Xfrontend -serialize-debugging-options -enable-testing -swift-version 5 -I /Users/andreea/StudioProjects/Flutter_Project/build/macos/Build/Products/Debug -F /Users/andreea/StudioProjects/Flutter_Project/build/macos/Build/Products/Debug -F /Users/andreea/StudioProjects/Flutter_Project/build/macos/Build/Products/Debug/app_links -F /Users/andreea/StudioProjects/Flutter_Project/build/macos/Build/Products/Debug/file_selector_macos -F /Users/andreea/StudioProjects/Flutter_Project/build/macos/Build/Products/Debug/path_provider_foundation -F /Users/andreea/StudioProjects/Flutter_Project/build/macos/Build/Products/Debug/share_plus -F /Users/andreea/StudioProjects/Flutter_Project/build/macos/Build/Products/Debug/shared_preferences_foundation -F /Users/andreea/StudioProjects/Flutter_Project/build/macos/Build/Products/Debug/sign_in_with_apple -F /Users/andreea/StudioProjects/Flutter_Project/build/macos/Build/Products/Debug/url_launcher_macos -F /Users/andreea/StudioProjects/Flutter_Project/build/macos/Build/Products/Debug/app_links -F /Users/andreea/StudioProjects/Flutter_Project/build/macos/Build/Products/Debug/file_selector_macos -F /Users/andreea/StudioProjects/Flutter_Project/build/macos/Build/Products/Debug/path_provider_foundation -F /Users/andreea/StudioProjects/Flutter_Project/build/macos/Build/Products/Debug/share_plus -F /Users/andreea/StudioProjects/Flutter_Project/build/macos/Build/Products/Debug/shared_preferences_foundation -F /Users/andreea/StudioProjects/Flutter_Project/build/macos/Build/Products/Debug/sign_in_with_apple -F /Users/andreea/StudioProjects/Flutter_Project/build/macos/Build/Products/Debug/url_launcher_macos -F /Users/andreea/StudioProjects/Flutter_Project/build/macos/Build/Products/Debug/app_links -F /Users/andreea/StudioProjects/Flutter_Project/build/macos/Build/Products/Debug/file_selector_macos -F /Users/andreea/StudioProjects/Flutter_Project/build/macos/Build/Products/Debug/path_provider_foundation -F /Users/andreea/StudioProjects/Flutter_Project/build/macos/Build/Products/Debug/share_plus -F /Users/andreea/StudioProjects/Flutter_Project/build/macos/Build/Products/Debug/shared_preferences_foundation -F /Users/andreea/StudioProjects/Flutter_Project/build/macos/Build/Products/Debug/sign_in_with_apple -F /Users/andreea/StudioProjects/Flutter_Project/build/macos/Build/Products/Debug/url_launcher_macos -F /Users/andreea/StudioProjects/Flutter_Project/build/macos/Build/Products/Debug/app_links -F /Users/andreea/StudioProjects/Flutter_Project/build/macos/Build/Products/Debug/file_selector_macos -F /Users/andreea/StudioProjects/Flutter_Project/build/macos/Build/Products/Debug/path_provider_foundation -F /Users/andreea/StudioProjects/Flutter_Project/build/macos/Build/Products/Debug/share_plus -F /Users/andreea/StudioProjects/Flutter_Project/build/macos/Build/Products/Debug/shared_preferences_foundation -F /Users/andreea/StudioProjects/Flutter_Project/build/macos/Build/Products/Debug/sign_in_with_apple -F /Users/andreea/StudioProjects/Flutter_Project/build/macos/Build/Products/Debug/url_launcher_macos -c -j10 -enable-batch-mode -incremental -Xcc -ivfsstatcache -Xcc /Users/andreea/StudioProjects/Flutter_Project/build/macos/SDKStatCaches.noindex/macosx15.4-24E241-88b860576fb364319593bd8fb30666b0.sdkstatcache -output-file-map /Users/andreea/StudioProjects/Flutter_Project/build/macos/Build/Intermediates.noindex/Runner.build/Debug/Runner.build/Objects-normal/arm64/Runner-OutputFileMap.json -use-frontend-parseable-output -save-temps -no-color-diagnostics -serialize-diagnostics -emit-dependencies -emit-module -emit-module-path /Users/andreea/StudioProjects/Flutter_Project/build/macos/Build/Intermediates.noindex/Runner.build/Debug/Runner.build/Objects-normal/arm64/honoo.swiftmodule -validate-clang-modules-once -clang-build-session-file /Users/andreea/StudioProjects/Flutter_Project/build/macos/ModuleCache.noindex/Session.modulevalidation -Xcc -I/Users/andreea/StudioProjects/Flutter_Project/build/macos/Build/Intermediates.noindex/Runner.build/Debug/Runner.build/swift-overrides.hmap -emit-const-values -Xfrontend -const-gather-protocols-file -Xfrontend /Users/andreea/StudioProjects/Flutter_Project/build/macos/Build/Intermediates.noindex/Runner.build/Debug/Runner.build/Objects-normal/arm64/Runner_const_extract_protocols.json -Xcc -iquote -Xcc /Users/andreea/StudioProjects/Flutter_Project/build/macos/Build/Intermediates.noindex/Runner.build/Debug/Runner.build/honoo-generated-files.hmap -Xcc -I/Users/andreea/StudioProjects/Flutter_Project/build/macos/Build/Intermediates.noindex/Runner.build/Debug/Runner.build/honoo-own-target-headers.hmap -Xcc -I/Users/andreea/StudioProjects/Flutter_Project/build/macos/Build/Intermediates.noindex/Runner.build/Debug/Runner.build/honoo-all-non-framework-target-headers.hmap -Xcc -ivfsoverlay -Xcc /Users/andreea/StudioProjects/Flutter_Project/build/macos/Build/Intermediates.noindex/Runner.build/Debug/Runner-18c1723432283e0cc55f10a6dcfd9e02-VFS/all-product-headers.yaml -Xcc -iquote -Xcc /Users/andreea/StudioProjects/Flutter_Project/build/macos/Build/Intermediates.noindex/Runner.build/Debug/Runner.build/honoo-project-headers.hmap -Xcc -I/Users/andreea/StudioProjects/Flutter_Project/build/macos/Build/Products/Debug/include -Xcc -I/Users/andreea/StudioProjects/Flutter_Project/build/macos/Build/Products/Debug/app_links/app_links.framework/Headers -Xcc -I/Users/andreea/StudioProjects/Flutter_Project/build/macos/Build/Products/Debug/file_selector_macos/file_selector_macos.framework/Headers -Xcc -I/Users/andreea/StudioProjects/Flutter_Project/build/macos/Build/Products/Debug/path_provider_foundation/path_provider_foundation.framework/Headers -Xcc -I/Users/andreea/StudioProjects/Flutter_Project/build/macos/Build/Products/Debug/share_plus/share_plus.framework/Headers -Xcc -I/Users/andreea/StudioProjects/Flutter_Project/build/macos/Build/Products/Debug/shared_preferences_foundation/shared_preferences_foundation.framework/Headers -Xcc -I/Users/andreea/StudioProjects/Flutter_Project/build/macos/Build/Products/Debug/sign_in_with_apple/sign_in_with_apple.framework/Headers -Xcc -I/Users/andreea/StudioProjects/Flutter_Project/build/macos/Build/Products/Debug/url_launcher_macos/url_launcher_macos.framework/Headers -Xcc -I/Users/andreea/StudioProjects/Flutter_Project/build/macos/Build/Products/Debug/app_links/app_links.framework/Headers -Xcc -I/Users/andreea/StudioProjects/Flutter_Project/build/macos/Build/Products/Debug/file_selector_macos/file_selector_macos.framework/Headers -Xcc -I/Users/andreea/StudioProjects/Flutter_Project/build/macos/Build/Products/Debug/path_provider_foundation/path_provider_foundation.framework/Headers -Xcc -I/Users/andreea/StudioProjects/Flutter_Project/build/macos/Build/Products/Debug/share_plus/share_plus.framework/Headers -Xcc -I/Users/andreea/StudioProjects/Flutter_Project/build/macos/Build/Products/Debug/shared_preferences_foundation/shared_preferences_foundation.framework/Headers -Xcc -I/Users/andreea/StudioProjects/Flutter_Project/build/macos/Build/Products/Debug/sign_in_with_apple/sign_in_with_apple.framework/Headers -Xcc -I/Users/andreea/StudioProjects/Flutter_Project/build/macos/Build/Products/Debug/url_launcher_macos/url_launcher_macos.framework/Headers -Xcc -I/Users/andreea/StudioProjects/Flutter_Project/build/macos/Build/Products/Debug/app_links/app_links.framework/Headers -Xcc -I/Users/andreea/StudioProjects/Flutter_Project/build/macos/Build/Products/Debug/file_selector_macos/file_selector_macos.framework/Headers -Xcc -I/Users/andreea/StudioProjects/Flutter_Project/build/macos/Build/Products/Debug/path_provider_foundation/path_provider_foundation.framework/Headers -Xcc -I/Users/andreea/StudioProjects/Flutter_Project/build/macos/Build/Products/Debug/share_plus/share_plus.framework/Headers -Xcc -I/Users/andreea/StudioProjects/Flutter_Project/build/macos/Build/Products/Debug/shared_preferences_foundation/shared_preferences_foundation.framework/Headers -Xcc -I/Users/andreea/StudioProjects/Flutter_Project/build/macos/Build/Products/Debug/sign_in_with_apple/sign_in_with_apple.framework/Headers -Xcc -I/Users/andreea/StudioProjects/Flutter_Project/build/macos/Build/Products/Debug/url_launcher_macos/url_launcher_macos.framework/Headers -Xcc -I/Users/andreea/StudioProjects/Flutter_Project/build/macos/Build/Products/Debug/app_links/app_links.framework/Headers -Xcc -I/Users/andreea/StudioProjects/Flutter_Project/build/macos/Build/Products/Debug/file_selector_macos/file_selector_macos.framework/Headers -Xcc -I/Users/andreea/StudioProjects/Flutter_Project/build/macos/Build/Products/Debug/path_provider_foundation/path_provider_foundation.framework/Headers -Xcc -I/Users/andreea/StudioProjects/Flutter_Project/build/macos/Build/Products/Debug/share_plus/share_plus.framework/Headers -Xcc -I/Users/andreea/StudioProjects/Flutter_Project/build/macos/Build/Products/Debug/shared_preferences_foundation/shared_preferences_foundation.framework/Headers -Xcc -I/Users/andreea/StudioProjects/Flutter_Project/build/macos/Build/Products/Debug/sign_in_with_apple/sign_in_with_apple.framework/Headers -Xcc -I/Users/andreea/StudioProjects/Flutter_Project/build/macos/Build/Products/Debug/url_launcher_macos/url_launcher_macos.framework/Headers -Xcc -I/Users/andreea/StudioProjects/Flutter_Project/build/macos/Build/Intermediates.noindex/Runner.build/Debug/Runner.build/DerivedSources-normal/arm64 -Xcc -I/Users/andreea/StudioProjects/Flutter_Project/build/macos/Build/Intermediates.noindex/Runner.build/Debug/Runner.build/DerivedSources/arm64 -Xcc -I/Users/andreea/StudioProjects/Flutter_Project/build/macos/Build/Intermediates.noindex/Runner.build/Debug/Runner.build/DerivedSources -Xcc -DDEBUG\=1 -Xcc -DCOCOAPODS\=1 -Xcc -DCOCOAPODS\=1 -Xcc -DCOCOAPODS\=1 -Xcc -DCOCOAPODS\=1 -emit-objc-header -emit-objc-header-path /Users/andreea/StudioProjects/Flutter_Project/build/macos/Build/Intermediates.noindex/Runner.build/Debug/Runner.build/Objects-normal/arm64/honoo-Swift.h -working-directory /Users/andreea/StudioProjects/Flutter_Project/macos -experimental-emit-module-separately -disable-cmo
[        ] SwiftCompile normal arm64 Compiling\ MainFlutterWindow.swift /Users/andreea/StudioProjects/Flutter_Project/macos/Runner/MainFlutterWindow.swift (in target 'Runner' from project 'Runner')
[        ] SwiftCompile normal arm64 /Users/andreea/StudioProjects/Flutter_Project/macos/Runner/MainFlutterWindow.swift (in target 'Runner' from project 'Runner')
[        ]     cd /Users/andreea/StudioProjects/Flutter_Project/macos
[+4618 ms] SwiftCompile normal arm64 Compiling\ GeneratedAssetSymbols.swift /Users/andreea/StudioProjects/Flutter_Project/build/macos/Build/Intermediates.noindex/Runner.build/Debug/Runner.build/DerivedSources/GeneratedAssetSymbols.swift (in target 'Runner' from project 'Runner')
[        ] SwiftCompile normal arm64 /Users/andreea/StudioProjects/Flutter_Project/build/macos/Build/Intermediates.noindex/Runner.build/Debug/Runner.build/DerivedSources/GeneratedAssetSymbols.swift (in target 'Runner' from project 'Runner')
[        ]     cd /Users/andreea/StudioProjects/Flutter_Project/macos
[  +49 ms] SwiftCompile normal arm64 Compiling\ AppDelegate.swift /Users/andreea/StudioProjects/Flutter_Project/macos/Runner/AppDelegate.swift (in target 'Runner' from project 'Runner')
[        ] SwiftCompile normal arm64 /Users/andreea/StudioProjects/Flutter_Project/macos/Runner/AppDelegate.swift (in target 'Runner' from project 'Runner')
[        ]     cd /Users/andreea/StudioProjects/Flutter_Project/macos
[        ] SwiftCompile normal arm64 Compiling\ GeneratedPluginRegistrant.swift /Users/andreea/StudioProjects/Flutter_Project/macos/Flutter/GeneratedPluginRegistrant.swift (in target 'Runner' from project 'Runner')
[        ] SwiftCompile normal arm64 /Users/andreea/StudioProjects/Flutter_Project/macos/Flutter/GeneratedPluginRegistrant.swift (in target 'Runner' from project 'Runner')
[        ]     cd /Users/andreea/StudioProjects/Flutter_Project/macos
[        ] SwiftEmitModule normal arm64 Emitting\ module\ for\ honoo (in target 'Runner' from project 'Runner')
[        ] EmitSwiftModule normal arm64 (in target 'Runner' from project 'Runner')
[        ]     cd /Users/andreea/StudioProjects/Flutter_Project/macos
[ +138 ms] LinkAssetCatalog /Users/andreea/StudioProjects/Flutter_Project/macos/Runner/Assets.xcassets (in target 'Runner' from project 'Runner')
[        ]     cd /Users/andreea/StudioProjects/Flutter_Project/macos
[        ]     builtin-linkAssetCatalog --thinned /Users/andreea/StudioProjects/Flutter_Project/build/macos/Build/Intermediates.noindex/Runner.build/Debug/Runner.build/assetcatalog_output/thinned --thinned-dependencies /Users/andreea/StudioProjects/Flutter_Project/build/macos/Build/Intermediates.noindex/Runner.build/Debug/Runner.build/assetcatalog_dependencies_thinned --thinned-info-plist-content /Users/andreea/StudioProjects/Flutter_Project/build/macos/Build/Intermediates.noindex/Runner.build/Debug/Runner.build/assetcatalog_generated_info.plist_thinned --unthinned /Users/andreea/StudioProjects/Flutter_Project/build/macos/Build/Intermediates.noindex/Runner.build/Debug/Runner.build/assetcatalog_output/unthinned --unthinned-dependencies /Users/andreea/StudioProjects/Flutter_Project/build/macos/Build/Intermediates.noindex/Runner.build/Debug/Runner.build/assetcatalog_dependencies_unthinned --unthinned-info-plist-content /Users/andreea/StudioProjects/Flutter_Project/build/macos/Build/Intermediates.noindex/Runner.build/Debug/Runner.build/assetcatalog_generated_info.plist_unthinned --output /Users/andreea/StudioProjects/Flutter_Project/build/macos/Build/Products/Debug/honoo.app/Contents/Resources --plist-output /Users/andreea/StudioProjects/Flutter_Project/build/macos/Build/Intermediates.noindex/Runner.build/Debug/Runner.build/assetcatalog_generated_info.plist
[        ] note: Emplaced /Users/andreea/StudioProjects/Flutter_Project/build/macos/Build/Products/Debug/honoo.app/Contents/Resources/Assets.car (in target 'Runner' from project 'Runner')
[        ] note: Emplaced /Users/andreea/StudioProjects/Flutter_Project/build/macos/Build/Products/Debug/honoo.app/Contents/Resources/AppIcon.icns (in target 'Runner' from project 'Runner')
[        ] ProcessInfoPlistFile /Users/andreea/StudioProjects/Flutter_Project/build/macos/Build/Products/Debug/honoo.app/Contents/Info.plist /Users/andreea/StudioProjects/Flutter_Project/macos/Runner/Info.plist (in target 'Runner' from project 'Runner')
[        ]     cd /Users/andreea/StudioProjects/Flutter_Project/macos
[        ]     builtin-infoPlistUtility /Users/andreea/StudioProjects/Flutter_Project/macos/Runner/Info.plist -producttype com.apple.product-type.application -genpkginfo /Users/andreea/StudioProjects/Flutter_Project/build/macos/Build/Products/Debug/honoo.app/Contents/PkgInfo -expandbuildsettings -platform macosx -additionalcontentfile /Users/andreea/StudioProjects/Flutter_Project/build/macos/Build/Intermediates.noindex/Runner.build/Debug/Runner.build/Base.lproj/MainMenu-PartialInfo.plist -additionalcontentfile /Users/andreea/StudioProjects/Flutter_Project/build/macos/Build/Intermediates.noindex/Runner.build/Debug/Runner.build/assetcatalog_generated_info.plist -o /Users/andreea/StudioProjects/Flutter_Project/build/macos/Build/Products/Debug/honoo.app/Contents/Info.plist
[        ] SwiftDriverJobDiscovery normal arm64 Compiling AppDelegate.swift (in target 'Runner' from project 'Runner')
[        ] SwiftDriverJobDiscovery normal arm64 Compiling GeneratedPluginRegistrant.swift (in target 'Runner' from project 'Runner')
[        ] SwiftDriverJobDiscovery normal arm64 Compiling MainFlutterWindow.swift (in target 'Runner' from project 'Runner')
[        ] SwiftDriverJobDiscovery normal arm64 Compiling GeneratedAssetSymbols.swift (in target 'Runner' from project 'Runner')
[        ] SwiftDriverJobDiscovery normal arm64 Emitting module for honoo (in target 'Runner' from project 'Runner')
[        ] SwiftDriver\ Compilation\ Requirements Runner normal arm64 com.apple.xcode.tools.swift.compiler (in target 'Runner' from project 'Runner')
[        ]     cd /Users/andreea/StudioProjects/Flutter_Project/macos
[        ]     builtin-Swift-Compilation-Requirements -- /Applications/Xcode.app/Contents/Developer/Toolchains/XcodeDefault.xctoolchain/usr/bin/swiftc -module-name honoo -Onone -enforce-exclusivity\=checked @/Users/andreea/StudioProjects/Flutter_Project/build/macos/Build/Intermediates.noindex/Runner.build/Debug/Runner.build/Objects-normal/arm64/honoo.SwiftFileList -DDEBUG -D COCOAPODS -D COCOAPODS -D COCOAPODS -D COCOAPODS -enable-bare-slash-regex -enable-experimental-feature DebugDescriptionMacro -sdk /Applications/Xcode.app/Contents/Developer/Platforms/MacOSX.platform/Developer/SDKs/MacOSX15.4.sdk -target arm64-apple-macos10.14 -g -module-cache-path /Users/andreea/StudioProjects/Flutter_Project/build/macos/ModuleCache.noindex -Xfrontend -serialize-debugging-options -enable-testing -swift-version 5 -I /Users/andreea/StudioProjects/Flutter_Project/build/macos/Build/Products/Debug -F /Users/andreea/StudioProjects/Flutter_Project/build/macos/Build/Products/Debug -F /Users/andreea/StudioProjects/Flutter_Project/build/macos/Build/Products/Debug/app_links -F /Users/andreea/StudioProjects/Flutter_Project/build/macos/Build/Products/Debug/file_selector_macos -F /Users/andreea/StudioProjects/Flutter_Project/build/macos/Build/Products/Debug/path_provider_foundation -F /Users/andreea/StudioProjects/Flutter_Project/build/macos/Build/Products/Debug/share_plus -F /Users/andreea/StudioProjects/Flutter_Project/build/macos/Build/Products/Debug/shared_preferences_foundation -F /Users/andreea/StudioProjects/Flutter_Project/build/macos/Build/Products/Debug/sign_in_with_apple -F /Users/andreea/StudioProjects/Flutter_Project/build/macos/Build/Products/Debug/url_launcher_macos -F /Users/andreea/StudioProjects/Flutter_Project/build/macos/Build/Products/Debug/app_links -F /Users/andreea/StudioProjects/Flutter_Project/build/macos/Build/Products/Debug/file_selector_macos -F /Users/andreea/StudioProjects/Flutter_Project/build/macos/Build/Products/Debug/path_provider_foundation -F /Users/andreea/StudioProjects/Flutter_Project/build/macos/Build/Products/Debug/share_plus -F /Users/andreea/StudioProjects/Flutter_Project/build/macos/Build/Products/Debug/shared_preferences_foundation -F /Users/andreea/StudioProjects/Flutter_Project/build/macos/Build/Products/Debug/sign_in_with_apple -F /Users/andreea/StudioProjects/Flutter_Project/build/macos/Build/Products/Debug/url_launcher_macos -F /Users/andreea/StudioProjects/Flutter_Project/build/macos/Build/Products/Debug/app_links -F /Users/andreea/StudioProjects/Flutter_Project/build/macos/Build/Products/Debug/file_selector_macos -F /Users/andreea/StudioProjects/Flutter_Project/build/macos/Build/Products/Debug/path_provider_foundation -F /Users/andreea/StudioProjects/Flutter_Project/build/macos/Build/Products/Debug/share_plus -F /Users/andreea/StudioProjects/Flutter_Project/build/macos/Build/Products/Debug/shared_preferences_foundation -F /Users/andreea/StudioProjects/Flutter_Project/build/macos/Build/Products/Debug/sign_in_with_apple -F /Users/andreea/StudioProjects/Flutter_Project/build/macos/Build/Products/Debug/url_launcher_macos -F /Users/andreea/StudioProjects/Flutter_Project/build/macos/Build/Products/Debug/app_links -F /Users/andreea/StudioProjects/Flutter_Project/build/macos/Build/Products/Debug/file_selector_macos -F /Users/andreea/StudioProjects/Flutter_Project/build/macos/Build/Products/Debug/path_provider_foundation -F /Users/andreea/StudioProjects/Flutter_Project/build/macos/Build/Products/Debug/share_plus -F /Users/andreea/StudioProjects/Flutter_Project/build/macos/Build/Products/Debug/shared_preferences_foundation -F /Users/andreea/StudioProjects/Flutter_Project/build/macos/Build/Products/Debug/sign_in_with_apple -F /Users/andreea/StudioProjects/Flutter_Project/build/macos/Build/Products/Debug/url_launcher_macos -c -j10 -enable-batch-mode -incremental -Xcc -ivfsstatcache -Xcc /Users/andreea/StudioProjects/Flutter_Project/build/macos/SDKStatCaches.noindex/macosx15.4-24E241-88b860576fb364319593bd8fb30666b0.sdkstatcache -output-file-map /Users/andreea/StudioProjects/Flutter_Project/build/macos/Build/Intermediates.noindex/Runner.build/Debug/Runner.build/Objects-normal/arm64/Runner-OutputFileMap.json -use-frontend-parseable-output -save-temps -no-color-diagnostics -serialize-diagnostics -emit-dependencies -emit-module -emit-module-path /Users/andreea/StudioProjects/Flutter_Project/build/macos/Build/Intermediates.noindex/Runner.build/Debug/Runner.build/Objects-normal/arm64/honoo.swiftmodule -validate-clang-modules-once -clang-build-session-file /Users/andreea/StudioProjects/Flutter_Project/build/macos/ModuleCache.noindex/Session.modulevalidation -Xcc -I/Users/andreea/StudioProjects/Flutter_Project/build/macos/Build/Intermediates.noindex/Runner.build/Debug/Runner.build/swift-overrides.hmap -emit-const-values -Xfrontend -const-gather-protocols-file -Xfrontend /Users/andreea/StudioProjects/Flutter_Project/build/macos/Build/Intermediates.noindex/Runner.build/Debug/Runner.build/Objects-normal/arm64/Runner_const_extract_protocols.json -Xcc -iquote -Xcc /Users/andreea/StudioProjects/Flutter_Project/build/macos/Build/Intermediates.noindex/Runner.build/Debug/Runner.build/honoo-generated-files.hmap -Xcc -I/Users/andreea/StudioProjects/Flutter_Project/build/macos/Build/Intermediates.noindex/Runner.build/Debug/Runner.build/honoo-own-target-headers.hmap -Xcc -I/Users/andreea/StudioProjects/Flutter_Project/build/macos/Build/Intermediates.noindex/Runner.build/Debug/Runner.build/honoo-all-non-framework-target-headers.hmap -Xcc -ivfsoverlay -Xcc /Users/andreea/StudioProjects/Flutter_Project/build/macos/Build/Intermediates.noindex/Runner.build/Debug/Runner-18c1723432283e0cc55f10a6dcfd9e02-VFS/all-product-headers.yaml -Xcc -iquote -Xcc /Users/andreea/StudioProjects/Flutter_Project/build/macos/Build/Intermediates.noindex/Runner.build/Debug/Runner.build/honoo-project-headers.hmap -Xcc -I/Users/andreea/StudioProjects/Flutter_Project/build/macos/Build/Products/Debug/include -Xcc -I/Users/andreea/StudioProjects/Flutter_Project/build/macos/Build/Products/Debug/app_links/app_links.framework/Headers -Xcc -I/Users/andreea/StudioProjects/Flutter_Project/build/macos/Build/Products/Debug/file_selector_macos/file_selector_macos.framework/Headers -Xcc -I/Users/andreea/StudioProjects/Flutter_Project/build/macos/Build/Products/Debug/path_provider_foundation/path_provider_foundation.framework/Headers -Xcc -I/Users/andreea/StudioProjects/Flutter_Project/build/macos/Build/Products/Debug/share_plus/share_plus.framework/Headers -Xcc -I/Users/andreea/StudioProjects/Flutter_Project/build/macos/Build/Products/Debug/shared_preferences_foundation/shared_preferences_foundation.framework/Headers -Xcc -I/Users/andreea/StudioProjects/Flutter_Project/build/macos/Build/Products/Debug/sign_in_with_apple/sign_in_with_apple.framework/Headers -Xcc -I/Users/andreea/StudioProjects/Flutter_Project/build/macos/Build/Products/Debug/url_launcher_macos/url_launcher_macos.framework/Headers -Xcc -I/Users/andreea/StudioProjects/Flutter_Project/build/macos/Build/Products/Debug/app_links/app_links.framework/Headers -Xcc -I/Users/andreea/StudioProjects/Flutter_Project/build/macos/Build/Products/Debug/file_selector_macos/file_selector_macos.framework/Headers -Xcc -I/Users/andreea/StudioProjects/Flutter_Project/build/macos/Build/Products/Debug/path_provider_foundation/path_provider_foundation.framework/Headers -Xcc -I/Users/andreea/StudioProjects/Flutter_Project/build/macos/Build/Products/Debug/share_plus/share_plus.framework/Headers -Xcc -I/Users/andreea/StudioProjects/Flutter_Project/build/macos/Build/Products/Debug/shared_preferences_foundation/shared_preferences_foundation.framework/Headers -Xcc -I/Users/andreea/StudioProjects/Flutter_Project/build/macos/Build/Products/Debug/sign_in_with_apple/sign_in_with_apple.framework/Headers -Xcc -I/Users/andreea/StudioProjects/Flutter_Project/build/macos/Build/Products/Debug/url_launcher_macos/url_launcher_macos.framework/Headers -Xcc -I/Users/andreea/StudioProjects/Flutter_Project/build/macos/Build/Products/Debug/app_links/app_links.framework/Headers -Xcc -I/Users/andreea/StudioProjects/Flutter_Project/build/macos/Build/Products/Debug/file_selector_macos/file_selector_macos.framework/Headers -Xcc -I/Users/andreea/StudioProjects/Flutter_Project/build/macos/Build/Products/Debug/path_provider_foundation/path_provider_foundation.framework/Headers -Xcc -I/Users/andreea/StudioProjects/Flutter_Project/build/macos/Build/Products/Debug/share_plus/share_plus.framework/Headers -Xcc -I/Users/andreea/StudioProjects/Flutter_Project/build/macos/Build/Products/Debug/shared_preferences_foundation/shared_preferences_foundation.framework/Headers -Xcc -I/Users/andreea/StudioProjects/Flutter_Project/build/macos/Build/Products/Debug/sign_in_with_apple/sign_in_with_apple.framework/Headers -Xcc -I/Users/andreea/StudioProjects/Flutter_Project/build/macos/Build/Products/Debug/url_launcher_macos/url_launcher_macos.framework/Headers -Xcc -I/Users/andreea/StudioProjects/Flutter_Project/build/macos/Build/Products/Debug/app_links/app_links.framework/Headers -Xcc -I/Users/andreea/StudioProjects/Flutter_Project/build/macos/Build/Products/Debug/file_selector_macos/file_selector_macos.framework/Headers -Xcc -I/Users/andreea/StudioProjects/Flutter_Project/build/macos/Build/Products/Debug/path_provider_foundation/path_provider_foundation.framework/Headers -Xcc -I/Users/andreea/StudioProjects/Flutter_Project/build/macos/Build/Products/Debug/share_plus/share_plus.framework/Headers -Xcc -I/Users/andreea/StudioProjects/Flutter_Project/build/macos/Build/Products/Debug/shared_preferences_foundation/shared_preferences_foundation.framework/Headers -Xcc -I/Users/andreea/StudioProjects/Flutter_Project/build/macos/Build/Products/Debug/sign_in_with_apple/sign_in_with_apple.framework/Headers -Xcc -I/Users/andreea/StudioProjects/Flutter_Project/build/macos/Build/Products/Debug/url_launcher_macos/url_launcher_macos.framework/Headers -Xcc -I/Users/andreea/StudioProjects/Flutter_Project/build/macos/Build/Intermediates.noindex/Runner.build/Debug/Runner.build/DerivedSources-normal/arm64 -Xcc -I/Users/andreea/StudioProjects/Flutter_Project/build/macos/Build/Intermediates.noindex/Runner.build/Debug/Runner.build/DerivedSources/arm64 -Xcc -I/Users/andreea/StudioProjects/Flutter_Project/build/macos/Build/Intermediates.noindex/Runner.build/Debug/Runner.build/DerivedSources -Xcc -DDEBUG\=1 -Xcc -DCOCOAPODS\=1 -Xcc -DCOCOAPODS\=1 -Xcc -DCOCOAPODS\=1 -Xcc -DCOCOAPODS\=1 -emit-objc-header -emit-objc-header-path /Users/andreea/StudioProjects/Flutter_Project/build/macos/Build/Intermediates.noindex/Runner.build/Debug/Runner.build/Objects-normal/arm64/honoo-Swift.h -working-directory /Users/andreea/StudioProjects/Flutter_Project/macos -experimental-emit-module-separately -disable-cmo
[   +1 ms] SwiftDriver\ Compilation Runner normal arm64 com.apple.xcode.tools.swift.compiler (in target 'Runner' from project 'Runner')
[        ]     cd /Users/andreea/StudioProjects/Flutter_Project/macos
[        ]     builtin-Swift-Compilation -- /Applications/Xcode.app/Contents/Developer/Toolchains/XcodeDefault.xctoolchain/usr/bin/swiftc -module-name honoo -Onone -enforce-exclusivity\=checked @/Users/andreea/StudioProjects/Flutter_Project/build/macos/Build/Intermediates.noindex/Runner.build/Debug/Runner.build/Objects-normal/arm64/honoo.SwiftFileList -DDEBUG -D COCOAPODS -D COCOAPODS -D COCOAPODS -D COCOAPODS -enable-bare-slash-regex -enable-experimental-feature DebugDescriptionMacro -sdk /Applications/Xcode.app/Contents/Developer/Platforms/MacOSX.platform/Developer/SDKs/MacOSX15.4.sdk -target arm64-apple-macos10.14 -g -module-cache-path /Users/andreea/StudioProjects/Flutter_Project/build/macos/ModuleCache.noindex -Xfrontend -serialize-debugging-options -enable-testing -swift-version 5 -I /Users/andreea/StudioProjects/Flutter_Project/build/macos/Build/Products/Debug -F /Users/andreea/StudioProjects/Flutter_Project/build/macos/Build/Products/Debug -F /Users/andreea/StudioProjects/Flutter_Project/build/macos/Build/Products/Debug/app_links -F /Users/andreea/StudioProjects/Flutter_Project/build/macos/Build/Products/Debug/file_selector_macos -F /Users/andreea/StudioProjects/Flutter_Project/build/macos/Build/Products/Debug/path_provider_foundation -F /Users/andreea/StudioProjects/Flutter_Project/build/macos/Build/Products/Debug/share_plus -F /Users/andreea/StudioProjects/Flutter_Project/build/macos/Build/Products/Debug/shared_preferences_foundation -F /Users/andreea/StudioProjects/Flutter_Project/build/macos/Build/Products/Debug/sign_in_with_apple -F /Users/andreea/StudioProjects/Flutter_Project/build/macos/Build/Products/Debug/url_launcher_macos -F /Users/andreea/StudioProjects/Flutter_Project/build/macos/Build/Products/Debug/app_links -F /Users/andreea/StudioProjects/Flutter_Project/build/macos/Build/Products/Debug/file_selector_macos -F /Users/andreea/StudioProjects/Flutter_Project/build/macos/Build/Products/Debug/path_provider_foundation -F /Users/andreea/StudioProjects/Flutter_Project/build/macos/Build/Products/Debug/share_plus -F /Users/andreea/StudioProjects/Flutter_Project/build/macos/Build/Products/Debug/shared_preferences_foundation -F /Users/andreea/StudioProjects/Flutter_Project/build/macos/Build/Products/Debug/sign_in_with_apple -F /Users/andreea/StudioProjects/Flutter_Project/build/macos/Build/Products/Debug/url_launcher_macos -F /Users/andreea/StudioProjects/Flutter_Project/build/macos/Build/Products/Debug/app_links -F /Users/andreea/StudioProjects/Flutter_Project/build/macos/Build/Products/Debug/file_selector_macos -F /Users/andreea/StudioProjects/Flutter_Project/build/macos/Build/Products/Debug/path_provider_foundation -F /Users/andreea/StudioProjects/Flutter_Project/build/macos/Build/Products/Debug/share_plus -F /Users/andreea/StudioProjects/Flutter_Project/build/macos/Build/Products/Debug/shared_preferences_foundation -F /Users/andreea/StudioProjects/Flutter_Project/build/macos/Build/Products/Debug/sign_in_with_apple -F /Users/andreea/StudioProjects/Flutter_Project/build/macos/Build/Products/Debug/url_launcher_macos -F /Users/andreea/StudioProjects/Flutter_Project/build/macos/Build/Products/Debug/app_links -F /Users/andreea/StudioProjects/Flutter_Project/build/macos/Build/Products/Debug/file_selector_macos -F /Users/andreea/StudioProjects/Flutter_Project/build/macos/Build/Products/Debug/path_provider_foundation -F /Users/andreea/StudioProjects/Flutter_Project/build/macos/Build/Products/Debug/share_plus -F /Users/andreea/StudioProjects/Flutter_Project/build/macos/Build/Products/Debug/shared_preferences_foundation -F /Users/andreea/StudioProjects/Flutter_Project/build/macos/Build/Products/Debug/sign_in_with_apple -F /Users/andreea/StudioProjects/Flutter_Project/build/macos/Build/Products/Debug/url_launcher_macos -c -j10 -enable-batch-mode -incremental -Xcc -ivfsstatcache -Xcc /Users/andreea/StudioProjects/Flutter_Project/build/macos/SDKStatCaches.noindex/macosx15.4-24E241-88b860576fb364319593bd8fb30666b0.sdkstatcache -output-file-map /Users/andreea/StudioProjects/Flutter_Project/build/macos/Build/Intermediates.noindex/Runner.build/Debug/Runner.build/Objects-normal/arm64/Runner-OutputFileMap.json -use-frontend-parseable-output -save-temps -no-color-diagnostics -serialize-diagnostics -emit-dependencies -emit-module -emit-module-path /Users/andreea/StudioProjects/Flutter_Project/build/macos/Build/Intermediates.noindex/Runner.build/Debug/Runner.build/Objects-normal/arm64/honoo.swiftmodule -validate-clang-modules-once -clang-build-session-file /Users/andreea/StudioProjects/Flutter_Project/build/macos/ModuleCache.noindex/Session.modulevalidation -Xcc -I/Users/andreea/StudioProjects/Flutter_Project/build/macos/Build/Intermediates.noindex/Runner.build/Debug/Runner.build/swift-overrides.hmap -emit-const-values -Xfrontend -const-gather-protocols-file -Xfrontend /Users/andreea/StudioProjects/Flutter_Project/build/macos/Build/Intermediates.noindex/Runner.build/Debug/Runner.build/Objects-normal/arm64/Runner_const_extract_protocols.json -Xcc -iquote -Xcc /Users/andreea/StudioProjects/Flutter_Project/build/macos/Build/Intermediates.noindex/Runner.build/Debug/Runner.build/honoo-generated-files.hmap -Xcc -I/Users/andreea/StudioProjects/Flutter_Project/build/macos/Build/Intermediates.noindex/Runner.build/Debug/Runner.build/honoo-own-target-headers.hmap -Xcc -I/Users/andreea/StudioProjects/Flutter_Project/build/macos/Build/Intermediates.noindex/Runner.build/Debug/Runner.build/honoo-all-non-framework-target-headers.hmap -Xcc -ivfsoverlay -Xcc /Users/andreea/StudioProjects/Flutter_Project/build/macos/Build/Intermediates.noindex/Runner.build/Debug/Runner-18c1723432283e0cc55f10a6dcfd9e02-VFS/all-product-headers.yaml -Xcc -iquote -Xcc /Users/andreea/StudioProjects/Flutter_Project/build/macos/Build/Intermediates.noindex/Runner.build/Debug/Runner.build/honoo-project-headers.hmap -Xcc -I/Users/andreea/StudioProjects/Flutter_Project/build/macos/Build/Products/Debug/include -Xcc -I/Users/andreea/StudioProjects/Flutter_Project/build/macos/Build/Products/Debug/app_links/app_links.framework/Headers -Xcc -I/Users/andreea/StudioProjects/Flutter_Project/build/macos/Build/Products/Debug/file_selector_macos/file_selector_macos.framework/Headers -Xcc -I/Users/andreea/StudioProjects/Flutter_Project/build/macos/Build/Products/Debug/path_provider_foundation/path_provider_foundation.framework/Headers -Xcc -I/Users/andreea/StudioProjects/Flutter_Project/build/macos/Build/Products/Debug/share_plus/share_plus.framework/Headers -Xcc -I/Users/andreea/StudioProjects/Flutter_Project/build/macos/Build/Products/Debug/shared_preferences_foundation/shared_preferences_foundation.framework/Headers -Xcc -I/Users/andreea/StudioProjects/Flutter_Project/build/macos/Build/Products/Debug/sign_in_with_apple/sign_in_with_apple.framework/Headers -Xcc -I/Users/andreea/StudioProjects/Flutter_Project/build/macos/Build/Products/Debug/url_launcher_macos/url_launcher_macos.framework/Headers -Xcc -I/Users/andreea/StudioProjects/Flutter_Project/build/macos/Build/Products/Debug/app_links/app_links.framework/Headers -Xcc -I/Users/andreea/StudioProjects/Flutter_Project/build/macos/Build/Products/Debug/file_selector_macos/file_selector_macos.framework/Headers -Xcc -I/Users/andreea/StudioProjects/Flutter_Project/build/macos/Build/Products/Debug/path_provider_foundation/path_provider_foundation.framework/Headers -Xcc -I/Users/andreea/StudioProjects/Flutter_Project/build/macos/Build/Products/Debug/share_plus/share_plus.framework/Headers -Xcc -I/Users/andreea/StudioProjects/Flutter_Project/build/macos/Build/Products/Debug/shared_preferences_foundation/shared_preferences_foundation.framework/Headers -Xcc -I/Users/andreea/StudioProjects/Flutter_Project/build/macos/Build/Products/Debug/sign_in_with_apple/sign_in_with_apple.framework/Headers -Xcc -I/Users/andreea/StudioProjects/Flutter_Project/build/macos/Build/Products/Debug/url_launcher_macos/url_launcher_macos.framework/Headers -Xcc -I/Users/andreea/StudioProjects/Flutter_Project/build/macos/Build/Products/Debug/app_links/app_links.framework/Headers -Xcc -I/Users/andreea/StudioProjects/Flutter_Project/build/macos/Build/Products/Debug/file_selector_macos/file_selector_macos.framework/Headers -Xcc -I/Users/andreea/StudioProjects/Flutter_Project/build/macos/Build/Products/Debug/path_provider_foundation/path_provider_foundation.framework/Headers -Xcc -I/Users/andreea/StudioProjects/Flutter_Project/build/macos/Build/Products/Debug/share_plus/share_plus.framework/Headers -Xcc -I/Users/andreea/StudioProjects/Flutter_Project/build/macos/Build/Products/Debug/shared_preferences_foundation/shared_preferences_foundation.framework/Headers -Xcc -I/Users/andreea/StudioProjects/Flutter_Project/build/macos/Build/Products/Debug/sign_in_with_apple/sign_in_with_apple.framework/Headers -Xcc -I/Users/andreea/StudioProjects/Flutter_Project/build/macos/Build/Products/Debug/url_launcher_macos/url_launcher_macos.framework/Headers -Xcc -I/Users/andreea/StudioProjects/Flutter_Project/build/macos/Build/Products/Debug/app_links/app_links.framework/Headers -Xcc -I/Users/andreea/StudioProjects/Flutter_Project/build/macos/Build/Products/Debug/file_selector_macos/file_selector_macos.framework/Headers -Xcc -I/Users/andreea/StudioProjects/Flutter_Project/build/macos/Build/Products/Debug/path_provider_foundation/path_provider_foundation.framework/Headers -Xcc -I/Users/andreea/StudioProjects/Flutter_Project/build/macos/Build/Products/Debug/share_plus/share_plus.framework/Headers -Xcc -I/Users/andreea/StudioProjects/Flutter_Project/build/macos/Build/Products/Debug/shared_preferences_foundation/shared_preferences_foundation.framework/Headers -Xcc -I/Users/andreea/StudioProjects/Flutter_Project/build/macos/Build/Products/Debug/sign_in_with_apple/sign_in_with_apple.framework/Headers -Xcc -I/Users/andreea/StudioProjects/Flutter_Project/build/macos/Build/Products/Debug/url_launcher_macos/url_launcher_macos.framework/Headers -Xcc -I/Users/andreea/StudioProjects/Flutter_Project/build/macos/Build/Intermediates.noindex/Runner.build/Debug/Runner.build/DerivedSources-normal/arm64 -Xcc -I/Users/andreea/StudioProjects/Flutter_Project/build/macos/Build/Intermediates.noindex/Runner.build/Debug/Runner.build/DerivedSources/arm64 -Xcc -I/Users/andreea/StudioProjects/Flutter_Project/build/macos/Build/Intermediates.noindex/Runner.build/Debug/Runner.build/DerivedSources -Xcc -DDEBUG\=1 -Xcc -DCOCOAPODS\=1 -Xcc -DCOCOAPODS\=1 -Xcc -DCOCOAPODS\=1 -Xcc -DCOCOAPODS\=1 -emit-objc-header -emit-objc-header-path /Users/andreea/StudioProjects/Flutter_Project/build/macos/Build/Intermediates.noindex/Runner.build/Debug/Runner.build/Objects-normal/arm64/honoo-Swift.h -working-directory /Users/andreea/StudioProjects/Flutter_Project/macos -experimental-emit-module-separately -disable-cmo
[        ] SwiftMergeGeneratedHeaders /Users/andreea/StudioProjects/Flutter_Project/build/macos/Build/Intermediates.noindex/Runner.build/Debug/Runner.build/DerivedSources/honoo-Swift.h /Users/andreea/StudioProjects/Flutter_Project/build/macos/Build/Intermediates.noindex/Runner.build/Debug/Runner.build/Objects-normal/arm64/honoo-Swift.h (in target 'Runner' from project 'Runner')
[        ]     cd /Users/andreea/StudioProjects/Flutter_Project/macos
[        ]     builtin-swiftHeaderTool -arch arm64 /Users/andreea/StudioProjects/Flutter_Project/build/macos/Build/Intermediates.noindex/Runner.build/Debug/Runner.build/Objects-normal/arm64/honoo-Swift.h -o /Users/andreea/StudioProjects/Flutter_Project/build/macos/Build/Intermediates.noindex/Runner.build/Debug/Runner.build/DerivedSources/honoo-Swift.h
[   +1 ms] Copy /Users/andreea/StudioProjects/Flutter_Project/build/macos/Build/Products/Debug/honoo.swiftmodule/arm64-apple-macos.abi.json /Users/andreea/StudioProjects/Flutter_Project/build/macos/Build/Intermediates.noindex/Runner.build/Debug/Runner.build/Objects-normal/arm64/honoo.abi.json (in target 'Runner' from project 'Runner')
[        ]     cd /Users/andreea/StudioProjects/Flutter_Project/macos
[        ]     builtin-copy -exclude .DS_Store -exclude CVS -exclude .svn -exclude .git -exclude .hg -resolve-src-symlinks -rename /Users/andreea/StudioProjects/Flutter_Project/build/macos/Build/Intermediates.noindex/Runner.build/Debug/Runner.build/Objects-normal/arm64/honoo.abi.json /Users/andreea/StudioProjects/Flutter_Project/build/macos/Build/Products/Debug/honoo.swiftmodule/arm64-apple-macos.abi.json
[   +1 ms] Copy /Users/andreea/StudioProjects/Flutter_Project/build/macos/Build/Products/Debug/honoo.swiftmodule/arm64-apple-macos.swiftdoc /Users/andreea/StudioProjects/Flutter_Project/build/macos/Build/Intermediates.noindex/Runner.build/Debug/Runner.build/Objects-normal/arm64/honoo.swiftdoc (in target 'Runner' from project 'Runner')
[        ]     cd /Users/andreea/StudioProjects/Flutter_Project/macos
[        ]     builtin-copy -exclude .DS_Store -exclude CVS -exclude .svn -exclude .git -exclude .hg -resolve-src-symlinks -rename /Users/andreea/StudioProjects/Flutter_Project/build/macos/Build/Intermediates.noindex/Runner.build/Debug/Runner.build/Objects-normal/arm64/honoo.swiftdoc /Users/andreea/StudioProjects/Flutter_Project/build/macos/Build/Products/Debug/honoo.swiftmodule/arm64-apple-macos.swiftdoc
[        ] Copy /Users/andreea/StudioProjects/Flutter_Project/build/macos/Build/Products/Debug/honoo.swiftmodule/arm64-apple-macos.swiftmodule /Users/andreea/StudioProjects/Flutter_Project/build/macos/Build/Intermediates.noindex/Runner.build/Debug/Runner.build/Objects-normal/arm64/honoo.swiftmodule (in target 'Runner' from project 'Runner')
[        ]     cd /Users/andreea/StudioProjects/Flutter_Project/macos
[        ]     builtin-copy -exclude .DS_Store -exclude CVS -exclude .svn -exclude .git -exclude .hg -resolve-src-symlinks -rename /Users/andreea/StudioProjects/Flutter_Project/build/macos/Build/Intermediates.noindex/Runner.build/Debug/Runner.build/Objects-normal/arm64/honoo.swiftmodule /Users/andreea/StudioProjects/Flutter_Project/build/macos/Build/Products/Debug/honoo.swiftmodule/arm64-apple-macos.swiftmodule
[        ] Copy /Users/andreea/StudioProjects/Flutter_Project/build/macos/Build/Products/Debug/honoo.swiftmodule/Project/arm64-apple-macos.swiftsourceinfo /Users/andreea/StudioProjects/Flutter_Project/build/macos/Build/Intermediates.noindex/Runner.build/Debug/Runner.build/Objects-normal/arm64/honoo.swiftsourceinfo (in target 'Runner' from project 'Runner')
[        ]     cd /Users/andreea/StudioProjects/Flutter_Project/macos
[        ]     builtin-copy -exclude .DS_Store -exclude CVS -exclude .svn -exclude .git -exclude .hg -resolve-src-symlinks -rename /Users/andreea/StudioProjects/Flutter_Project/build/macos/Build/Intermediates.noindex/Runner.build/Debug/Runner.build/Objects-normal/arm64/honoo.swiftsourceinfo /Users/andreea/StudioProjects/Flutter_Project/build/macos/Build/Products/Debug/honoo.swiftmodule/Project/arm64-apple-macos.swiftsourceinfo
[        ] Ld /Users/andreea/StudioProjects/Flutter_Project/build/macos/Build/Products/Debug/honoo.app/Contents/MacOS/honoo.debug.dylib normal (in target 'Runner' from project 'Runner')
[        ]     cd /Users/andreea/StudioProjects/Flutter_Project/macos
[        ]     /Applications/Xcode.app/Contents/Developer/Toolchains/XcodeDefault.xctoolchain/usr/bin/clang -Xlinker -reproducible -target arm64-apple-macos10.14 -dynamiclib -isysroot /Applications/Xcode.app/Contents/Developer/Platforms/MacOSX.platform/Developer/SDKs/MacOSX15.4.sdk -O0 -L/Users/andreea/StudioProjects/Flutter_Project/build/macos/Build/Intermediates.noindex/EagerLinkingTBDs/Debug -L/Users/andreea/StudioProjects/Flutter_Project/build/macos/Build/Products/Debug -L/Applications/Xcode.app/Contents/Developer/Toolchains/XcodeDefault.xctoolchain/usr/lib/swift/macosx -L/Applications/Xcode.app/Contents/Developer/Platforms/MacOSX.platform/Developer/SDKs/MacOSX15.4.sdk/usr/lib/swift -L/Applications/Xcode.app/Contents/Developer/Toolchains/XcodeDefault.xctoolchain/usr/lib/swift/macosx -L/Applications/Xcode.app/Contents/Developer/Platforms/MacOSX.platform/Developer/SDKs/MacOSX15.4.sdk/usr/lib/swift -L/Applications/Xcode.app/Contents/Developer/Toolchains/XcodeDefault.xctoolchain/usr/lib/swift/macosx -L/Applications/Xcode.app/Contents/Developer/Platforms/MacOSX.platform/Developer/SDKs/MacOSX15.4.sdk/usr/lib/swift -L/Applications/Xcode.app/Contents/Developer/Toolchains/XcodeDefault.xctoolchain/usr/lib/swift/macosx -L/Applications/Xcode.app/Contents/Developer/Platforms/MacOSX.platform/Developer/SDKs/MacOSX15.4.sdk/usr/lib/swift -L/Applications/Xcode.app/Contents/Developer/Toolchains/XcodeDefault.xctoolchain/usr/lib/swift/macosx -L/Applications/Xcode.app/Contents/Developer/Platforms/MacOSX.platform/Developer/SDKs/MacOSX15.4.sdk/usr/lib/swift -L/Applications/Xcode.app/Contents/Developer/Toolchains/XcodeDefault.xctoolchain/usr/lib/swift/macosx -L/Applications/Xcode.app/Contents/Developer/Platforms/MacOSX.platform/Developer/SDKs/MacOSX15.4.sdk/usr/lib/swift -L/Applications/Xcode.app/Contents/Developer/Toolchains/XcodeDefault.xctoolchain/usr/lib/swift/macosx -L/Applications/Xcode.app/Contents/Developer/Platforms/MacOSX.platform/Developer/SDKs/MacOSX15.4.sdk/usr/lib/swift -L/Applications/Xcode.app/Contents/Developer/Toolchains/XcodeDefault.xctoolchain/usr/lib/swift/macosx -L/Applications/Xcode.app/Contents/Developer/Platforms/MacOSX.platform/Developer/SDKs/MacOSX15.4.sdk/usr/lib/swift -F/Users/andreea/StudioProjects/Flutter_Project/build/macos/Build/Intermediates.noindex/EagerLinkingTBDs/Debug -F/Users/andreea/StudioProjects/Flutter_Project/build/macos/Build/Products/Debug -F/Users/andreea/StudioProjects/Flutter_Project/build/macos/Build/Products/Debug/app_links -F/Users/andreea/StudioProjects/Flutter_Project/build/macos/Build/Products/Debug/file_selector_macos -F/Users/andreea/StudioProjects/Flutter_Project/build/macos/Build/Products/Debug/path_provider_foundation -F/Users/andreea/StudioProjects/Flutter_Project/build/macos/Build/Products/Debug/share_plus -F/Users/andreea/StudioProjects/Flutter_Project/build/macos/Build/Products/Debug/shared_preferences_foundation -F/Users/andreea/StudioProjects/Flutter_Project/build/macos/Build/Products/Debug/sign_in_with_apple -F/Users/andreea/StudioProjects/Flutter_Project/build/macos/Build/Products/Debug/url_launcher_macos -F/Users/andreea/StudioProjects/Flutter_Project/build/macos/Build/Products/Debug/app_links -F/Users/andreea/StudioProjects/Flutter_Project/build/macos/Build/Products/Debug/file_selector_macos -F/Users/andreea/StudioProjects/Flutter_Project/build/macos/Build/Products/Debug/path_provider_foundation -F/Users/andreea/StudioProjects/Flutter_Project/build/macos/Build/Products/Debug/share_plus -F/Users/andreea/StudioProjects/Flutter_Project/build/macos/Build/Products/Debug/shared_preferences_foundation -F/Users/andreea/StudioProjects/Flutter_Project/build/macos/Build/Products/Debug/sign_in_with_apple -F/Users/andreea/StudioProjects/Flutter_Project/build/macos/Build/Products/Debug/url_launcher_macos -F/Users/andreea/StudioProjects/Flutter_Project/build/macos/Build/Products/Debug/app_links -F/Users/andreea/StudioProjects/Flutter_Project/build/macos/Build/Products/Debug/file_selector_macos -F/Users/andreea/StudioProjects/Flutter_Project/build/macos/Build/Products/Debug/path_provider_foundation -F/Users/andreea/StudioProjects/Flutter_Project/build/macos/Build/Products/Debug/share_plus -F/Users/andreea/StudioProjects/Flutter_Project/build/macos/Build/Products/Debug/shared_preferences_foundation -F/Users/andreea/StudioProjects/Flutter_Project/build/macos/Build/Products/Debug/sign_in_with_apple -F/Users/andreea/StudioProjects/Flutter_Project/build/macos/Build/Products/Debug/url_launcher_macos -F/Users/andreea/StudioProjects/Flutter_Project/build/macos/Build/Products/Debug/app_links -F/Users/andreea/StudioProjects/Flutter_Project/build/macos/Build/Products/Debug/file_selector_macos -F/Users/andreea/StudioProjects/Flutter_Project/build/macos/Build/Products/Debug/path_provider_foundation -F/Users/andreea/StudioProjects/Flutter_Project/build/macos/Build/Products/Debug/share_plus -F/Users/andreea/StudioProjects/Flutter_Project/build/macos/Build/Products/Debug/shared_preferences_foundation -F/Users/andreea/StudioProjects/Flutter_Project/build/macos/Build/Products/Debug/sign_in_with_apple -F/Users/andreea/StudioProjects/Flutter_Project/build/macos/Build/Products/Debug/url_launcher_macos -filelist /Users/andreea/StudioProjects/Flutter_Project/build/macos/Build/Intermediates.noindex/Runner.build/Debug/Runner.build/Objects-normal/arm64/honoo.LinkFileList -install_name @rpath/honoo.debug.dylib -Xlinker -rpath -Xlinker /usr/lib/swift -Xlinker -rpath -Xlinker @executable_path/../Frameworks -Xlinker -rpath -Xlinker @loader_path/Frameworks -Xlinker -rpath -Xlinker /Applications/Xcode.app/Contents/Developer/Toolchains/XcodeDefault.xctoolchain/usr/lib/swift/macosx -Xlinker -object_path_lto -Xlinker /Users/andreea/StudioProjects/Flutter_Project/build/macos/Build/Intermediates.noindex/Runner.build/Debug/Runner.build/Objects-normal/arm64/honoo_lto.o -rdynamic -Xlinker -no_deduplicate -Xlinker -dependency_info -Xlinker /Users/andreea/StudioProjects/Flutter_Project/build/macos/Build/Intermediates.noindex/Runner.build/Debug/Runner.build/Objects-normal/arm64/honoo_dependency_info.dat -fobjc-link-runtime -L/Applications/Xcode.app/Contents/Developer/Toolchains/XcodeDefault.xctoolchain/usr/lib/swift/macosx -L/usr/lib/swift -Xlinker -add_ast_path -Xlinker /Users/andreea/StudioProjects/Flutter_Project/build/macos/Build/Intermediates.noindex/Runner.build/Debug/Runner.build/Objects-normal/arm64/honoo.swiftmodule -framework app_links -framework file_selector_macos -framework path_provider_foundation -framework share_plus -framework shared_preferences_foundation -framework sign_in_with_apple -framework url_launcher_macos -framework app_links -framework file_selector_macos -framework path_provider_foundation -framework share_plus -framework shared_preferences_foundation -framework sign_in_with_apple -framework url_launcher_macos -framework app_links -framework file_selector_macos -framework path_provider_foundation -framework share_plus -framework shared_preferences_foundation -framework sign_in_with_apple -framework url_launcher_macos -framework app_links -framework file_selector_macos -framework path_provider_foundation -framework share_plus -framework shared_preferences_foundation -framework sign_in_with_apple -framework url_launcher_macos -Xlinker -alias -Xlinker _main -Xlinker ___debug_main_executable_dylib_entry_point -framework Pods_Runner -Xlinker -no_adhoc_codesign -o /Users/andreea/StudioProjects/Flutter_Project/build/macos/Build/Products/Debug/honoo.app/Contents/MacOS/honoo.debug.dylib
[ +377 ms] ConstructStubExecutorLinkFileList /Users/andreea/StudioProjects/Flutter_Project/build/macos/Build/Intermediates.noindex/Runner.build/Debug/Runner.build/honoo-ExecutorLinkFileList-normal-arm64.txt (in target 'Runner' from project 'Runner')
[        ]     cd /Users/andreea/StudioProjects/Flutter_Project/macos
[        ]     construct-stub-executor-link-file-list /Users/andreea/StudioProjects/Flutter_Project/build/macos/Build/Products/Debug/honoo.app/Contents/MacOS/honoo.debug.dylib /Applications/Xcode.app/Contents/Developer/Platforms/MacOSX.platform/Developer/usr/lib/libPreviewsJITStubExecutor_no_swift_entry_point.a /Applications/Xcode.app/Contents/Developer/Platforms/MacOSX.platform/Developer/usr/lib/libPreviewsJITStubExecutor.a --output /Users/andreea/StudioProjects/Flutter_Project/build/macos/Build/Intermediates.noindex/Runner.build/Debug/Runner.build/honoo-ExecutorLinkFileList-normal-arm64.txt
[        ] note: Using stub executor library with Swift entry point. (in target 'Runner' from project 'Runner')
[   +1 ms] Ld /Users/andreea/StudioProjects/Flutter_Project/build/macos/Build/Products/Debug/honoo.app/Contents/MacOS/honoo normal (in target 'Runner' from project 'Runner')
[        ]     cd /Users/andreea/StudioProjects/Flutter_Project/macos
[        ]     /Applications/Xcode.app/Contents/Developer/Toolchains/XcodeDefault.xctoolchain/usr/bin/clang -Xlinker -reproducible -target arm64-apple-macos10.14 -isysroot /Applications/Xcode.app/Contents/Developer/Platforms/MacOSX.platform/Developer/SDKs/MacOSX15.4.sdk -O0 -L/Users/andreea/StudioProjects/Flutter_Project/build/macos/Build/Products/Debug -L/Applications/Xcode.app/Contents/Developer/Toolchains/XcodeDefault.xctoolchain/usr/lib/swift/macosx -L/Applications/Xcode.app/Contents/Developer/Platforms/MacOSX.platform/Developer/SDKs/MacOSX15.4.sdk/usr/lib/swift -L/Applications/Xcode.app/Contents/Developer/Toolchains/XcodeDefault.xctoolchain/usr/lib/swift/macosx -L/Applications/Xcode.app/Contents/Developer/Platforms/MacOSX.platform/Developer/SDKs/MacOSX15.4.sdk/usr/lib/swift -L/Applications/Xcode.app/Contents/Developer/Toolchains/XcodeDefault.xctoolchain/usr/lib/swift/macosx -L/Applications/Xcode.app/Contents/Developer/Platforms/MacOSX.platform/Developer/SDKs/MacOSX15.4.sdk/usr/lib/swift -L/Applications/Xcode.app/Contents/Developer/Toolchains/XcodeDefault.xctoolchain/usr/lib/swift/macosx -L/Applications/Xcode.app/Contents/Developer/Platforms/MacOSX.platform/Developer/SDKs/MacOSX15.4.sdk/usr/lib/swift -L/Applications/Xcode.app/Contents/Developer/Toolchains/XcodeDefault.xctoolchain/usr/lib/swift/macosx -L/Applications/Xcode.app/Contents/Developer/Platforms/MacOSX.platform/Developer/SDKs/MacOSX15.4.sdk/usr/lib/swift -L/Applications/Xcode.app/Contents/Developer/Toolchains/XcodeDefault.xctoolchain/usr/lib/swift/macosx -L/Applications/Xcode.app/Contents/Developer/Platforms/MacOSX.platform/Developer/SDKs/MacOSX15.4.sdk/usr/lib/swift -L/Applications/Xcode.app/Contents/Developer/Toolchains/XcodeDefault.xctoolchain/usr/lib/swift/macosx -L/Applications/Xcode.app/Contents/Developer/Platforms/MacOSX.platform/Developer/SDKs/MacOSX15.4.sdk/usr/lib/swift -L/Applications/Xcode.app/Contents/Developer/Toolchains/XcodeDefault.xctoolchain/usr/lib/swift/macosx -L/Applications/Xcode.app/Contents/Developer/Platforms/MacOSX.platform/Developer/SDKs/MacOSX15.4.sdk/usr/lib/swift -F/Users/andreea/StudioProjects/Flutter_Project/build/macos/Build/Products/Debug -F/Users/andreea/StudioProjects/Flutter_Project/build/macos/Build/Products/Debug/app_links -F/Users/andreea/StudioProjects/Flutter_Project/build/macos/Build/Products/Debug/file_selector_macos -F/Users/andreea/StudioProjects/Flutter_Project/build/macos/Build/Products/Debug/path_provider_foundation -F/Users/andreea/StudioProjects/Flutter_Project/build/macos/Build/Products/Debug/share_plus -F/Users/andreea/StudioProjects/Flutter_Project/build/macos/Build/Products/Debug/shared_preferences_foundation -F/Users/andreea/StudioProjects/Flutter_Project/build/macos/Build/Products/Debug/sign_in_with_apple -F/Users/andreea/StudioProjects/Flutter_Project/build/macos/Build/Products/Debug/url_launcher_macos -F/Users/andreea/StudioProjects/Flutter_Project/build/macos/Build/Products/Debug/app_links -F/Users/andreea/StudioProjects/Flutter_Project/build/macos/Build/Products/Debug/file_selector_macos -F/Users/andreea/StudioProjects/Flutter_Project/build/macos/Build/Products/Debug/path_provider_foundation -F/Users/andreea/StudioProjects/Flutter_Project/build/macos/Build/Products/Debug/share_plus -F/Users/andreea/StudioProjects/Flutter_Project/build/macos/Build/Products/Debug/shared_preferences_foundation -F/Users/andreea/StudioProjects/Flutter_Project/build/macos/Build/Products/Debug/sign_in_with_apple -F/Users/andreea/StudioProjects/Flutter_Project/build/macos/Build/Products/Debug/url_launcher_macos -F/Users/andreea/StudioProjects/Flutter_Project/build/macos/Build/Products/Debug/app_links -F/Users/andreea/StudioProjects/Flutter_Project/build/macos/Build/Products/Debug/file_selector_macos -F/Users/andreea/StudioProjects/Flutter_Project/build/macos/Build/Products/Debug/path_provider_foundation -F/Users/andreea/StudioProjects/Flutter_Project/build/macos/Build/Products/Debug/share_plus -F/Users/andreea/StudioProjects/Flutter_Project/build/macos/Build/Products/Debug/shared_preferences_foundation -F/Users/andreea/StudioProjects/Flutter_Project/build/macos/Build/Products/Debug/sign_in_with_apple -F/Users/andreea/StudioProjects/Flutter_Project/build/macos/Build/Products/Debug/url_launcher_macos -F/Users/andreea/StudioProjects/Flutter_Project/build/macos/Build/Products/Debug/app_links -F/Users/andreea/StudioProjects/Flutter_Project/build/macos/Build/Products/Debug/file_selector_macos -F/Users/andreea/StudioProjects/Flutter_Project/build/macos/Build/Products/Debug/path_provider_foundation -F/Users/andreea/StudioProjects/Flutter_Project/build/macos/Build/Products/Debug/share_plus -F/Users/andreea/StudioProjects/Flutter_Project/build/macos/Build/Products/Debug/shared_preferences_foundation -F/Users/andreea/StudioProjects/Flutter_Project/build/macos/Build/Products/Debug/sign_in_with_apple -F/Users/andreea/StudioProjects/Flutter_Project/build/macos/Build/Products/Debug/url_launcher_macos -Xlinker -rpath -Xlinker @executable_path -Xlinker -rpath -Xlinker /usr/lib/swift -Xlinker -rpath -Xlinker @executable_path/../Frameworks -Xlinker -rpath -Xlinker @loader_path/Frameworks -Xlinker -rpath -Xlinker /Applications/Xcode.app/Contents/Developer/Toolchains/XcodeDefault.xctoolchain/usr/lib/swift/macosx -rdynamic -Xlinker -no_deduplicate -e ___debug_blank_executor_main -Xlinker -sectcreate -Xlinker __TEXT -Xlinker __debug_dylib -Xlinker /Users/andreea/StudioProjects/Flutter_Project/build/macos/Build/Intermediates.noindex/Runner.build/Debug/Runner.build/honoo-DebugDylibPath-normal-arm64.txt -Xlinker -sectcreate -Xlinker __TEXT -Xlinker __debug_instlnm -Xlinker /Users/andreea/StudioProjects/Flutter_Project/build/macos/Build/Intermediates.noindex/Runner.build/Debug/Runner.build/honoo-DebugDylibInstallName-normal-arm64.txt -Xlinker -filelist -Xlinker /Users/andreea/StudioProjects/Flutter_Project/build/macos/Build/Intermediates.noindex/Runner.build/Debug/Runner.build/honoo-ExecutorLinkFileList-normal-arm64.txt /Users/andreea/StudioProjects/Flutter_Project/build/macos/Build/Products/Debug/honoo.app/Contents/MacOS/honoo.debug.dylib -Xlinker -no_adhoc_codesign -o /Users/andreea/StudioProjects/Flutter_Project/build/macos/Build/Products/Debug/honoo.app/Contents/MacOS/honoo
[  +53 ms] PhaseScriptExecution Run\ Script /Users/andreea/StudioProjects/Flutter_Project/build/macos/Build/Intermediates.noindex/Runner.build/Debug/Runner.build/Script-3399D490228B24CF009A79C7.sh (in target 'Runner' from project 'Runner')
[        ]     cd /Users/andreea/StudioProjects/Flutter_Project/macos
[        ]     export ACTION\=build
[        ]     export AD_HOC_CODE_SIGNING_ALLOWED\=YES
[        ]     export AGGREGATE_TRACKED_DOMAINS\=YES
[        ]     export ALLOW_BUILD_REQUEST_OVERRIDES\=NO
[        ]     export ALLOW_TARGET_PLATFORM_SPECIALIZATION\=NO
[        ]     export ALTERNATE_GROUP\=staff
[        ]     export ALTERNATE_MODE\=u+w,go-w,a+rX
[        ]     export ALTERNATE_OWNER\=andreea
[        ]     export ALTERNATIVE_DISTRIBUTION_WEB\=NO
[        ]     export ALWAYS_EMBED_SWIFT_STANDARD_LIBRARIES\=YES
[        ]     export ALWAYS_SEARCH_USER_PATHS\=NO
[        ]     export ALWAYS_USE_SEPARATE_HEADERMAPS\=NO
[        ]     export APPLICATION_EXTENSION_API_ONLY\=NO
[        ]     export APPLY_RULES_IN_COPY_FILES\=NO
[        ]     export APPLY_RULES_IN_COPY_HEADERS\=NO
[        ]     export APP_SHORTCUTS_ENABLE_FLEXIBLE_MATCHING\=YES
[        ]     export ARCHS\=arm64
[        ]     export ARCHS_STANDARD\=arm64\ x86_64
[        ]     export ARCHS_STANDARD_32_64_BIT\=arm64\ x86_64\ i386
[        ]     export ARCHS_STANDARD_32_BIT\=i386
[        ]     export ARCHS_STANDARD_64_BIT\=arm64\ x86_64
[        ]     export ARCHS_STANDARD_INCLUDING_64_BIT\=arm64\ x86_64
[        ]     export ASSETCATALOG_COMPILER_APPICON_NAME\=AppIcon
[        ]     export AUTOMATICALLY_MERGE_DEPENDENCIES\=NO
[        ]     export AVAILABLE_PLATFORMS\=android\ appletvos\ appletvsimulator\ driverkit\ iphoneos\ iphonesimulator\ macosx\ qnx\ watchos\ watchsimulator\ xros\ xrsimulator
[        ]     export BITCODE_GENERATION_MODE\=marker
[        ]     export BUILD_ACTIVE_RESOURCES_ONLY\=NO
[        ]     export BUILD_COMPONENTS\=headers\ build
[        ]     export BUILD_DIR\=/Users/andreea/StudioProjects/Flutter_Project/build/macos/Build/Products
[        ]     export BUILD_LIBRARY_FOR_DISTRIBUTION\=NO
[        ]     export BUILD_ROOT\=/Users/andreea/StudioProjects/Flutter_Project/build/macos/Build/Products
[        ]     export BUILD_STYLE\=
[        ]     export BUILD_VARIANTS\=normal
[        ]     export BUILT_PRODUCTS_DIR\=/Users/andreea/StudioProjects/Flutter_Project/build/macos/Build/Products/Debug
[        ]     export BUNDLE_CONTENTS_FOLDER_PATH\=Contents/
[        ]     export BUNDLE_CONTENTS_FOLDER_PATH_deep\=Contents/
[        ]     export BUNDLE_EXECUTABLE_FOLDER_NAME_deep\=MacOS
[        ]     export BUNDLE_EXECUTABLE_FOLDER_PATH\=Contents/MacOS
[        ]     export BUNDLE_EXTENSIONS_FOLDER_PATH\=Contents/Extensions
[        ]     export BUNDLE_FORMAT\=deep
[        ]     export BUNDLE_FRAMEWORKS_FOLDER_PATH\=Contents/Frameworks
[        ]     export BUNDLE_PLUGINS_FOLDER_PATH\=Contents/PlugIns
[        ]     export BUNDLE_PRIVATE_HEADERS_FOLDER_PATH\=Contents/PrivateHeaders
[        ]     export BUNDLE_PUBLIC_HEADERS_FOLDER_PATH\=Contents/Headers
[        ]     export CACHE_ROOT\=/var/folders/g4/znvpg_m16kb5c6ynh6zvz_5c0000gn/C/com.apple.DeveloperTools/16.3-16E140/Xcode
[        ]     export CCHROOT\=/var/folders/g4/znvpg_m16kb5c6ynh6zvz_5c0000gn/C/com.apple.DeveloperTools/16.3-16E140/Xcode
[        ]     export CHMOD\=/bin/chmod
[        ]     export CHOWN\=/usr/sbin/chown
[        ]     export CLANG_ANALYZER_NONNULL\=YES
[        ]     export CLANG_ANALYZER_NUMBER_OBJECT_CONVERSION\=YES_AGGRESSIVE
[        ]     export CLANG_CACHE_FINE_GRAINED_OUTPUTS\=YES
[        ]     export CLANG_CXX_LANGUAGE_STANDARD\=gnu++14
[        ]     export CLANG_CXX_LIBRARY\=libc++
[        ]     export CLANG_ENABLE_EXPLICIT_MODULES\=YES
[        ]     export CLANG_ENABLE_MODULES\=YES
[        ]     export CLANG_ENABLE_OBJC_ARC\=YES
[        ]     export CLANG_MODULES_BUILD_SESSION_FILE\=/Users/andreea/StudioProjects/Flutter_Project/build/macos/ModuleCache.noindex/Session.modulevalidation
[        ]     export CLANG_UNDEFINED_BEHAVIOR_SANITIZER_NULLABILITY\=YES
[        ]     export CLANG_WARN_BLOCK_CAPTURE_AUTORELEASING\=YES
[        ]     export CLANG_WARN_BOOL_CONVERSION\=YES
[        ]     export CLANG_WARN_COMMA\=YES
[        ]     export CLANG_WARN_CONSTANT_CONVERSION\=YES
[        ]     export CLANG_WARN_DEPRECATED_OBJC_IMPLEMENTATIONS\=YES
[        ]     export CLANG_WARN_DIRECT_OBJC_ISA_USAGE\=YES_ERROR
[        ]     export CLANG_WARN_DOCUMENTATION_COMMENTS\=YES
[        ]     export CLANG_WARN_EMPTY_BODY\=YES
[        ]     export CLANG_WARN_ENUM_CONVERSION\=YES
[        ]     export CLANG_WARN_INFINITE_RECURSION\=YES
[        ]     export CLANG_WARN_INT_CONVERSION\=YES
[        ]     export CLANG_WARN_NON_LITERAL_NULL_CONVERSION\=YES
[        ]     export CLANG_WARN_OBJC_IMPLICIT_RETAIN_SELF\=YES
[        ]     export CLANG_WARN_OBJC_LITERAL_CONVERSION\=YES
[        ]     export CLANG_WARN_OBJC_REPEATED_USE_OF_WEAK\=YES
[        ]     export CLANG_WARN_OBJC_ROOT_CLASS\=YES_ERROR
[        ]     export CLANG_WARN_PRAGMA_PACK\=YES
[        ]     export CLANG_WARN_QUOTED_INCLUDE_IN_FRAMEWORK_HEADER\=NO
[        ]     export CLANG_WARN_RANGE_LOOP_ANALYSIS\=YES
[        ]     export CLANG_WARN_STRICT_PROTOTYPES\=YES
[        ]     export CLANG_WARN_SUSPICIOUS_MOVE\=YES
[        ]     export CLANG_WARN_UNGUARDED_AVAILABILITY\=YES_AGGRESSIVE
[        ]     export CLANG_WARN_UNREACHABLE_CODE\=YES
[        ]     export CLANG_WARN__DUPLICATE_METHOD_MATCH\=YES
[        ]     export CLASS_FILE_DIR\=/Users/andreea/StudioProjects/Flutter_Project/build/macos/Build/Intermediates.noindex/Runner.build/Debug/Runner.build/JavaClasses
[        ]     export CLEAN_PRECOMPS\=YES
[        ]     export CLONE_HEADERS\=NO
[        ]     export COCOAPODS_PARALLEL_CODE_SIGN\=true
[        ]     export CODESIGNING_FOLDER_PATH\=/Users/andreea/StudioProjects/Flutter_Project/build/macos/Build/Products/Debug/honoo.app
[        ]     export CODE_SIGNING_ALLOWED\=YES
[        ]     export CODE_SIGNING_REQUIRED\=YES
[        ]     export CODE_SIGN_ENTITLEMENTS\=Runner/DebugProfile.entitlements
[        ]     export CODE_SIGN_IDENTITY\=-
[        ]     export CODE_SIGN_IDENTITY_NO\=Apple\ Development
[        ]     export CODE_SIGN_IDENTITY_YES\=-
[        ]     export CODE_SIGN_INJECT_BASE_ENTITLEMENTS\=YES
[        ]     export CODE_SIGN_STYLE\=Automatic
[        ]     export COLOR_DIAGNOSTICS\=NO
[        ]     export COMBINE_HIDPI_IMAGES\=YES
[        ]     export COMPILATION_CACHE_CAS_PATH\=/Users/andreea/StudioProjects/Flutter_Project/build/macos/CompilationCache.noindex
[        ]     export COMPILATION_CACHE_KEEP_CAS_DIRECTORY\=YES
[        ]     export COMPILER_INDEX_STORE_ENABLE\=NO
[        ]     export COMPOSITE_SDK_DIRS\=/Users/andreea/StudioProjects/Flutter_Project/build/macos/Build/Intermediates.noindex/CompositeSDKs
[        ]     export COMPRESS_PNG_FILES\=NO
[        ]     export CONFIGURATION\=Debug
[        ]     export CONFIGURATION_BUILD_DIR\=/Users/andreea/StudioProjects/Flutter_Project/build/macos/Build/Products/Debug
[        ]     export CONFIGURATION_TEMP_DIR\=/Users/andreea/StudioProjects/Flutter_Project/build/macos/Build/Intermediates.noindex/Runner.build/Debug
[        ]     export CONTENTS_FOLDER_PATH\=honoo.app/Contents
[        ]     export CONTENTS_FOLDER_PATH_SHALLOW_BUNDLE_NO\=honoo.app/Contents
[        ]     export CONTENTS_FOLDER_PATH_SHALLOW_BUNDLE_YES\=honoo.app
[        ]     export COPYING_PRESERVES_HFS_DATA\=NO
[        ]     export COPY_HEADERS_RUN_UNIFDEF\=NO
[        ]     export COPY_PHASE_STRIP\=NO
[        ]     export CP\=/bin/cp
[        ]     export CREATE_INFOPLIST_SECTION_IN_BINARY\=NO
[        ]     export CURRENT_ARCH\=undefined_arch
[        ]     export CURRENT_VARIANT\=normal
[        ]     export DART_DEFINES\=RkxVVFRFUl9XRUJfQVVUT19ERVRFQ1Q9dHJ1ZQ\=\=
[        ]     export DART_OBFUSCATION\=false
[        ]     export DEAD_CODE_STRIPPING\=NO
[        ]     export DEBUGGING_SYMBOLS\=YES
[        ]     export DEBUG_INFORMATION_FORMAT\=dwarf
[        ]     export DEBUG_INFORMATION_VERSION\=compiler-default
[        ]     export DEFAULT_COMPILER\=com.apple.compilers.llvm.clang.1_0
[        ]     export DEFAULT_DEXT_INSTALL_PATH\=/System/Library/DriverExtensions
[        ]     export DEFAULT_KEXT_INSTALL_PATH\=/System/Library/Extensions
[        ]     export DEFINES_MODULE\=NO
[        ]     export DEPLOYMENT_LOCATION\=NO
[        ]     export DEPLOYMENT_POSTPROCESSING\=NO
[        ]     export DEPLOYMENT_TARGET_SETTING_NAME\=MACOSX_DEPLOYMENT_TARGET
[        ]     export DEPLOYMENT_TARGET_SUGGESTED_VALUES\=10.13\ 10.14\ 10.15\ 11.0\ 11.1\ 11.2\ 11.3\ 11.4\ 11.5\ 12.0\ 12.2\ 12.3\ 12.4\ 13.0\ 13.1\ 13.2\ 13.3\ 13.4\ 13.5\ 14.0\ 14.1\ 14.2\ 14.3\ 14.4\ 14.5\ 14.6\ 15.0\ 15.1\ 15.2\ 15.3\ 15.4
[        ]     export DERIVED_FILES_DIR\=/Users/andreea/StudioProjects/Flutter_Project/build/macos/Build/Intermediates.noindex/Runner.build/Debug/Runner.build/DerivedSources
[        ]     export DERIVED_FILE_DIR\=/Users/andreea/StudioProjects/Flutter_Project/build/macos/Build/Intermediates.noindex/Runner.build/Debug/Runner.build/DerivedSources
[        ]     export DERIVED_SOURCES_DIR\=/Users/andreea/StudioProjects/Flutter_Project/build/macos/Build/Intermediates.noindex/Runner.build/Debug/Runner.build/DerivedSources
[        ]     export DEVELOPER_APPLICATIONS_DIR\=/Applications/Xcode.app/Contents/Developer/Applications
[        ]     export DEVELOPER_BIN_DIR\=/Applications/Xcode.app/Contents/Developer/usr/bin
[        ]     export DEVELOPER_DIR\=/Applications/Xcode.app/Contents/Developer
[        ]     export DEVELOPER_FRAMEWORKS_DIR\=/Applications/Xcode.app/Contents/Developer/Library/Frameworks
[        ]     export DEVELOPER_FRAMEWORKS_DIR_QUOTED\=/Applications/Xcode.app/Contents/Developer/Library/Frameworks
[        ]     export DEVELOPER_LIBRARY_DIR\=/Applications/Xcode.app/Contents/Developer/Library
[        ]     export DEVELOPER_SDK_DIR\=/Applications/Xcode.app/Contents/Developer/Platforms/MacOSX.platform/Developer/SDKs
[        ]     export DEVELOPER_TOOLS_DIR\=/Applications/Xcode.app/Contents/Developer/Tools
[        ]     export DEVELOPER_USR_DIR\=/Applications/Xcode.app/Contents/Developer/usr
[        ]     export DEVELOPMENT_LANGUAGE\=en
[        ]     export DIAGNOSE_MISSING_TARGET_DEPENDENCIES\=YES
[        ]     export DIFF\=/usr/bin/diff
[        ]     export DOCUMENTATION_FOLDER_PATH\=honoo.app/Contents/Resources/en.lproj/Documentation
[        ]     export DONT_GENERATE_INFOPLIST_FILE\=NO
[        ]     export DSTROOT\=/tmp/Runner.dst
[        ]     export DT_TOOLCHAIN_DIR\=/Applications/Xcode.app/Contents/Developer/Toolchains/XcodeDefault.xctoolchain
[        ]     export DWARF_DSYM_FILE_NAME\=honoo.app.dSYM
[        ]     export DWARF_DSYM_FILE_SHOULD_ACCOMPANY_PRODUCT\=NO
[        ]     export DWARF_DSYM_FOLDER_PATH\=/Users/andreea/StudioProjects/Flutter_Project/build/macos/Build/Products/Debug
[        ]     export DYNAMIC_LIBRARY_EXTENSION\=dylib
[        ]     export EAGER_COMPILATION_ALLOW_SCRIPTS\=NO
[        ]     export EAGER_LINKING\=NO
[        ]     export EMBEDDED_CONTENT_CONTAINS_SWIFT\=NO
[        ]     export EMBEDDED_PROFILE_NAME\=embedded.provisionprofile
[        ]     export EMBED_ASSET_PACKS_IN_PRODUCT_BUNDLE\=NO
[        ]     export ENABLE_APP_SANDBOX\=NO
[        ]     export ENABLE_BITCODE\=NO
[        ]     export ENABLE_CODE_COVERAGE\=YES
[        ]     export ENABLE_DEBUG_DYLIB\=YES
[        ]     export ENABLE_DEFAULT_HEADER_SEARCH_PATHS\=YES
[        ]     export ENABLE_DEFAULT_SEARCH_PATHS\=YES
[        ]     export ENABLE_HARDENED_RUNTIME\=NO
[        ]     export ENABLE_HEADER_DEPENDENCIES\=YES
[        ]     export ENABLE_INCOMING_NETWORK_CONNECTIONS\=NO
[        ]     export ENABLE_ON_DEMAND_RESOURCES\=NO
[        ]     export ENABLE_OUTGOING_NETWORK_CONNECTIONS\=NO
[        ]     export ENABLE_PREVIEWS\=NO
[        ]     export ENABLE_RESOURCE_ACCESS_AUDIO_INPUT\=NO
[        ]     export ENABLE_RESOURCE_ACCESS_BLUETOOTH\=NO
[        ]     export ENABLE_RESOURCE_ACCESS_CALENDARS\=NO
[        ]     export ENABLE_RESOURCE_ACCESS_CAMERA\=NO
[        ]     export ENABLE_RESOURCE_ACCESS_CONTACTS\=NO
[        ]     export ENABLE_RESOURCE_ACCESS_LOCATION\=NO
[        ]     export ENABLE_RESOURCE_ACCESS_PRINTING\=NO
[        ]     export ENABLE_RESOURCE_ACCESS_USB\=NO
[        ]     export ENABLE_SDK_IMPORTS\=NO
[        ]     export ENABLE_STRICT_OBJC_MSGSEND\=YES
[        ]     export ENABLE_TESTABILITY\=YES
[        ]     export ENABLE_TESTING_SEARCH_PATHS\=NO
[        ]     export ENABLE_USER_SCRIPT_SANDBOXING\=NO
[        ]     export ENABLE_XOJIT_PREVIEWS\=YES
[        ]     export ENFORCE_VALID_ARCHS\=YES
[        ]     export ENTITLEMENTS_ALLOWED\=YES
[        ]     export ENTITLEMENTS_DESTINATION\=Signature
[        ]     export ENTITLEMENTS_REQUIRED\=NO
[        ]     export EXCLUDED_INSTALLSRC_SUBDIRECTORY_PATTERNS\=.DS_Store\ .svn\ .git\ .hg\ CVS
[        ]     export EXCLUDED_RECURSIVE_SEARCH_PATH_SUBDIRECTORIES\=\*.nib\ \*.lproj\ \*.framework\ \*.gch\ \*.xcode\*\ \*.xcassets\ \(\*\)\ .DS_Store\ CVS\ .svn\ .git\ .hg\ \*.pbproj\ \*.pbxproj
[        ]     export EXECUTABLES_FOLDER_PATH\=honoo.app/Contents/Executables
[        ]     export EXECUTABLE_BLANK_INJECTION_DYLIB_PATH\=honoo.app/Contents/MacOS/__preview.dylib
[        ]     export EXECUTABLE_DEBUG_DYLIB_INSTALL_NAME\=@rpath/honoo.debug.dylib
[        ]     export EXECUTABLE_DEBUG_DYLIB_PATH\=honoo.app/Contents/MacOS/honoo.debug.dylib
[        ]     export EXECUTABLE_FOLDER_PATH\=honoo.app/Contents/MacOS
[        ]     export EXECUTABLE_FOLDER_PATH_SHALLOW_BUNDLE_NO\=honoo.app/Contents/MacOS
[        ]     export EXECUTABLE_FOLDER_PATH_SHALLOW_BUNDLE_YES\=honoo.app/Contents
[        ]     export EXECUTABLE_NAME\=honoo
[        ]     export EXECUTABLE_PATH\=honoo.app/Contents/MacOS/honoo
[        ]     export EXPANDED_CODE_SIGN_IDENTITY\=-
[        ]     export EXPANDED_CODE_SIGN_IDENTITY_NAME\=Sign\ to\ Run\ Locally
[        ]     export EXTENSIONS_FOLDER_PATH\=honoo.app/Contents/Extensions
[        ]     export FILE_LIST\=/Users/andreea/StudioProjects/Flutter_Project/build/macos/Build/Intermediates.noindex/Runner.build/Debug/Runner.build/Objects/LinkFileList
[        ]     export FIXED_FILES_DIR\=/Users/andreea/StudioProjects/Flutter_Project/build/macos/Build/Intermediates.noindex/Runner.build/Debug/Runner.build/FixedFiles
[        ]     export FLUTTER_APPLICATION_PATH\=/Users/andreea/StudioProjects/Flutter_Project
[        ]     export FLUTTER_BUILD_DIR\=build
[        ]     export FLUTTER_BUILD_NAME\=1.0.0
[        ]     export FLUTTER_BUILD_NUMBER\=1
[        ]     export FLUTTER_ROOT\=/Users/andreea/StudioProjects/development/flutter_honoo
[        ]     export FLUTTER_TARGET\=integration_test/smoke_app_starts_test.dart
[        ]     export FRAMEWORKS_FOLDER_PATH\=honoo.app/Contents/Frameworks
[        ]     export FRAMEWORK_FLAG_PREFIX\=-framework
[        ]     export FRAMEWORK_SEARCH_PATHS\=/Users/andreea/StudioProjects/Flutter_Project/build/macos/Build/Products/Debug\ \ \"/Users/andreea/StudioProjects/Flutter_Project/build/macos/Build/Products/Debug/app_links\"\ \"/Users/andreea/StudioProjects/Flutter_Project/build/macos/Build/Products/Debug/file_selector_macos\"\ \"/Users/andreea/StudioProjects/Flutter_Project/build/macos/Build/Products/Debug/path_provider_foundation\"\ \"/Users/andreea/StudioProjects/Flutter_Project/build/macos/Build/Products/Debug/share_plus\"\ \"/Users/andreea/StudioProjects/Flutter_Project/build/macos/Build/Products/Debug/shared_preferences_foundation\"\ \"/Users/andreea/StudioProjects/Flutter_Project/build/macos/Build/Products/Debug/sign_in_with_apple\"\ \"/Users/andreea/StudioProjects/Flutter_Project/build/macos/Build/Products/Debug/url_launcher_macos\"\ \"/Users/andreea/StudioProjects/Flutter_Project/build/macos/Build/Products/Debug/app_links\"\ \"/Users/andreea/StudioProjects/Flutter_Project/build/macos/Build/Products/Debug/file_selector_macos\"\ \"/Users/andreea/StudioProjects/Flutter_Project/build/macos/Build/Products/Debug/path_provider_foundation\"\ \"/Users/andreea/StudioProjects/Flutter_Project/build/macos/Build/Products/Debug/share_plus\"\ \"/Users/andreea/StudioProjects/Flutter_Project/build/macos/Build/Products/Debug/shared_preferences_foundation\"\ \"/Users/andreea/StudioProjects/Flutter_Project/build/macos/Build/Products/Debug/sign_in_with_apple\"\ \"/Users/andreea/StudioProjects/Flutter_Project/build/macos/Build/Products/Debug/url_launcher_macos\"\ \"/Users/andreea/StudioProjects/Flutter_Project/build/macos/Build/Products/Debug/app_links\"\ \"/Users/andreea/StudioProjects/Flutter_Project/build/macos/Build/Products/Debug/file_selector_macos\"\ \"/Users/andreea/StudioProjects/Flutter_Project/build/macos/Build/Products/Debug/path_provider_foundation\"\ \"/Users/andreea/StudioProjects/Flutter_Project/build/macos/Build/Products/Debug/share_plus\"\ \"/Users/andreea/StudioProjects/Flutter_Project/build/macos/Build/Products/Debug/shared_preferences_foundation\"\ \"/Users/andreea/StudioProjects/Flutter_Project/build/macos/Build/Products/Debug/sign_in_with_apple\"\ \"/Users/andreea/StudioProjects/Flutter_Project/build/macos/Build/Products/Debug/url_launcher_macos\"\ \"/Users/andreea/StudioProjects/Flutter_Project/build/macos/Build/Products/Debug/app_links\"\ \"/Users/andreea/StudioProjects/Flutter_Project/build/macos/Build/Products/Debug/file_selector_macos\"\ \"/Users/andreea/StudioProjects/Flutter_Project/build/macos/Build/Products/Debug/path_provider_foundation\"\ \"/Users/andreea/StudioProjects/Flutter_Project/build/macos/Build/Products/Debug/share_plus\"\ \"/Users/andreea/StudioProjects/Flutter_Project/build/macos/Build/Products/Debug/shared_preferences_foundation\"\ \"/Users/andreea/StudioProjects/Flutter_Project/build/macos/Build/Products/Debug/sign_in_with_apple\"\ \"/Users/andreea/StudioProjects/Flutter_Project/build/macos/Build/Products/Debug/url_launcher_macos\"
[        ]     export FRAMEWORK_VERSION\=A
[        ]     export FULL_PRODUCT_NAME\=honoo.app
[        ]     export FUSE_BUILD_PHASES\=YES
[        ]     export FUSE_BUILD_SCRIPT_PHASES\=NO
[        ]     export GCC3_VERSION\=3.3
[        ]     export GCC_C_LANGUAGE_STANDARD\=gnu11
[        ]     export GCC_DYNAMIC_NO_PIC\=NO
[        ]     export GCC_INLINES_ARE_PRIVATE_EXTERN\=YES
[        ]     export GCC_NO_COMMON_BLOCKS\=YES
[        ]     export GCC_OPTIMIZATION_LEVEL\=0
[        ]     export GCC_PFE_FILE_C_DIALECTS\=c\ objective-c\ c++\ objective-c++
[        ]     export GCC_PREPROCESSOR_DEFINITIONS\=DEBUG\=1\ \ COCOAPODS\=1\ COCOAPODS\=1\ COCOAPODS\=1\ COCOAPODS\=1
[        ]     export GCC_SYMBOLS_PRIVATE_EXTERN\=NO
[        ]     export GCC_TREAT_WARNINGS_AS_ERRORS\=NO
[        ]     export GCC_VERSION\=com.apple.compilers.llvm.clang.1_0
[        ]     export GCC_VERSION_IDENTIFIER\=com_apple_compilers_llvm_clang_1_0
[        ]     export GCC_WARN_64_TO_32_BIT_CONVERSION\=YES
[        ]     export GCC_WARN_ABOUT_RETURN_TYPE\=YES_ERROR
[        ]     export GCC_WARN_SHADOW\=YES
[        ]     export GCC_WARN_STRICT_SELECTOR_MATCH\=YES
[        ]     export GCC_WARN_UNDECLARED_SELECTOR\=YES
[        ]     export GCC_WARN_UNINITIALIZED_AUTOS\=YES_AGGRESSIVE
[        ]     export GCC_WARN_UNUSED_FUNCTION\=YES
[        ]     export GCC_WARN_UNUSED_VARIABLE\=YES
[        ]     export GENERATED_MODULEMAP_DIR\=/Users/andreea/StudioProjects/Flutter_Project/build/macos/Build/Intermediates.noindex/GeneratedModuleMaps
[        ]     export GENERATE_INFOPLIST_FILE\=NO
[        ]     export GENERATE_INTERMEDIATE_TEXT_BASED_STUBS\=YES
[        ]     export GENERATE_MASTER_OBJECT_FILE\=NO
[        ]     export GENERATE_PKGINFO_FILE\=YES
[        ]     export GENERATE_PROFILING_CODE\=NO
[        ]     export GENERATE_TEXT_BASED_STUBS\=NO
[        ]     export GID\=20
[        ]     export GROUP\=staff
[        ]     export HEADERMAP_INCLUDES_FLAT_ENTRIES_FOR_TARGET_BEING_BUILT\=YES
[        ]     export HEADERMAP_INCLUDES_FRAMEWORK_ENTRIES_FOR_ALL_PRODUCT_TYPES\=YES
[        ]     export HEADERMAP_INCLUDES_FRAMEWORK_ENTRIES_FOR_TARGETS_NOT_BEING_BUILT\=YES
[        ]     export HEADERMAP_INCLUDES_NONPUBLIC_NONPRIVATE_HEADERS\=YES
[        ]     export HEADERMAP_INCLUDES_PROJECT_HEADERS\=YES
[        ]     export HEADERMAP_USES_FRAMEWORK_PREFIX_ENTRIES\=YES
[        ]     export HEADERMAP_USES_VFS\=NO
[        ]     export HEADER_SEARCH_PATHS\=/Users/andreea/StudioProjects/Flutter_Project/build/macos/Build/Products/Debug/include\ \ \"/Users/andreea/StudioProjects/Flutter_Project/build/macos/Build/Products/Debug/app_links/app_links.framework/Headers\"\ \"/Users/andreea/StudioProjects/Flutter_Project/build/macos/Build/Products/Debug/file_selector_macos/file_selector_macos.framework/Headers\"\ \"/Users/andreea/StudioProjects/Flutter_Project/build/macos/Build/Products/Debug/path_provider_foundation/path_provider_foundation.framework/Headers\"\ \"/Users/andreea/StudioProjects/Flutter_Project/build/macos/Build/Products/Debug/share_plus/share_plus.framework/Headers\"\ \"/Users/andreea/StudioProjects/Flutter_Project/build/macos/Build/Products/Debug/shared_preferences_foundation/shared_preferences_foundation.framework/Headers\"\ \"/Users/andreea/StudioProjects/Flutter_Project/build/macos/Build/Products/Debug/sign_in_with_apple/sign_in_with_apple.framework/Headers\"\ \"/Users/andreea/StudioProjects/Flutter_Project/build/macos/Build/Products/Debug/url_launcher_macos/url_launcher_macos.framework/Headers\"\ \"/Users/andreea/StudioProjects/Flutter_Project/build/macos/Build/Products/Debug/app_links/app_links.framework/Headers\"\ \"/Users/andreea/StudioProjects/Flutter_Project/build/macos/Build/Products/Debug/file_selector_macos/file_selector_macos.framework/Headers\"\ \"/Users/andreea/StudioProjects/Flutter_Project/build/macos/Build/Products/Debug/path_provider_foundation/path_provider_foundation.framework/Headers\"\ \"/Users/andreea/StudioProjects/Flutter_Project/build/macos/Build/Products/Debug/share_plus/share_plus.framework/Headers\"\ \"/Users/andreea/StudioProjects/Flutter_Project/build/macos/Build/Products/Debug/shared_preferences_foundation/shared_preferences_foundation.framework/Headers\"\ \"/Users/andreea/StudioProjects/Flutter_Project/build/macos/Build/Products/Debug/sign_in_with_apple/sign_in_with_apple.framework/Headers\"\ \"/Users/andreea/StudioProjects/Flutter_Project/build/macos/Build/Products/Debug/url_launcher_macos/url_launcher_macos.framework/Headers\"\ \"/Users/andreea/StudioProjects/Flutter_Project/build/macos/Build/Products/Debug/app_links/app_links.framework/Headers\"\ \"/Users/andreea/StudioProjects/Flutter_Project/build/macos/Build/Products/Debug/file_selector_macos/file_selector_macos.framework/Headers\"\ \"/Users/andreea/StudioProjects/Flutter_Project/build/macos/Build/Products/Debug/path_provider_foundation/path_provider_foundation.framework/Headers\"\ \"/Users/andreea/StudioProjects/Flutter_Project/build/macos/Build/Products/Debug/share_plus/share_plus.framework/Headers\"\ \"/Users/andreea/StudioProjects/Flutter_Project/build/macos/Build/Products/Debug/shared_preferences_foundation/shared_preferences_foundation.framework/Headers\"\ \"/Users/andreea/StudioProjects/Flutter_Project/build/macos/Build/Products/Debug/sign_in_with_apple/sign_in_with_apple.framework/Headers\"\ \"/Users/andreea/StudioProjects/Flutter_Project/build/macos/Build/Products/Debug/url_launcher_macos/url_launcher_macos.framework/Headers\"\ \"/Users/andreea/StudioProjects/Flutter_Project/build/macos/Build/Products/Debug/app_links/app_links.framework/Headers\"\ \"/Users/andreea/StudioProjects/Flutter_Project/build/macos/Build/Products/Debug/file_selector_macos/file_selector_macos.framework/Headers\"\ \"/Users/andreea/StudioProjects/Flutter_Project/build/macos/Build/Products/Debug/path_provider_foundation/path_provider_foundation.framework/Headers\"\ \"/Users/andreea/StudioProjects/Flutter_Project/build/macos/Build/Products/Debug/share_plus/share_plus.framework/Headers\"\ \"/Users/andreea/StudioProjects/Flutter_Project/build/macos/Build/Products/Debug/shared_preferences_foundation/shared_preferences_foundation.framework/Headers\"\ \"/Users/andreea/StudioProjects/Flutter_Project/build/macos/Build/Products/Debug/sign_in_with_apple/sign_in_with_apple.framework/Headers\"\ \"/Users/andreea/StudioProjects/Flutter_Project/build/macos/Build/Products/Debug/url_launcher_macos/url_launcher_macos.framework/Headers\"
[        ]     export HIDE_BITCODE_SYMBOLS\=YES
[        ]     export HOME\=/Users/andreea
[        ]     export HOST_ARCH\=arm64
[        ]     export HOST_PLATFORM\=macosx
[        ]     export ICONV\=/usr/bin/iconv
[        ]     export IMPLICIT_DEPENDENCY_DOMAIN\=default
[        ]     export INFOPLIST_ENABLE_CFBUNDLEICONS_MERGE\=YES
[        ]     export INFOPLIST_EXPAND_BUILD_SETTINGS\=YES
[        ]     export INFOPLIST_FILE\=Runner/Info.plist
[        ]     export INFOPLIST_OUTPUT_FORMAT\=same-as-input
[        ]     export INFOPLIST_PATH\=honoo.app/Contents/Info.plist
[        ]     export INFOPLIST_PREPROCESS\=NO
[        ]     export INFOSTRINGS_PATH\=honoo.app/Contents/Resources/en.lproj/InfoPlist.strings
[        ]     export INLINE_PRIVATE_FRAMEWORKS\=NO
[        ]     export INSTALLAPI_IGNORE_SKIP_INSTALL\=YES
[        ]     export INSTALLHDRS_COPY_PHASE\=NO
[        ]     export INSTALLHDRS_SCRIPT_PHASE\=NO
[        ]     export INSTALL_DIR\=/tmp/Runner.dst/Applications
[        ]     export INSTALL_GROUP\=staff
[        ]     export INSTALL_MODE_FLAG\=u+w,go-w,a+rX
[        ]     export INSTALL_OWNER\=andreea
[        ]     export INSTALL_PATH\=/Applications
[        ]     export INSTALL_ROOT\=/tmp/Runner.dst
[        ]     export IOS_UNZIPPERED_TWIN_PREFIX_PATH\=/System/iOSSupport
[        ]     export IS_MACCATALYST\=NO
[        ]     export IS_UNOPTIMIZED_BUILD\=YES
[        ]     export JAVAC_DEFAULT_FLAGS\=-J-Xms64m\ -J-XX:NewSize\=4M\ -J-Dfile.encoding\=UTF8
[        ]     export JAVA_APP_STUB\=/System/Library/Frameworks/JavaVM.framework/Resources/MacOS/JavaApplicationStub
[        ]     export JAVA_ARCHIVE_CLASSES\=YES
[        ]     export JAVA_ARCHIVE_TYPE\=JAR
[        ]     export JAVA_COMPILER\=/usr/bin/javac
[        ]     export JAVA_FOLDER_PATH\=honoo.app/Contents/Resources/Java
[        ]     export JAVA_FRAMEWORK_RESOURCES_DIRS\=Resources
[        ]     export JAVA_JAR_FLAGS\=cv
[        ]     export JAVA_SOURCE_SUBDIR\=.
[        ]     export JAVA_USE_DEPENDENCIES\=YES
[        ]     export JAVA_ZIP_FLAGS\=-urg
[        ]     export JIKES_DEFAULT_FLAGS\=+E\ +OLDCSO
[        ]     export KASAN_CFLAGS_CLASSIC\=-DKASAN\=1\ -DKASAN_CLASSIC\=1\ -fsanitize\=address\ -mllvm\ -asan-globals-live-support\ -mllvm\ -asan-force-dynamic-shadow
[        ]     export KASAN_CFLAGS_TBI\=-DKASAN\=1\ -DKASAN_TBI\=1\ -fsanitize\=kernel-hwaddress\ -mllvm\ -hwasan-recover\=0\ -mllvm\ -hwasan-instrument-atomics\=0\ -mllvm\ -hwasan-instrument-stack\=1\ -mllvm\ -hwasan-generate-tags-with-calls\=1\ -mllvm\ -hwasan-instrument-with-calls\=1\ -mllvm\ -hwasan-use-short-granules\=0\ -mllvm\ -hwasan-memory-access-callback-prefix\=__asan_
[        ]     export KASAN_DEFAULT_CFLAGS\=-DKASAN\=1\ -DKASAN_CLASSIC\=1\ -fsanitize\=address\ -mllvm\ -asan-globals-live-support\ -mllvm\ -asan-force-dynamic-shadow
[        ]     export KEEP_PRIVATE_EXTERNS\=NO
[        ]     export LD_DEPENDENCY_INFO_FILE\=/Users/andreea/StudioProjects/Flutter_Project/build/macos/Build/Intermediates.noindex/Runner.build/Debug/Runner.build/Objects-normal/undefined_arch/honoo_dependency_info.dat
[        ]     export LD_EXPORT_SYMBOLS\=YES
[        ]     export LD_GENERATE_MAP_FILE\=NO
[        ]     export LD_MAP_FILE_PATH\=/Users/andreea/StudioProjects/Flutter_Project/build/macos/Build/Intermediates.noindex/Runner.build/Debug/Runner.build/honoo-LinkMap-normal-undefined_arch.txt
[        ]     export LD_NO_PIE\=NO
[        ]     export LD_QUOTE_LINKER_ARGUMENTS_FOR_COMPILER_DRIVER\=YES
[        ]     export LD_RUNPATH_SEARCH_PATHS\=\ /usr/lib/swift\ \'@executable_path/../Frameworks\'\ \'@loader_path/Frameworks\'\ \"/Applications/Xcode.app/Contents/Developer/Toolchains/XcodeDefault.xctoolchain/usr/lib/swift/macosx\"\ /usr/lib/swift\ \'@executable_path/../Frameworks\'\ \'@loader_path/Frameworks\'\ \"/Applications/Xcode.app/Contents/Developer/Toolchains/XcodeDefault.xctoolchain/usr/lib/swift/macosx\"\ /usr/lib/swift\ \'@executable_path/../Frameworks\'\ \'@loader_path/Frameworks\'\ \"/Applications/Xcode.app/Contents/Developer/Toolchains/XcodeDefault.xctoolchain/usr/lib/swift/macosx\"\ /usr/lib/swift\ \'@executable_path/../Frameworks\'\ \'@loader_path/Frameworks\'\ \"/Applications/Xcode.app/Contents/Developer/Toolchains/XcodeDefault.xctoolchain/usr/lib/swift/macosx\"\ @executable_path/../Frameworks
[        ]     export LD_RUNPATH_SEARCH_PATHS_YES\=@loader_path/../Frameworks
[        ]     export LD_SHARED_CACHE_ELIGIBLE\=Automatic
[        ]     export LD_WARN_DUPLICATE_LIBRARIES\=NO
[        ]     export LD_WARN_UNUSED_DYLIBS\=NO
[        ]     export LEGACY_DEVELOPER_DIR\=/Applications/Xcode.app/Contents/PlugIns/Xcode3Core.ideplugin/Contents/SharedSupport/Developer
[        ]     export LEX\=lex
[        ]     export LIBRARY_DEXT_INSTALL_PATH\=/Library/DriverExtensions
[        ]     export LIBRARY_FLAG_NOSPACE\=YES
[        ]     export LIBRARY_FLAG_PREFIX\=-l
[        ]     export LIBRARY_KEXT_INSTALL_PATH\=/Library/Extensions
[        ]     export LIBRARY_SEARCH_PATHS\=/Users/andreea/StudioProjects/Flutter_Project/build/macos/Build/Products/Debug\ /Applications/Xcode.app/Contents/Developer/Toolchains/XcodeDefault.xctoolchain/usr/lib/swift/macosx\ /Applications/Xcode.app/Contents/Developer/Platforms/MacOSX.platform/Developer/SDKs/MacOSX15.4.sdk/usr/lib/swift\ /Applications/Xcode.app/Contents/Developer/Toolchains/XcodeDefault.xctoolchain/usr/lib/swift/macosx\ /Applications/Xcode.app/Contents/Developer/Platforms/MacOSX.platform/Developer/SDKs/MacOSX15.4.sdk/usr/lib/swift\ /Applications/Xcode.app/Contents/Developer/Toolchains/XcodeDefault.xctoolchain/usr/lib/swift/macosx\ /Applications/Xcode.app/Contents/Developer/Platforms/MacOSX.platform/Developer/SDKs/MacOSX15.4.sdk/usr/lib/swift\ /Applications/Xcode.app/Contents/Developer/Toolchains/XcodeDefault.xctoolchain/usr/lib/swift/macosx\ /Applications/Xcode.app/Contents/Developer/Platforms/MacOSX.platform/Developer/SDKs/MacOSX15.4.sdk/usr/lib/swift\ /Applications/Xcode.app/Contents/Developer/Toolchains/XcodeDefault.xctoolchain/usr/lib/swift/macosx\ /Applications/Xcode.app/Contents/Developer/Platforms/MacOSX.platform/Developer/SDKs/MacOSX15.4.sdk/usr/lib/swift\ /Applications/Xcode.app/Contents/Developer/Toolchains/XcodeDefault.xctoolchain/usr/lib/swift/macosx\ /Applications/Xcode.app/Contents/Developer/Platforms/MacOSX.platform/Developer/SDKs/MacOSX15.4.sdk/usr/lib/swift\ /Applications/Xcode.app/Contents/Developer/Toolchains/XcodeDefault.xctoolchain/usr/lib/swift/macosx\ /Applications/Xcode.app/Contents/Developer/Platforms/MacOSX.platform/Developer/SDKs/MacOSX15.4.sdk/usr/lib/swift\ /Applications/Xcode.app/Contents/Developer/Toolchains/XcodeDefault.xctoolchain/usr/lib/swift/macosx\ /Applications/Xcode.app/Contents/Developer/Platforms/MacOSX.platform/Developer/SDKs/MacOSX15.4.sdk/usr/lib/swift
[        ]     export LINKER_DISPLAYS_MANGLED_NAMES\=NO
[        ]     export LINK_FILE_LIST_normal_arm64\=/Users/andreea/StudioProjects/Flutter_Project/build/macos/Build/Intermediates.noindex/Runner.build/Debug/Runner.build/Objects-normal/arm64/honoo.LinkFileList
[        ]     export LINK_OBJC_RUNTIME\=YES
[        ]     export LINK_WITH_STANDARD_LIBRARIES\=YES
[        ]     export LLVM_TARGET_TRIPLE_OS_VERSION\=macos10.14
[        ]     export LLVM_TARGET_TRIPLE_OS_VERSION_NO\=macos10.14
[        ]     export LLVM_TARGET_TRIPLE_OS_VERSION_YES\=macos15.4
[        ]     export LLVM_TARGET_TRIPLE_VENDOR\=apple
[        ]     export LM_AUX_CONST_METADATA_LIST_PATH_normal_arm64\=/Users/andreea/StudioProjects/Flutter_Project/build/macos/Build/Intermediates.noindex/Runner.build/Debug/Runner.build/Objects-normal/arm64/honoo.SwiftConstValuesFileList
[        ]     export LOCALIZATION_EXPORT_SUPPORTED\=YES
[        ]     export LOCALIZATION_PREFERS_STRING_CATALOGS\=NO
[        ]     export LOCALIZED_RESOURCES_FOLDER_PATH\=honoo.app/Contents/Resources/en.lproj
[        ]     export LOCALIZED_STRING_MACRO_NAMES\=NSLocalizedString\ CFCopyLocalizedString
[        ]     export LOCALIZED_STRING_SWIFTUI_SUPPORT\=YES
[        ]     export LOCAL_ADMIN_APPS_DIR\=/Applications/Utilities
[        ]     export LOCAL_APPS_DIR\=/Applications
[        ]     export LOCAL_DEVELOPER_DIR\=/Library/Developer
[        ]     export LOCAL_LIBRARY_DIR\=/Library
[        ]     export LOCROOT\=/Users/andreea/StudioProjects/Flutter_Project/macos
[        ]     export LOCSYMROOT\=/Users/andreea/StudioProjects/Flutter_Project/macos
[        ]     export MACH_O_TYPE\=mh_execute
[        ]     export MACOSX_DEPLOYMENT_TARGET\=10.14
[        ]     export MAC_OS_X_PRODUCT_BUILD_VERSION\=24G231
[        ]     export MAC_OS_X_VERSION_ACTUAL\=150701
[        ]     export MAC_OS_X_VERSION_MAJOR\=150000
[        ]     export MAC_OS_X_VERSION_MINOR\=150700
[        ]     export MAKE_MERGEABLE\=NO
[        ]     export MERGEABLE_LIBRARY\=NO
[        ]     export MERGED_BINARY_TYPE\=none
[        ]     export MERGE_LINKED_LIBRARIES\=NO
[        ]     export METAL_LIBRARY_FILE_BASE\=default
[        ]     export METAL_LIBRARY_OUTPUT_DIR\=/Users/andreea/StudioProjects/Flutter_Project/build/macos/Build/Products/Debug/honoo.app/Contents/Resources
[        ]     export MODULES_FOLDER_PATH\=honoo.app/Contents/Modules
[        ]     export MODULE_CACHE_DIR\=/Users/andreea/StudioProjects/Flutter_Project/build/macos/ModuleCache.noindex
[        ]     export MTL_ENABLE_DEBUG_INFO\=YES
[        ]     export NATIVE_ARCH\=arm64
[        ]     export NATIVE_ARCH_32_BIT\=arm
[        ]     export NATIVE_ARCH_64_BIT\=arm64
[        ]     export NATIVE_ARCH_ACTUAL\=arm64
[        ]     export NO_COMMON\=YES
[        ]     export OBJECT_FILE_DIR\=/Users/andreea/StudioProjects/Flutter_Project/build/macos/Build/Intermediates.noindex/Runner.build/Debug/Runner.build/Objects
[        ]     export OBJECT_FILE_DIR_normal\=/Users/andreea/StudioProjects/Flutter_Project/build/macos/Build/Intermediates.noindex/Runner.build/Debug/Runner.build/Objects-normal
[        ]     export OBJROOT\=/Users/andreea/StudioProjects/Flutter_Project/build/macos/Build/Intermediates.noindex
[        ]     export ONLY_ACTIVE_ARCH\=YES
[        ]     export OS\=MACOS
[        ]     export OSAC\=/usr/bin/osacompile
[        ]     export OTHER_LDFLAGS\=\ -framework\ \"app_links\"\ -framework\ \"file_selector_macos\"\ -framework\ \"path_provider_foundation\"\ -framework\ \"share_plus\"\ -framework\ \"shared_preferences_foundation\"\ -framework\ \"sign_in_with_apple\"\ -framework\ \"url_launcher_macos\"\ -framework\ \"app_links\"\ -framework\ \"file_selector_macos\"\ -framework\ \"path_provider_foundation\"\ -framework\ \"share_plus\"\ -framework\ \"shared_preferences_foundation\"\ -framework\ \"sign_in_with_apple\"\ -framework\ \"url_launcher_macos\"\ -framework\ \"app_links\"\ -framework\ \"file_selector_macos\"\ -framework\ \"path_provider_foundation\"\ -framework\ \"share_plus\"\ -framework\ \"shared_preferences_foundation\"\ -framework\ \"sign_in_with_apple\"\ -framework\ \"url_launcher_macos\"\ -framework\ \"app_links\"\ -framework\ \"file_selector_macos\"\ -framework\ \"path_provider_foundation\"\ -framework\ \"share_plus\"\ -framework\ \"shared_preferences_foundation\"\ -framework\ \"sign_in_with_apple\"\ -framework\ \"url_launcher_macos\"
[        ]     export OTHER_MODULE_VERIFIER_FLAGS\=\ \"-F/Users/andreea/StudioProjects/Flutter_Project/build/macos/Build/Products/Debug/FlutterMacOS\"\ \"-F/Users/andreea/StudioProjects/Flutter_Project/build/macos/Build/Products/Debug/app_links\"\ \"-F/Users/andreea/StudioProjects/Flutter_Project/build/macos/Build/Products/Debug/file_selector_macos\"\ \"-F/Users/andreea/StudioProjects/Flutter_Project/build/macos/Build/Products/Debug/path_provider_foundation\"\ \"-F/Users/andreea/StudioProjects/Flutter_Project/build/macos/Build/Products/Debug/share_plus\"\ \"-F/Users/andreea/StudioProjects/Flutter_Project/build/macos/Build/Products/Debug/shared_preferences_foundation\"\ \"-F/Users/andreea/StudioProjects/Flutter_Project/build/macos/Build/Products/Debug/sign_in_with_apple\"\ \"-F/Users/andreea/StudioProjects/Flutter_Project/build/macos/Build/Products/Debug/url_launcher_macos\"\ \"-F/Users/andreea/StudioProjects/Flutter_Project/build/macos/Build/Products/Debug/FlutterMacOS\"\ \"-F/Users/andreea/StudioProjects/Flutter_Project/build/macos/Build/Products/Debug/app_links\"\ \"-F/Users/andreea/StudioProjects/Flutter_Project/build/macos/Build/Products/Debug/file_selector_macos\"\ \"-F/Users/andreea/StudioProjects/Flutter_Project/build/macos/Build/Products/Debug/path_provider_foundation\"\ \"-F/Users/andreea/StudioProjects/Flutter_Project/build/macos/Build/Products/Debug/share_plus\"\ \"-F/Users/andreea/StudioProjects/Flutter_Project/build/macos/Build/Products/Debug/shared_preferences_foundation\"\ \"-F/Users/andreea/StudioProjects/Flutter_Project/build/macos/Build/Products/Debug/sign_in_with_apple\"\ \"-F/Users/andreea/StudioProjects/Flutter_Project/build/macos/Build/Products/Debug/url_launcher_macos\"\ \"-F/Users/andreea/StudioProjects/Flutter_Project/build/macos/Build/Products/Debug/FlutterMacOS\"\ \"-F/Users/andreea/StudioProjects/Flutter_Project/build/macos/Build/Products/Debug/app_links\"\ \"-F/Users/andreea/StudioProjects/Flutter_Project/build/macos/Build/Products/Debug/file_selector_macos\"\ \"-F/Users/andreea/StudioProjects/Flutter_Project/build/macos/Build/Products/Debug/path_provider_foundation\"\ \"-F/Users/andreea/StudioProjects/Flutter_Project/build/macos/Build/Products/Debug/share_plus\"\ \"-F/Users/andreea/StudioProjects/Flutter_Project/build/macos/Build/Products/Debug/shared_preferences_foundation\"\ \"-F/Users/andreea/StudioProjects/Flutter_Project/build/macos/Build/Products/Debug/sign_in_with_apple\"\ \"-F/Users/andreea/StudioProjects/Flutter_Project/build/macos/Build/Products/Debug/url_launcher_macos\"\ \"-F/Users/andreea/StudioProjects/Flutter_Project/build/macos/Build/Products/Debug/FlutterMacOS\"\ \"-F/Users/andreea/StudioProjects/Flutter_Project/build/macos/Build/Products/Debug/app_links\"\ \"-F/Users/andreea/StudioProjects/Flutter_Project/build/macos/Build/Products/Debug/file_selector_macos\"\ \"-F/Users/andreea/StudioProjects/Flutter_Project/build/macos/Build/Products/Debug/path_provider_foundation\"\ \"-F/Users/andreea/StudioProjects/Flutter_Project/build/macos/Build/Products/Debug/share_plus\"\ \"-F/Users/andreea/StudioProjects/Flutter_Project/build/macos/Build/Products/Debug/shared_preferences_foundation\"\ \"-F/Users/andreea/StudioProjects/Flutter_Project/build/macos/Build/Products/Debug/sign_in_with_apple\"\ \"-F/Users/andreea/StudioProjects/Flutter_Project/build/macos/Build/Products/Debug/url_launcher_macos\"
[        ]     export OTHER_SWIFT_FLAGS\=\ -D\ COCOAPODS\ -D\ COCOAPODS\ -D\ COCOAPODS\ -D\ COCOAPODS
[        ]     export PACKAGE_CONFIG\=/Users/andreea/StudioProjects/Flutter_Project/.dart_tool/package_config.json
[        ]     export PACKAGE_TYPE\=com.apple.package-type.wrapper.application
[        ]     export PASCAL_STRINGS\=YES
[        ]     export PATH\=/Applications/Xcode.app/Contents/SharedFrameworks/SwiftBuild.framework/Versions/A/PlugIns/SWBBuildService.bundle/Contents/PlugIns/SWBUniversalPlatformPlugin.bundle/Contents/Frameworks/SWBUniversalPlatform.framework/Resources:/Applications/Xcode.app/Contents/Developer/Toolchains/XcodeDefault.xctoolchain/usr/bin:/Applications/Xcode.app/Contents/Developer/Toolchains/XcodeDefault.xctoolchain/usr/local/bin:/Applications/Xcode.app/Contents/Developer/Toolchains/XcodeDefault.xctoolchain/usr/libexec:/Applications/Xcode.app/Contents/Developer/Platforms/MacOSX.platform/usr/bin:/Applications/Xcode.app/Contents/Developer/Platforms/MacOSX.platform/usr/local/bin:/Applications/Xcode.app/Contents/Developer/Platforms/MacOSX.platform/Developer/usr/bin:/Applications/Xcode.app/Contents/Developer/Platforms/MacOSX.platform/Developer/usr/local/bin:/Applications/Xcode.app/Contents/Developer/usr/bin:/Applications/Xcode.app/Contents/Developer/usr/local/bin:/usr/local/bin:/System/Cryptexes/App/usr/bin:/usr/bin:/bin:/usr/sbin:/sbin:/var/run/com.apple.security.cryptexd/codex.system/bootstrap/usr/local/bin:/var/run/com.apple.security.cryptexd/codex.system/bootstrap/usr/bin:/var/run/com.apple.security.cryptexd/codex.system/bootstrap/usr/appleinternal/bin:/Library/Apple/usr/bin:/var/folders/g4/znvpg_m16kb5c6ynh6zvz_5c0000gn/T/.tmpvh7lNq:/Users/andreea/.npm-global/lib/node_modules/@openai/codex/vendor/aarch64-apple-darwin/path:/Users/andreea/.npm-global/bin:/opt/homebrew/opt/ruby/bin:/opt/homebrew/bin:/opt/homebrew/sbin:/Users/andreea/flutter/bin
[        ]     export PATH_PREFIXES_EXCLUDED_FROM_HEADER_DEPENDENCIES\=/usr/include\ /usr/local/include\ /System/Library/Frameworks\ /System/Library/PrivateFrameworks\ /Applications/Xcode.app/Contents/Developer/Headers\ /Applications/Xcode.app/Contents/Developer/SDKs\ /Applications/Xcode.app/Contents/Developer/Platforms
[        ]     export PBDEVELOPMENTPLIST_PATH\=honoo.app/Contents/pbdevelopment.plist
[        ]     export PER_ARCH_MODULE_FILE_DIR\=/Users/andreea/StudioProjects/Flutter_Project/build/macos/Build/Intermediates.noindex/Runner.build/Debug/Runner.build/Objects-normal/undefined_arch
[        ]     export PER_ARCH_OBJECT_FILE_DIR\=/Users/andreea/StudioProjects/Flutter_Project/build/macos/Build/Intermediates.noindex/Runner.build/Debug/Runner.build/Objects-normal/undefined_arch
[        ]     export PER_VARIANT_OBJECT_FILE_DIR\=/Users/andreea/StudioProjects/Flutter_Project/build/macos/Build/Intermediates.noindex/Runner.build/Debug/Runner.build/Objects-normal
[        ]     export PKGINFO_FILE_PATH\=/Users/andreea/StudioProjects/Flutter_Project/build/macos/Build/Intermediates.noindex/Runner.build/Debug/Runner.build/PkgInfo
[        ]     export PKGINFO_PATH\=honoo.app/Contents/PkgInfo
[        ]     export PLATFORM_DEVELOPER_APPLICATIONS_DIR\=/Applications/Xcode.app/Contents/Developer/Applications
[        ]     export PLATFORM_DEVELOPER_BIN_DIR\=/Applications/Xcode.app/Contents/Developer/usr/bin
[        ]     export PLATFORM_DEVELOPER_LIBRARY_DIR\=/Applications/Xcode.app/Contents/Developer/Library
[        ]     export PLATFORM_DEVELOPER_SDK_DIR\=/Applications/Xcode.app/Contents/Developer/Platforms/MacOSX.platform/Developer/SDKs
[        ]     export PLATFORM_DEVELOPER_TOOLS_DIR\=/Applications/Xcode.app/Contents/Developer/Tools
[        ]     export PLATFORM_DEVELOPER_USR_DIR\=/Applications/Xcode.app/Contents/Developer/usr
[        ]     export PLATFORM_DIR\=/Applications/Xcode.app/Contents/Developer/Platforms/MacOSX.platform
[        ]     export PLATFORM_DISPLAY_NAME\=macOS
[        ]     export PLATFORM_FAMILY_NAME\=macOS
[        ]     export PLATFORM_NAME\=macosx
[        ]     export PLATFORM_PREFERRED_ARCH\=x86_64
[        ]     export PLATFORM_PRODUCT_BUILD_VERSION\=24E241
[        ]     export PLATFORM_REQUIRES_SWIFT_AUTOLINK_EXTRACT\=NO
[        ]     export PLATFORM_REQUIRES_SWIFT_MODULEWRAP\=NO
[        ]     export PLIST_FILE_OUTPUT_FORMAT\=same-as-input
[        ]     export PLUGINS_FOLDER_PATH\=honoo.app/Contents/PlugIns
[        ]     export PODS_BUILD_DIR\=/Users/andreea/StudioProjects/Flutter_Project/build/macos/Build/Products
[        ]     export PODS_CONFIGURATION_BUILD_DIR\=/Users/andreea/StudioProjects/Flutter_Project/build/macos/Build/Products/Debug
[        ]     export PODS_PODFILE_DIR_PATH\=/Users/andreea/StudioProjects/Flutter_Project/macos/.
[        ]     export PODS_ROOT\=/Users/andreea/StudioProjects/Flutter_Project/macos/Pods
[        ]     export PODS_XCFRAMEWORKS_BUILD_DIR\=/Users/andreea/StudioProjects/Flutter_Project/build/macos/Build/Products/Debug/XCFrameworkIntermediates
[        ]     export PRECOMPS_INCLUDE_HEADERS_FROM_BUILT_PRODUCTS_DIR\=YES
[        ]     export PRECOMP_DESTINATION_DIR\=/Users/andreea/StudioProjects/Flutter_Project/build/macos/Build/Intermediates.noindex/Runner.build/Debug/Runner.build/PrefixHeaders
[        ]     export PRIVATE_HEADERS_FOLDER_PATH\=honoo.app/Contents/PrivateHeaders
[        ]     export PROCESSED_INFOPLIST_PATH\=/Users/andreea/StudioProjects/Flutter_Project/build/macos/Build/Intermediates.noindex/Runner.build/Debug/Runner.build/Objects-normal/undefined_arch/Processed-Info.plist
[        ]     export PRODUCT_BUNDLE_IDENTIFIER\=dev.lucagaudino.flutterProject
[        ]     export PRODUCT_BUNDLE_PACKAGE_TYPE\=APPL
[        ]     export PRODUCT_COPYRIGHT\=Copyright\ ©\ 2023\ dev.lucagaudino.\ All\ rights\ reserved.
[        ]     export PRODUCT_MODULE_NAME\=honoo
[        ]     export PRODUCT_NAME\=honoo
[        ]     export PRODUCT_SETTINGS_PATH\=/Users/andreea/StudioProjects/Flutter_Project/macos/Runner/Info.plist
[        ]     export PRODUCT_TYPE\=com.apple.product-type.application
[        ]     export PROFILING_CODE\=NO
[        ]     export PROJECT\=Runner
[        ]     export PROJECT_DERIVED_FILE_DIR\=/Users/andreea/StudioProjects/Flutter_Project/build/macos/Build/Intermediates.noindex/Runner.build/DerivedSources
[        ]     export PROJECT_DIR\=/Users/andreea/StudioProjects/Flutter_Project/macos
[        ]     export PROJECT_FILE_PATH\=/Users/andreea/StudioProjects/Flutter_Project/macos/Runner.xcodeproj
[        ]     export PROJECT_GUID\=18c1723432283e0cc55f10a6dcfd9e02
[        ]     export PROJECT_NAME\=Runner
[        ]     export PROJECT_TEMP_DIR\=/Users/andreea/StudioProjects/Flutter_Project/build/macos/Build/Intermediates.noindex/Runner.build
[        ]     export PROJECT_TEMP_ROOT\=/Users/andreea/StudioProjects/Flutter_Project/build/macos/Build/Intermediates.noindex
[        ]     export PROVISIONING_PROFILE_REQUIRED\=NO
[        ]     export PROVISIONING_PROFILE_REQUIRED_YES_YES\=YES
[        ]     export PROVISIONING_PROFILE_SUPPORTED\=YES
[        ]     export PUBLIC_HEADERS_FOLDER_PATH\=honoo.app/Contents/Headers
[        ]     export RECOMMENDED_MACOSX_DEPLOYMENT_TARGET\=11.0
[        ]     export RECURSIVE_SEARCH_PATHS_FOLLOW_SYMLINKS\=YES
[        ]     export REMOVE_CVS_FROM_RESOURCES\=YES
[        ]     export REMOVE_GIT_FROM_RESOURCES\=YES
[        ]     export REMOVE_HEADERS_FROM_EMBEDDED_BUNDLES\=YES
[        ]     export REMOVE_HG_FROM_RESOURCES\=YES
[        ]     export REMOVE_STATIC_EXECUTABLES_FROM_EMBEDDED_BUNDLES\=YES
[        ]     export REMOVE_SVN_FROM_RESOURCES\=YES
[        ]     export RESCHEDULE_INDEPENDENT_HEADERS_PHASES\=YES
[        ]     export REZ_COLLECTOR_DIR\=/Users/andreea/StudioProjects/Flutter_Project/build/macos/Build/Intermediates.noindex/Runner.build/Debug/Runner.build/ResourceManagerResources
[        ]     export REZ_OBJECTS_DIR\=/Users/andreea/StudioProjects/Flutter_Project/build/macos/Build/Intermediates.noindex/Runner.build/Debug/Runner.build/ResourceManagerResources/Objects
[        ]     export REZ_SEARCH_PATHS\=/Users/andreea/StudioProjects/Flutter_Project/build/macos/Build/Products/Debug\ 
[        ]     export SCAN_ALL_SOURCE_FILES_FOR_INCLUDES\=NO
[        ]     export SCRIPTS_FOLDER_PATH\=honoo.app/Contents/Resources/Scripts
[        ]     export SCRIPT_INPUT_FILE_COUNT\=0
[        ]     export SCRIPT_INPUT_FILE_LIST_COUNT\=0
[        ]     export SCRIPT_OUTPUT_FILE_COUNT\=0
[        ]     export SCRIPT_OUTPUT_FILE_LIST_COUNT\=0
[        ]     export SDKROOT\=/Applications/Xcode.app/Contents/Developer/Platforms/MacOSX.platform/Developer/SDKs/MacOSX15.4.sdk
[        ]     export SDK_DIR\=/Applications/Xcode.app/Contents/Developer/Platforms/MacOSX.platform/Developer/SDKs/MacOSX15.4.sdk
[        ]     export SDK_DIR_macosx\=/Applications/Xcode.app/Contents/Developer/Platforms/MacOSX.platform/Developer/SDKs/MacOSX15.4.sdk
[        ]     export SDK_DIR_macosx15_4\=/Applications/Xcode.app/Contents/Developer/Platforms/MacOSX.platform/Developer/SDKs/MacOSX15.4.sdk
[        ]     export SDK_NAME\=macosx15.4
[        ]     export SDK_NAMES\=macosx15.4
[        ]     export SDK_PRODUCT_BUILD_VERSION\=24E241
[        ]     export SDK_STAT_CACHE_DIR\=/Users/andreea/StudioProjects/Flutter_Project/build/macos
[        ]     export SDK_STAT_CACHE_ENABLE\=YES
[        ]     export SDK_STAT_CACHE_PATH\=/Users/andreea/StudioProjects/Flutter_Project/build/macos/SDKStatCaches.noindex/macosx15.4-24E241-88b860576fb364319593bd8fb30666b0.sdkstatcache
[        ]     export SDK_VERSION\=15.4
[        ]     export SDK_VERSION_ACTUAL\=150400
[        ]     export SDK_VERSION_MAJOR\=150000
[        ]     export SDK_VERSION_MINOR\=150400
[        ]     export SED\=/usr/bin/sed
[        ]     export SEPARATE_STRIP\=NO
[        ]     export SEPARATE_SYMBOL_EDIT\=NO
[        ]     export SET_DIR_MODE_OWNER_GROUP\=YES
[        ]     export SET_FILE_MODE_OWNER_GROUP\=NO
[        ]     export SHALLOW_BUNDLE\=NO
[        ]     export SHALLOW_BUNDLE_PLATFORM\=NO
[        ]     export SHALLOW_BUNDLE_TRIPLE\=macos
[        ]     export SHALLOW_BUNDLE_ios_macabi\=NO
[        ]     export SHALLOW_BUNDLE_macos\=NO
[        ]     export SHARED_DERIVED_FILE_DIR\=/Users/andreea/StudioProjects/Flutter_Project/build/macos/Build/Products/Debug/DerivedSources
[        ]     export SHARED_FRAMEWORKS_FOLDER_PATH\=honoo.app/Contents/SharedFrameworks
[        ]     export SHARED_PRECOMPS_DIR\=/Users/andreea/StudioProjects/Flutter_Project/build/macos/Build/Intermediates.noindex/PrecompiledHeaders
[        ]     export SHARED_SUPPORT_FOLDER_PATH\=honoo.app/Contents/SharedSupport
[        ]     export SKIP_INSTALL\=NO
[        ]     export SOURCE_ROOT\=/Users/andreea/StudioProjects/Flutter_Project/macos
[        ]     export SRCROOT\=/Users/andreea/StudioProjects/Flutter_Project/macos
[        ]     export STRINGSDATA_DIR\=/Users/andreea/StudioProjects/Flutter_Project/build/macos/Build/Intermediates.noindex/Runner.build/Debug/Runner.build/Objects-normal/undefined_arch
[        ]     export STRINGSDATA_ROOT\=/Users/andreea/StudioProjects/Flutter_Project/build/macos/Build/Intermediates.noindex/Runner.build/Debug/Runner.build
[        ]     export STRINGS_FILE_INFOPLIST_RENAME\=YES
[        ]     export STRINGS_FILE_OUTPUT_ENCODING\=UTF-16
[        ]     export STRIP_BITCODE_FROM_COPIED_FILES\=NO
[        ]     export STRIP_INSTALLED_PRODUCT\=NO
[        ]     export STRIP_PNG_TEXT\=NO
[        ]     export STRIP_STYLE\=all
[        ]     export STRIP_SWIFT_SYMBOLS\=YES
[        ]     export SUPPORTED_PLATFORMS\=macosx
[        ]     export SUPPORTS_MACCATALYST\=NO
[        ]     export SUPPORTS_ON_DEMAND_RESOURCES\=NO
[        ]     export SUPPORTS_TEXT_BASED_API\=NO
[        ]     export SUPPRESS_WARNINGS\=NO
[        ]     export SWIFT_ACTIVE_COMPILATION_CONDITIONS\=DEBUG
[        ]     export SWIFT_EMIT_LOC_STRINGS\=NO
[        ]     export SWIFT_OPTIMIZATION_LEVEL\=-Onone
[        ]     export SWIFT_PLATFORM_TARGET_PREFIX\=macos
[        ]     export SWIFT_RESPONSE_FILE_PATH_normal_arm64\=/Users/andreea/StudioProjects/Flutter_Project/build/macos/Build/Intermediates.noindex/Runner.build/Debug/Runner.build/Objects-normal/arm64/honoo.SwiftFileList
[        ]     export SWIFT_VERSION\=5.0
[        ]     export SYMROOT\=/Users/andreea/StudioProjects/Flutter_Project/build/macos/Build/Products
[        ]     export SYSTEM_ADMIN_APPS_DIR\=/Applications/Utilities
[        ]     export SYSTEM_APPS_DIR\=/Applications
[        ]     export SYSTEM_CORE_SERVICES_DIR\=/System/Library/CoreServices
[        ]     export SYSTEM_DEMOS_DIR\=/Applications/Extras
[        ]     export SYSTEM_DEVELOPER_APPS_DIR\=/Applications/Xcode.app/Contents/Developer/Applications
[        ]     export SYSTEM_DEVELOPER_BIN_DIR\=/Applications/Xcode.app/Contents/Developer/usr/bin
[        ]     export SYSTEM_DEVELOPER_DEMOS_DIR\=/Applications/Xcode.app/Contents/Developer/Applications/Utilities/Built\ Examples
[        ]     export SYSTEM_DEVELOPER_DIR\=/Applications/Xcode.app/Contents/Developer
[        ]     export SYSTEM_DEVELOPER_DOC_DIR\=/Applications/Xcode.app/Contents/Developer/ADC\ Reference\ Library
[        ]     export SYSTEM_DEVELOPER_GRAPHICS_TOOLS_DIR\=/Applications/Xcode.app/Contents/Developer/Applications/Graphics\ Tools
[        ]     export SYSTEM_DEVELOPER_JAVA_TOOLS_DIR\=/Applications/Xcode.app/Contents/Developer/Applications/Java\ Tools
[        ]     export SYSTEM_DEVELOPER_PERFORMANCE_TOOLS_DIR\=/Applications/Xcode.app/Contents/Developer/Applications/Performance\ Tools
[        ]     export SYSTEM_DEVELOPER_RELEASENOTES_DIR\=/Applications/Xcode.app/Contents/Developer/ADC\ Reference\ Library/releasenotes
[        ]     export SYSTEM_DEVELOPER_TOOLS\=/Applications/Xcode.app/Contents/Developer/Tools
[        ]     export SYSTEM_DEVELOPER_TOOLS_DOC_DIR\=/Applications/Xcode.app/Contents/Developer/ADC\ Reference\ Library/documentation/DeveloperTools
[        ]     export SYSTEM_DEVELOPER_TOOLS_RELEASENOTES_DIR\=/Applications/Xcode.app/Contents/Developer/ADC\ Reference\ Library/releasenotes/DeveloperTools
[        ]     export SYSTEM_DEVELOPER_USR_DIR\=/Applications/Xcode.app/Contents/Developer/usr
[        ]     export SYSTEM_DEVELOPER_UTILITIES_DIR\=/Applications/Xcode.app/Contents/Developer/Applications/Utilities
[        ]     export SYSTEM_DEXT_INSTALL_PATH\=/System/Library/DriverExtensions
[        ]     export SYSTEM_DOCUMENTATION_DIR\=/Library/Documentation
[        ]     export SYSTEM_EXTENSIONS_FOLDER_PATH\=honoo.app/Contents/Library/SystemExtensions
[        ]     export SYSTEM_EXTENSIONS_FOLDER_PATH_SHALLOW_BUNDLE_NO\=honoo.app/Contents/Library/SystemExtensions
[        ]     export SYSTEM_EXTENSIONS_FOLDER_PATH_SHALLOW_BUNDLE_YES\=honoo.app/Contents/SystemExtensions
[        ]     export SYSTEM_KEXT_INSTALL_PATH\=/System/Library/Extensions
[        ]     export SYSTEM_LIBRARY_DIR\=/System/Library
[        ]     export TAPI_DEMANGLE\=YES
[        ]     export TAPI_ENABLE_PROJECT_HEADERS\=NO
[        ]     export TAPI_LANGUAGE\=objective-c
[        ]     export TAPI_LANGUAGE_STANDARD\=compiler-default
[        ]     export TAPI_USE_SRCROOT\=YES
[        ]     export TAPI_VERIFY_MODE\=Pedantic
[        ]     export TARGETNAME\=Runner
[        ]     export TARGET_BUILD_DIR\=/Users/andreea/StudioProjects/Flutter_Project/build/macos/Build/Products/Debug
[        ]     export TARGET_NAME\=Runner
[        ]     export TARGET_TEMP_DIR\=/Users/andreea/StudioProjects/Flutter_Project/build/macos/Build/Intermediates.noindex/Runner.build/Debug/Runner.build
[        ]     export TEMP_DIR\=/Users/andreea/StudioProjects/Flutter_Project/build/macos/Build/Intermediates.noindex/Runner.build/Debug/Runner.build
[        ]     export TEMP_FILES_DIR\=/Users/andreea/StudioProjects/Flutter_Project/build/macos/Build/Intermediates.noindex/Runner.build/Debug/Runner.build
[        ]     export TEMP_FILE_DIR\=/Users/andreea/StudioProjects/Flutter_Project/build/macos/Build/Intermediates.noindex/Runner.build/Debug/Runner.build
[        ]     export TEMP_ROOT\=/Users/andreea/StudioProjects/Flutter_Project/build/macos/Build/Intermediates.noindex
[        ]     export TEMP_SANDBOX_DIR\=/Users/andreea/StudioProjects/Flutter_Project/build/macos/Build/Intermediates.noindex/TemporaryTaskSandboxes
[        ]     export TEST_FRAMEWORK_SEARCH_PATHS\=\ /Applications/Xcode.app/Contents/Developer/Platforms/MacOSX.platform/Developer/Library/Frameworks
[        ]     export TEST_LIBRARY_SEARCH_PATHS\=\ /Applications/Xcode.app/Contents/Developer/Platforms/MacOSX.platform/Developer/usr/lib
[        ]     export TOOLCHAINS\=com.apple.dt.toolchain.XcodeDefault
[        ]     export TOOLCHAIN_DIR\=/Applications/Xcode.app/Contents/Developer/Toolchains/XcodeDefault.xctoolchain
[        ]     export TRACK_WIDGET_CREATION\=true
[        ]     export TREAT_MISSING_BASELINES_AS_TEST_FAILURES\=NO
[        ]     export TREAT_MISSING_SCRIPT_PHASE_OUTPUTS_AS_ERRORS\=NO
[        ]     export TREE_SHAKE_ICONS\=false
[        ]     export UID\=501
[        ]     export UNINSTALLED_PRODUCTS_DIR\=/Users/andreea/StudioProjects/Flutter_Project/build/macos/Build/Intermediates.noindex/UninstalledProducts
[        ]     export UNLOCALIZED_RESOURCES_FOLDER_PATH\=honoo.app/Contents/Resources
[        ]     export UNLOCALIZED_RESOURCES_FOLDER_PATH_SHALLOW_BUNDLE_NO\=honoo.app/Contents/Resources
[        ]     export UNLOCALIZED_RESOURCES_FOLDER_PATH_SHALLOW_BUNDLE_YES\=honoo.app/Contents
[        ]     export UNSTRIPPED_PRODUCT\=NO
[        ]     export USER\=andreea
[        ]     export USER_APPS_DIR\=/Users/andreea/Applications
[        ]     export USER_LIBRARY_DIR\=/Users/andreea/Library
[        ]     export USE_DYNAMIC_NO_PIC\=YES
[        ]     export USE_HEADERMAP\=YES
[        ]     export USE_HEADER_SYMLINKS\=NO
[        ]     export USE_RECURSIVE_SCRIPT_INPUTS_IN_SCRIPT_PHASES\=YES
[        ]     export VALIDATE_DEVELOPMENT_ASSET_PATHS\=YES_ERROR
[        ]     export VALIDATE_PRODUCT\=NO
[        ]     export VALID_ARCHS\=arm64\ arm64e\ i386\ x86_64
[        ]     export VERBOSE_PBXCP\=NO
[        ]     export VERBOSE_SCRIPT_LOGGING\=YES
[        ]     export VERSIONPLIST_PATH\=honoo.app/Contents/version.plist
[        ]     export VERSION_INFO_BUILDER\=andreea
[        ]     export VERSION_INFO_FILE\=honoo_vers.c
[        ]     export VERSION_INFO_STRING\=\"@\(\#\)PROGRAM:honoo\ \ PROJECT:Runner-\"
[        ]     export WARNING_CFLAGS\=-Wall\ -Wconditional-uninitialized\ -Wnullable-to-nonnull-conversion\ -Wmissing-method-return-type\ -Woverlength-strings
[        ]     export WORKSPACE_DIR\=/Users/andreea/StudioProjects/Flutter_Project/macos
[        ]     export WRAPPER_EXTENSION\=app
[        ]     export WRAPPER_NAME\=honoo.app
[        ]     export WRAPPER_SUFFIX\=.app
[        ]     export WRAP_ASSET_PACKS_IN_SEPARATE_DIRECTORIES\=NO
[        ]     export XCODE_APP_SUPPORT_DIR\=/Applications/Xcode.app/Contents/Developer/Library/Xcode
[        ]     export XCODE_PRODUCT_BUILD_VERSION\=16E140
[        ]     export XCODE_VERSION_ACTUAL\=1630
[        ]     export XCODE_VERSION_MAJOR\=1600
[        ]     export XCODE_VERSION_MINOR\=1630
[        ]     export XPCSERVICES_FOLDER_PATH\=honoo.app/Contents/XPCServices
[        ]     export YACC\=yacc
[        ]     export _BOOL_\=NO
[        ]     export _BOOL_NO\=NO
[        ]     export _BOOL_YES\=YES
[        ]     export _DEVELOPMENT_TEAM_IS_EMPTY\=YES
[        ]     export _DISCOVER_COMMAND_LINE_LINKER_INPUTS\=YES
[        ]     export _DISCOVER_COMMAND_LINE_LINKER_INPUTS_INCLUDE_WL\=YES
[        ]     export _IS_EMPTY_\=YES
[        ]     export _MACOSX_DEPLOYMENT_TARGET_IS_EMPTY\=NO
[        ]     export _WRAPPER_CONTENTS_DIR\=/Contents
[        ]     export _WRAPPER_CONTENTS_DIR_SHALLOW_BUNDLE_NO\=/Contents
[        ]     export _WRAPPER_PARENT_PATH\=/..
[        ]     export _WRAPPER_PARENT_PATH_SHALLOW_BUNDLE_NO\=/..
[        ]     export _WRAPPER_RESOURCES_DIR\=/Resources
[        ]     export _WRAPPER_RESOURCES_DIR_SHALLOW_BUNDLE_NO\=/Resources
[        ]     export __DIAGNOSE_DEPRECATED_ARCHS\=YES
[        ]     export __IS_NOT_MACOS\=NO
[        ]     export __IS_NOT_MACOS_macosx\=NO
[        ]     export __IS_NOT_SIMULATOR\=YES
[        ]     export __IS_NOT_SIMULATOR_simulator\=NO
[        ]     export arch\=undefined_arch
[        ]     export variant\=normal
[        ]     /bin/sh -c /Users/andreea/StudioProjects/Flutter_Project/build/macos/Build/Intermediates.noindex/Runner.build/Debug/Runner.build/Script-3399D490228B24CF009A79C7.sh
[ +690 ms] ♦ mkdir -p -- /Users/andreea/StudioProjects/Flutter_Project/build/macos/Build/Products/Debug/honoo.app/Contents/Frameworks
[        ] ♦ rsync -av --delete --filter - .DS_Store /Users/andreea/StudioProjects/Flutter_Project/build/macos/Build/Products/Debug/App.framework /Users/andreea/StudioProjects/Flutter_Project/build/macos/Build/Products/Debug/honoo.app/Contents/Frameworks
[        ] Transfer starting: 121 files
[        ] App.framework/
[        ] App.framework/App
[        ] App.framework/Resources
[        ] App.framework/Versions/
[        ] App.framework/Versions/Current
[        ] App.framework/Versions/A/
[        ] App.framework/Versions/A/App
[        ] App.framework/Versions/A/Resources/
[        ] App.framework/Versions/A/Resources/Info.plist
[        ] App.framework/Versions/A/Resources/flutter_assets/
[        ] App.framework/Versions/A/Resources/flutter_assets/AssetManifest.bin
[        ] App.framework/Versions/A/Resources/flutter_assets/AssetManifest.json
[        ] App.framework/Versions/A/Resources/flutter_assets/FontManifest.json
[        ] App.framework/Versions/A/Resources/flutter_assets/NOTICES.Z
[        ] App.framework/Versions/A/Resources/flutter_assets/isolate_snapshot_data
[        ] App.framework/Versions/A/Resources/flutter_assets/kernel_blob.bin
[        ] App.framework/Versions/A/Resources/flutter_assets/vm_snapshot_data
[        ] App.framework/Versions/A/Resources/flutter_assets/assets/
[        ] App.framework/Versions/A/Resources/flutter_assets/assets/background.png
[        ] App.framework/Versions/A/Resources/flutter_assets/assets/sirenaepalombaro.jpg
[        ] App.framework/Versions/A/Resources/flutter_assets/assets/google_fonts/
[        ] App.framework/Versions/A/Resources/flutter_assets/assets/google_fonts/Arvo-Bold.ttf
[        ] App.framework/Versions/A/Resources/flutter_assets/assets/google_fonts/Arvo-BoldItalic.ttf
[        ] App.framework/Versions/A/Resources/flutter_assets/assets/google_fonts/Arvo-Italic.ttf
[        ] App.framework/Versions/A/Resources/flutter_assets/assets/google_fonts/Arvo-Regular.ttf
[        ] App.framework/Versions/A/Resources/flutter_assets/assets/google_fonts/LibreFranklin-Italic-VariableFont_wght.ttf
[        ] App.framework/Versions/A/Resources/flutter_assets/assets/google_fonts/LibreFranklin-VariableFont_wght.ttf
[        ] App.framework/Versions/A/Resources/flutter_assets/assets/icons/
[        ] App.framework/Versions/A/Resources/flutter_assets/assets/icons/arrow_left.svg
[        ] App.framework/Versions/A/Resources/flutter_assets/assets/icons/arrow_right.svg
[        ] App.framework/Versions/A/Resources/flutter_assets/assets/icons/bottle.svg
[        ] App.framework/Versions/A/Resources/flutter_assets/assets/icons/broken_heart.svg
[        ] App.framework/Versions/A/Resources/flutter_assets/assets/icons/broken_heart_white.svg
[        ] App.framework/Versions/A/Resources/flutter_assets/assets/icons/cancella.svg
[        ] App.framework/Versions/A/Resources/flutter_assets/assets/icons/chest.svg
[        ] App.framework/Versions/A/Resources/flutter_assets/assets/icons/chest_home.svg
[        ] App.framework/Versions/A/Resources/flutter_assets/assets/icons/dado.png
[        ] App.framework/Versions/A/Resources/flutter_assets/assets/icons/dado.svg
[        ] App.framework/Versions/A/Resources/flutter_assets/assets/icons/dado_lightmode.svg
[        ] App.framework/Versions/A/Resources/flutter_assets/assets/icons/dice.svg
[        ] App.framework/Versions/A/Resources/flutter_assets/assets/icons/heart.svg
[        ] App.framework/Versions/A/Resources/flutter_assets/assets/icons/home.svg
[        ] App.framework/Versions/A/Resources/flutter_assets/assets/icons/home_onTertiary.svg
[        ] App.framework/Versions/A/Resources/flutter_assets/assets/icons/honoo_chest_blue.svg
[        ] App.framework/Versions/A/Resources/flutter_assets/assets/icons/honoo_chest_red.svg
[        ] App.framework/Versions/A/Resources/flutter_assets/assets/icons/honoo_chest_white.svg
[        ] App.framework/Versions/A/Resources/flutter_assets/assets/icons/honoo_logo.svg
[        ] App.framework/Versions/A/Resources/flutter_assets/assets/icons/info.svg
[        ] App.framework/Versions/A/Resources/flutter_assets/assets/icons/isola.png
[        ] App.framework/Versions/A/Resources/flutter_assets/assets/icons/load.svg
[        ] App.framework/Versions/A/Resources/flutter_assets/assets/icons/logo_honoo.png
[        ] App.framework/Versions/A/Resources/flutter_assets/assets/icons/luna.png
[        ] App.framework/Versions/A/Resources/flutter_assets/assets/icons/moon.svg
[        ] App.framework/Versions/A/Resources/flutter_assets/assets/icons/ok.svg
[        ] App.framework/Versions/A/Resources/flutter_assets/assets/icons/performance.png
[        ] App.framework/Versions/A/Resources/flutter_assets/assets/icons/piuma.svg
[        ] App.framework/Versions/A/Resources/flutter_assets/assets/icons/reply.svg
[        ] App.framework/Versions/A/Resources/flutter_assets/assets/icons/share.svg
[        ] App.framework/Versions/A/Resources/flutter_assets/assets/icons/splash.svg
[        ] App.framework/Versions/A/Resources/flutter_assets/assets/icons/isoladellestorie/
[        ] App.framework/Versions/A/Resources/flutter_assets/assets/icons/isoladellestorie/button1.svg
[        ] App.framework/Versions/A/Resources/flutter_assets/assets/icons/isoladellestorie/button2.svg
[        ] App.framework/Versions/A/Resources/flutter_assets/assets/icons/isoladellestorie/button3.svg
[        ] App.framework/Versions/A/Resources/flutter_assets/assets/icons/isoladellestorie/button4.svg
[        ] App.framework/Versions/A/Resources/flutter_assets/assets/icons/isoladellestorie/button5.svg
[        ] App.framework/Versions/A/Resources/flutter_assets/assets/icons/isoladellestorie/button6.svg
[        ] App.framework/Versions/A/Resources/flutter_assets/assets/icons/isoladellestorie/button7.svg
[        ] App.framework/Versions/A/Resources/flutter_assets/assets/icons/isoladellestorie/button8.svg
[        ] App.framework/Versions/A/Resources/flutter_assets/assets/icons/isoladellestorie/button9.svg
[        ] App.framework/Versions/A/Resources/flutter_assets/assets/icons/isoladellestorie/conchiglia.svg
[        ] App.framework/Versions/A/Resources/flutter_assets/assets/icons/isoladellestorie/garbuglio.svg
[        ] App.framework/Versions/A/Resources/flutter_assets/assets/icons/isoladellestorie/gomitolo.svg
[        ] App.framework/Versions/A/Resources/flutter_assets/assets/icons/isoladellestorie/island.svg
[        ] App.framework/Versions/A/Resources/flutter_assets/assets/icons/isoladellestorie/islandhome.svg
[        ] App.framework/Versions/A/Resources/flutter_assets/assets/icons/isoladellestorie/islandmap.jpg
[        ] App.framework/Versions/A/Resources/flutter_assets/assets/icons/isoladellestorie/islandmap.svg
[        ] App.framework/Versions/A/Resources/flutter_assets/assets/icons/isoladellestorie/offUI.svg
[        ] App.framework/Versions/A/Resources/flutter_assets/assets/icons/isoladellestorie/path.svg
[        ] App.framework/Versions/A/Resources/flutter_assets/assets/icons/isoladellestorie/backgrounds/
[        ] App.framework/Versions/A/Resources/flutter_assets/assets/icons/isoladellestorie/backgrounds/1grottarondini.jpg
[        ] App.framework/Versions/A/Resources/flutter_assets/assets/icons/isoladellestorie/backgrounds/1grottarondini.png
[        ] App.framework/Versions/A/Resources/flutter_assets/assets/icons/isoladellestorie/backgrounds/1grottarondini_old.png
[        ] App.framework/Versions/A/Resources/flutter_assets/assets/icons/isoladellestorie/backgrounds/2radurabacche.jpg
[        ] App.framework/Versions/A/Resources/flutter_assets/assets/icons/isoladellestorie/backgrounds/2radurabacche.png
[        ] App.framework/Versions/A/Resources/flutter_assets/assets/icons/isoladellestorie/backgrounds/2radurabacche_old.jpg
[        ] App.framework/Versions/A/Resources/flutter_assets/assets/icons/isoladellestorie/backgrounds/2radurabacche_old.png
[        ] App.framework/Versions/A/Resources/flutter_assets/assets/icons/isoladellestorie/backgrounds/2radurabacche_old_next.png
[        ] App.framework/Versions/A/Resources/flutter_assets/assets/icons/isoladellestorie/backgrounds/3pozzooracolo.jpg
[        ] App.framework/Versions/A/Resources/flutter_assets/assets/icons/isoladellestorie/backgrounds/3pozzooracolo.png
[        ] App.framework/Versions/A/Resources/flutter_assets/assets/icons/isoladellestorie/backgrounds/3pozzooracolo_old.png
[        ] App.framework/Versions/A/Resources/flutter_assets/assets/icons/isoladellestorie/backgrounds/4portaalabastro.jpg
[        ] App.framework/Versions/A/Resources/flutter_assets/assets/icons/isoladellestorie/backgrounds/4portaalabastro.png
[        ] App.framework/Versions/A/Resources/flutter_assets/assets/icons/isoladellestorie/backgrounds/4portaalabastro_old.png
[        ] App.framework/Versions/A/Resources/flutter_assets/assets/icons/isoladellestorie/backgrounds/5primoanello.jpg
[        ] App.framework/Versions/A/Resources/flutter_assets/assets/icons/isoladellestorie/backgrounds/5primoanello.png
[        ] App.framework/Versions/A/Resources/flutter_assets/assets/icons/isoladellestorie/backgrounds/5primoanello_old.png
[        ] App.framework/Versions/A/Resources/flutter_assets/assets/icons/isoladellestorie/backgrounds/6secondoanello.jpg
[        ] App.framework/Versions/A/Resources/flutter_assets/assets/icons/isoladellestorie/backgrounds/6secondoanello.png
[        ] App.framework/Versions/A/Resources/flutter_assets/assets/icons/isoladellestorie/backgrounds/6secondoanello_old.png
[ +921 ms] App.framework/Versions/A/Resources/flutter_assets/assets/icons/isoladellestorie/backgrounds/7terzoanello.jpg
[        ] App.framework/Versions/A/Resources/flutter_assets/assets/icons/isoladellestorie/backgrounds/7terzoanello.png
[        ] App.framework/Versions/A/Resources/flutter_assets/assets/icons/isoladellestorie/backgrounds/7terzoanello_old.png
[        ] App.framework/Versions/A/Resources/flutter_assets/assets/icons/isoladellestorie/backgrounds/8quartoanello.jpg
[        ] App.framework/Versions/A/Resources/flutter_assets/assets/icons/isoladellestorie/backgrounds/8quartoanello.png
[        ] App.framework/Versions/A/Resources/flutter_assets/assets/icons/isoladellestorie/backgrounds/8quartoanello_old.png
[        ] App.framework/Versions/A/Resources/flutter_assets/assets/icons/isoladellestorie/backgrounds/9cunicololuce.jpg
[        ] App.framework/Versions/A/Resources/flutter_assets/assets/icons/isoladellestorie/backgrounds/9cunicololuce.png
[        ] App.framework/Versions/A/Resources/flutter_assets/assets/icons/isoladellestorie/backgrounds/9cunicololuce_old.png
[        ] App.framework/Versions/A/Resources/flutter_assets/assets/images/
[        ] App.framework/Versions/A/Resources/flutter_assets/assets/images/hinoo_default_1080x1920.png
[        ] App.framework/Versions/A/Resources/flutter_assets/fonts/
[        ] App.framework/Versions/A/Resources/flutter_assets/fonts/MaterialIcons-Regular.otf
[        ] App.framework/Versions/A/Resources/flutter_assets/packages/
[        ] App.framework/Versions/A/Resources/flutter_assets/packages/cupertino_icons/
[        ] App.framework/Versions/A/Resources/flutter_assets/packages/cupertino_icons/assets/
[        ] App.framework/Versions/A/Resources/flutter_assets/packages/cupertino_icons/assets/CupertinoIcons.ttf
[        ] App.framework/Versions/A/Resources/flutter_assets/packages/golden_toolkit/
[        ] App.framework/Versions/A/Resources/flutter_assets/packages/golden_toolkit/fonts/
[        ] App.framework/Versions/A/Resources/flutter_assets/packages/golden_toolkit/fonts/Roboto-Regular.ttf
[        ] App.framework/Versions/A/Resources/flutter_assets/shaders/
[        ] App.framework/Versions/A/Resources/flutter_assets/shaders/ink_sparkle.frag
[        ] sent 102732157 bytes  received 2346 bytes  208344155 bytes/sec
[        ] total size is 102701924  speedup is 1.00
[        ] ♦ rsync -av --delete --filter - .DS_Store --filter - Headers --filter - Modules /Users/andreea/StudioProjects/Flutter_Project/build/macos/Build/Products/Debug/FlutterMacOS.framework /Users/andreea/StudioProjects/Flutter_Project/build/macos/Build/Products/Debug/honoo.app/Contents/Frameworks/
[        ] Transfer starting: 12 files
[        ] FlutterMacOS.framework/
[        ] FlutterMacOS.framework/FlutterMacOS
[        ] FlutterMacOS.framework/Resources
[        ] FlutterMacOS.framework/Versions/
[        ] FlutterMacOS.framework/Versions/Current
[        ] FlutterMacOS.framework/Versions/A/
[        ] FlutterMacOS.framework/Versions/A/FlutterMacOS
[        ] FlutterMacOS.framework/Versions/A/Resources/
[        ] FlutterMacOS.framework/Versions/A/Resources/Info.plist
[        ] FlutterMacOS.framework/Versions/A/Resources/icudtl.dat
[        ] FlutterMacOS.framework/Versions/A/_CodeSignature/
[        ] FlutterMacOS.framework/Versions/A/_CodeSignature/CodeResources
[        ] sent 47516282 bytes  received 156 bytes  169037488 bytes/sec
[        ] total size is 47509351  speedup is 1.00
[        ] ♦ codesign --force --verbose --sign - -- /Users/andreea/StudioProjects/Flutter_Project/build/macos/Build/Products/Debug/honoo.app/Contents/Frameworks/App.framework/App
[        ] /Users/andreea/StudioProjects/Flutter_Project/build/macos/Build/Products/Debug/honoo.app/Contents/Frameworks/App.framework/App: replacing existing signature
[        ] /Users/andreea/StudioProjects/Flutter_Project/build/macos/Build/Products/Debug/honoo.app/Contents/Frameworks/App.framework/App: signed bundle with Mach-O thin (arm64) [io.flutter.flutter.app]
[        ] ♦ codesign --force --verbose --sign - -- /Users/andreea/StudioProjects/Flutter_Project/build/macos/Build/Products/Debug/honoo.app/Contents/Frameworks/FlutterMacOS.framework/FlutterMacOS
[        ] /Users/andreea/StudioProjects/Flutter_Project/build/macos/Build/Products/Debug/honoo.app/Contents/Frameworks/FlutterMacOS.framework/FlutterMacOS: replacing existing signature
[        ] /Users/andreea/StudioProjects/Flutter_Project/build/macos/Build/Products/Debug/honoo.app/Contents/Frameworks/FlutterMacOS.framework/FlutterMacOS: signed bundle with Mach-O universal (arm64) [io.flutter.flutter-macos]
[        ] PhaseScriptExecution [CP]\ Embed\ Pods\ Frameworks /Users/andreea/StudioProjects/Flutter_Project/build/macos/Build/Intermediates.noindex/Runner.build/Debug/Runner.build/Script-DBB5FEF312432A1C86B29B6E.sh (in target 'Runner' from project 'Runner')
[        ]     cd /Users/andreea/StudioProjects/Flutter_Project/macos
[        ]     /bin/sh -c /Users/andreea/StudioProjects/Flutter_Project/build/macos/Build/Intermediates.noindex/Runner.build/Debug/Runner.build/Script-DBB5FEF312432A1C86B29B6E.sh
[ +477 ms] mkdir -p /Users/andreea/StudioProjects/Flutter_Project/build/macos/Build/Products/Debug/honoo.app/Contents/Frameworks
[        ] rsync --delete -av --filter P .*.?????? --links --filter "- CVS/" --filter "- .svn/" --filter "- .git/" --filter "- .hg/" --filter "- Headers" --filter "- PrivateHeaders" --filter "- Modules" "/Users/andreea/StudioProjects/Flutter_Project/build/macos/Build/Products/Debug/app_links/app_links.framework" "/Users/andreea/StudioProjects/Flutter_Project/build/macos/Build/Products/Debug/honoo.app/Contents/Frameworks"
[        ] Transfer starting: 9 files
[        ] app_links.framework/
[        ] app_links.framework/Resources
[        ] app_links.framework/app_links
[        ] app_links.framework/Versions/
[        ] app_links.framework/Versions/Current
[        ] app_links.framework/Versions/A/
[        ] app_links.framework/Versions/A/app_links
[        ] app_links.framework/Versions/A/Resources/
[        ] app_links.framework/Versions/A/Resources/Info.plist
[        ] sent 102933 bytes  received 106 bytes  20203725 bytes/sec
[        ] total size is 102090  speedup is 0.99
[        ] Destination binary is symlinked...
[        ] Code Signing /Users/andreea/StudioProjects/Flutter_Project/build/macos/Build/Products/Debug/honoo.app/Contents/Frameworks/app_links.framework with Identity Sign to Run Locally
[        ] /usr/bin/codesign --force --sign -  --preserve-metadata=identifier,entitlements '/Users/andreea/StudioProjects/Flutter_Project/build/macos/Build/Products/Debug/honoo.app/Contents/Frameworks/app_links.framework' &
[        ] rsync --delete -av --filter P .*.?????? --links --filter "- CVS/" --filter "- .svn/" --filter "- .git/" --filter "- .hg/" --filter "- Headers" --filter "- PrivateHeaders" --filter "- Modules" "/Users/andreea/StudioProjects/Flutter_Project/build/macos/Build/Products/Debug/file_selector_macos/file_selector_macos.framework" "/Users/andreea/StudioProjects/Flutter_Project/build/macos/Build/Products/Debug/honoo.app/Contents/Frameworks"
[        ] /Users/andreea/StudioProjects/Flutter_Project/build/macos/Build/Products/Debug/honoo.app/Contents/Frameworks/app_links.framework: replacing existing signature
[        ] Transfer starting: 9 files
[        ] file_selector_macos.framework/
[        ] file_selector_macos.framework/Resources
[        ] file_selector_macos.framework/file_selector_macos
[        ] file_selector_macos.framework/Versions/
[        ] file_selector_macos.framework/Versions/Current
[        ] file_selector_macos.framework/Versions/A/
[        ] file_selector_macos.framework/Versions/A/file_selector_macos
[        ] file_selector_macos.framework/Versions/A/Resources/
[        ] file_selector_macos.framework/Versions/A/Resources/Info.plist
[        ] sent 228655 bytes  received 106 bytes  73793870 bytes/sec
[        ] total size is 227690  speedup is 1.00
[        ] Destination binary is symlinked...
[        ] Code Signing /Users/andreea/StudioProjects/Flutter_Project/build/macos/Build/Products/Debug/honoo.app/Contents/Frameworks/file_selector_macos.framework with Identity Sign to Run Locally
[        ] /usr/bin/codesign --force --sign -  --preserve-metadata=identifier,entitlements '/Users/andreea/StudioProjects/Flutter_Project/build/macos/Build/Products/Debug/honoo.app/Contents/Frameworks/file_selector_macos.framework' &
[        ] rsync --delete -av --filter P .*.?????? --links --filter "- CVS/" --filter "- .svn/" --filter "- .git/" --filter "- .hg/" --filter "- Headers" --filter "- PrivateHeaders" --filter "- Modules" "/Users/andreea/StudioProjects/Flutter_Project/build/macos/Build/Products/Debug/path_provider_foundation/path_provider_foundation.framework" "/Users/andreea/StudioProjects/Flutter_Project/build/macos/Build/Products/Debug/honoo.app/Contents/Frameworks"
[        ] /Users/andreea/StudioProjects/Flutter_Project/build/macos/Build/Products/Debug/honoo.app/Contents/Frameworks/file_selector_macos.framework: replacing existing signature
[        ] Transfer starting: 9 files
[        ] path_provider_foundation.framework/
[        ] path_provider_foundation.framework/Resources
[        ] path_provider_foundation.framework/path_provider_foundation
[        ] path_provider_foundation.framework/Versions/
[        ] path_provider_foundation.framework/Versions/Current
[        ] path_provider_foundation.framework/Versions/A/
[        ] path_provider_foundation.framework/Versions/A/path_provider_foundation
[        ] path_provider_foundation.framework/Versions/A/Resources/
[        ] path_provider_foundation.framework/Versions/A/Resources/Info.plist
[        ] sent 111062 bytes  received 106 bytes  35860645 bytes/sec
[        ] total size is 110054  speedup is 0.99
[        ] Destination binary is symlinked...
[        ] Code Signing /Users/andreea/StudioProjects/Flutter_Project/build/macos/Build/Products/Debug/honoo.app/Contents/Frameworks/path_provider_foundation.framework with Identity Sign to Run Locally
[        ] /usr/bin/codesign --force --sign -  --preserve-metadata=identifier,entitlements '/Users/andreea/StudioProjects/Flutter_Project/build/macos/Build/Products/Debug/honoo.app/Contents/Frameworks/path_provider_foundation.framework' &
[        ] rsync --delete -av --filter P .*.?????? --links --filter "- CVS/" --filter "- .svn/" --filter "- .git/" --filter "- .hg/" --filter "- Headers" --filter "- PrivateHeaders" --filter "- Modules" "/Users/andreea/StudioProjects/Flutter_Project/build/macos/Build/Products/Debug/share_plus/share_plus.framework" "/Users/andreea/StudioProjects/Flutter_Project/build/macos/Build/Products/Debug/honoo.app/Contents/Frameworks"
[        ] /Users/andreea/StudioProjects/Flutter_Project/build/macos/Build/Products/Debug/honoo.app/Contents/Frameworks/path_provider_foundation.framework: replacing existing signature
[        ] Transfer starting: 9 files
[        ] share_plus.framework/
[        ] share_plus.framework/Resources
[        ] share_plus.framework/share_plus
[   +1 ms] share_plus.framework/Versions/
[        ] share_plus.framework/Versions/Current
[        ] share_plus.framework/Versions/A/
[        ] share_plus.framework/Versions/A/share_plus
[        ] share_plus.framework/Versions/A/Resources/
[        ] share_plus.framework/Versions/A/Resources/Info.plist
[        ] sent 138184 bytes  received 106 bytes  44609677 bytes/sec
[        ] total size is 137326  speedup is 0.99
[        ] Destination binary is symlinked...
[        ] Code Signing /Users/andreea/StudioProjects/Flutter_Project/build/macos/Build/Products/Debug/honoo.app/Contents/Frameworks/share_plus.framework with Identity Sign to Run Locally
[        ] /usr/bin/codesign --force --sign -  --preserve-metadata=identifier,entitlements '/Users/andreea/StudioProjects/Flutter_Project/build/macos/Build/Products/Debug/honoo.app/Contents/Frameworks/share_plus.framework' &
[        ] rsync --delete -av --filter P .*.?????? --links --filter "- CVS/" --filter "- .svn/" --filter "- .git/" --filter "- .hg/" --filter "- Headers" --filter "- PrivateHeaders" --filter "- Modules" "/Users/andreea/StudioProjects/Flutter_Project/build/macos/Build/Products/Debug/shared_preferences_foundation/shared_preferences_foundation.framework" "/Users/andreea/StudioProjects/Flutter_Project/build/macos/Build/Products/Debug/honoo.app/Contents/Frameworks"
[        ] /Users/andreea/StudioProjects/Flutter_Project/build/macos/Build/Products/Debug/honoo.app/Contents/Frameworks/share_plus.framework: replacing existing signature
[        ] Transfer starting: 9 files
[        ] shared_preferences_foundation.framework/
[        ] shared_preferences_foundation.framework/Resources
[        ] shared_preferences_foundation.framework/shared_preferences_foundation
[        ] shared_preferences_foundation.framework/Versions/
[        ] shared_preferences_foundation.framework/Versions/Current
[        ] shared_preferences_foundation.framework/Versions/A/
[        ] shared_preferences_foundation.framework/Versions/A/shared_preferences_foundation
[        ] shared_preferences_foundation.framework/Versions/A/Resources/
[        ] shared_preferences_foundation.framework/Versions/A/Resources/Info.plist
[        ] sent 128761 bytes  received 106 bytes  41570000 bytes/sec
[        ] total size is 127698  speedup is 0.99
[        ] Destination binary is symlinked...
[        ] Code Signing /Users/andreea/StudioProjects/Flutter_Project/build/macos/Build/Products/Debug/honoo.app/Contents/Frameworks/shared_preferences_foundation.framework with Identity Sign to Run Locally
[        ] /usr/bin/codesign --force --sign -  --preserve-metadata=identifier,entitlements '/Users/andreea/StudioProjects/Flutter_Project/build/macos/Build/Products/Debug/honoo.app/Contents/Frameworks/shared_preferences_foundation.framework' &
[        ] rsync --delete -av --filter P .*.?????? --links --filter "- CVS/" --filter "- .svn/" --filter "- .git/" --filter "- .hg/" --filter "- Headers" --filter "- PrivateHeaders" --filter "- Modules" "/Users/andreea/StudioProjects/Flutter_Project/build/macos/Build/Products/Debug/sign_in_with_apple/sign_in_with_apple.framework" "/Users/andreea/StudioProjects/Flutter_Project/build/macos/Build/Products/Debug/honoo.app/Contents/Frameworks"
[        ] /Users/andreea/StudioProjects/Flutter_Project/build/macos/Build/Products/Debug/honoo.app/Contents/Frameworks/shared_preferences_foundation.framework: replacing existing signature
[        ] Transfer starting: 9 files
[        ] sign_in_with_apple.framework/
[        ] sign_in_with_apple.framework/Resources
[        ] sign_in_with_apple.framework/sign_in_with_apple
[        ] sign_in_with_apple.framework/Versions/
[        ] sign_in_with_apple.framework/Versions/Current
[        ] sign_in_with_apple.framework/Versions/A/
[        ] sign_in_with_apple.framework/Versions/A/sign_in_with_apple
[        ] sign_in_with_apple.framework/Versions/A/Resources/
[        ] sign_in_with_apple.framework/Versions/A/Resources/Info.plist
[        ] sent 214944 bytes  received 106 bytes  69370967 bytes/sec
[        ] total size is 213990  speedup is 1.00
[        ] Destination binary is symlinked...
[        ] Code Signing /Users/andreea/StudioProjects/Flutter_Project/build/macos/Build/Products/Debug/honoo.app/Contents/Frameworks/sign_in_with_apple.framework with Identity Sign to Run Locally
[        ] /usr/bin/codesign --force --sign -  --preserve-metadata=identifier,entitlements '/Users/andreea/StudioProjects/Flutter_Project/build/macos/Build/Products/Debug/honoo.app/Contents/Frameworks/sign_in_with_apple.framework' &
[        ] rsync --delete -av --filter P .*.?????? --links --filter "- CVS/" --filter "- .svn/" --filter "- .git/" --filter "- .hg/" --filter "- Headers" --filter "- PrivateHeaders" --filter "- Modules" "/Users/andreea/StudioProjects/Flutter_Project/build/macos/Build/Products/Debug/url_launcher_macos/url_launcher_macos.framework" "/Users/andreea/StudioProjects/Flutter_Project/build/macos/Build/Products/Debug/honoo.app/Contents/Frameworks"
[        ] /Users/andreea/StudioProjects/Flutter_Project/build/macos/Build/Products/Debug/honoo.app/Contents/Frameworks/sign_in_with_apple.framework: replacing existing signature
[  +41 ms] Transfer starting: 9 files
[        ] url_launcher_macos.framework/
[        ] url_launcher_macos.framework/Resources
[        ] url_launcher_macos.framework/url_launcher_macos
[        ] url_launcher_macos.framework/Versions/
[        ] url_launcher_macos.framework/Versions/Current
[        ] url_launcher_macos.framework/Versions/A/
[        ] url_launcher_macos.framework/Versions/A/url_launcher_macos
[        ] url_launcher_macos.framework/Versions/A/Resources/
[        ] url_launcher_macos.framework/Versions/A/Resources/Info.plist
[        ] sent 150360 bytes  received 106 bytes  48537419 bytes/sec
[        ] total size is 149414  speedup is 0.99
[        ] Destination binary is symlinked...
[        ] Code Signing /Users/andreea/StudioProjects/Flutter_Project/build/macos/Build/Products/Debug/honoo.app/Contents/Frameworks/url_launcher_macos.framework with Identity Sign to Run Locally
[        ] /usr/bin/codesign --force --sign -  --preserve-metadata=identifier,entitlements '/Users/andreea/StudioProjects/Flutter_Project/build/macos/Build/Products/Debug/honoo.app/Contents/Frameworks/url_launcher_macos.framework' &
[        ] /Users/andreea/StudioProjects/Flutter_Project/build/macos/Build/Products/Debug/honoo.app/Contents/Frameworks/url_launcher_macos.framework: replacing existing signature
[        ] CopySwiftLibs /Users/andreea/StudioProjects/Flutter_Project/build/macos/Build/Products/Debug/honoo.app (in target 'Runner' from project 'Runner')
[        ]     cd /Users/andreea/StudioProjects/Flutter_Project/macos
[        ]     builtin-swiftStdLibTool --copy --verbose --sign - --scan-executable /Users/andreea/StudioProjects/Flutter_Project/build/macos/Build/Products/Debug/honoo.app/Contents/MacOS/honoo.debug.dylib --scan-folder /Users/andreea/StudioProjects/Flutter_Project/build/macos/Build/Products/Debug/honoo.app/Contents/Frameworks --scan-folder /Users/andreea/StudioProjects/Flutter_Project/build/macos/Build/Products/Debug/honoo.app/Contents/PlugIns --scan-folder /Users/andreea/StudioProjects/Flutter_Project/build/macos/Build/Products/Debug/honoo.app/Contents/Library/SystemExtensions --scan-folder /Users/andreea/StudioProjects/Flutter_Project/build/macos/Build/Products/Debug/honoo.app/Contents/Extensions --scan-folder /Users/andreea/StudioProjects/Flutter_Project/build/macos/Build/Products/Debug/Pods_Runner.framework --platform macosx --toolchain /Applications/Xcode.app/Contents/Developer/Toolchains/XcodeDefault.xctoolchain --destination /Users/andreea/StudioProjects/Flutter_Project/build/macos/Build/Products/Debug/honoo.app/Contents/Frameworks --strip-bitcode --strip-bitcode-tool /Applications/Xcode.app/Contents/Developer/Toolchains/XcodeDefault.xctoolchain/usr/bin/bitcode_strip --emit-dependency-info /Users/andreea/StudioProjects/Flutter_Project/build/macos/Build/Intermediates.noindex/Runner.build/Debug/Runner.build/SwiftStdLibToolInputDependencies.dep --back-deploy-swift-concurrency
[ +159 ms] Copying /Applications/Xcode.app/Contents/Developer/Toolchains/XcodeDefault.xctoolchain/usr/lib/swift-5.0/macosx/libswiftIOKit.dylib to /Users/andreea/StudioProjects/Flutter_Project/build/macos/Build/Products/Debug/honoo.app/Contents/Frameworks/libswiftIOKit.dylib
[        ] /Applications/Xcode.app/Contents/Developer/Toolchains/XcodeDefault.xctoolchain/usr/bin/bitcode_strip /Applications/Xcode.app/Contents/Developer/Toolchains/XcodeDefault.xctoolchain/usr/lib/swift-5.0/macosx/libswiftIOKit.dylib -r -o /Users/andreea/StudioProjects/Flutter_Project/build/macos/Build/Products/Debug/honoo.app/Contents/Frameworks/libswiftIOKit.dylib
[        ] Copying /Applications/Xcode.app/Contents/Developer/Toolchains/XcodeDefault.xctoolchain/usr/lib/swift-5.0/macosx/libswiftObjectiveC.dylib to /Users/andreea/StudioProjects/Flutter_Project/build/macos/Build/Products/Debug/honoo.app/Contents/Frameworks/libswiftObjectiveC.dylib
[        ] /Applications/Xcode.app/Contents/Developer/Toolchains/XcodeDefault.xctoolchain/usr/bin/bitcode_strip /Applications/Xcode.app/Contents/Developer/Toolchains/XcodeDefault.xctoolchain/usr/lib/swift-5.0/macosx/libswiftObjectiveC.dylib -r -o /Users/andreea/StudioProjects/Flutter_Project/build/macos/Build/Products/Debug/honoo.app/Contents/Frameworks/libswiftObjectiveC.dylib
[        ] Copying /Applications/Xcode.app/Contents/Developer/Toolchains/XcodeDefault.xctoolchain/usr/lib/swift-5.0/macosx/libswiftDispatch.dylib to /Users/andreea/StudioProjects/Flutter_Project/build/macos/Build/Products/Debug/honoo.app/Contents/Frameworks/libswiftDispatch.dylib
[        ] /Applications/Xcode.app/Contents/Developer/Toolchains/XcodeDefault.xctoolchain/usr/bin/bitcode_strip /Applications/Xcode.app/Contents/Developer/Toolchains/XcodeDefault.xctoolchain/usr/lib/swift-5.0/macosx/libswiftDispatch.dylib -r -o /Users/andreea/StudioProjects/Flutter_Project/build/macos/Build/Products/Debug/honoo.app/Contents/Frameworks/libswiftDispatch.dylib
[        ] Copying /Applications/Xcode.app/Contents/Developer/Toolchains/XcodeDefault.xctoolchain/usr/lib/swift-5.0/macosx/libswiftCore.dylib to /Users/andreea/StudioProjects/Flutter_Project/build/macos/Build/Products/Debug/honoo.app/Contents/Frameworks/libswiftCore.dylib
[        ] /Applications/Xcode.app/Contents/Developer/Toolchains/XcodeDefault.xctoolchain/usr/bin/bitcode_strip /Applications/Xcode.app/Contents/Developer/Toolchains/XcodeDefault.xctoolchain/usr/lib/swift-5.0/macosx/libswiftCore.dylib -r -o /Users/andreea/StudioProjects/Flutter_Project/build/macos/Build/Products/Debug/honoo.app/Contents/Frameworks/libswiftCore.dylib
[        ] Copying /Applications/Xcode.app/Contents/Developer/Toolchains/XcodeDefault.xctoolchain/usr/lib/swift-5.0/macosx/libswiftXPC.dylib to /Users/andreea/StudioProjects/Flutter_Project/build/macos/Build/Products/Debug/honoo.app/Contents/Frameworks/libswiftXPC.dylib
[        ] /Applications/Xcode.app/Contents/Developer/Toolchains/XcodeDefault.xctoolchain/usr/bin/bitcode_strip /Applications/Xcode.app/Contents/Developer/Toolchains/XcodeDefault.xctoolchain/usr/lib/swift-5.0/macosx/libswiftXPC.dylib -r -o /Users/andreea/StudioProjects/Flutter_Project/build/macos/Build/Products/Debug/honoo.app/Contents/Frameworks/libswiftXPC.dylib
[        ] Copying /Applications/Xcode.app/Contents/Developer/Toolchains/XcodeDefault.xctoolchain/usr/lib/swift-5.0/macosx/libswiftCoreImage.dylib to /Users/andreea/StudioProjects/Flutter_Project/build/macos/Build/Products/Debug/honoo.app/Contents/Frameworks/libswiftCoreImage.dylib
[        ] /Applications/Xcode.app/Contents/Developer/Toolchains/XcodeDefault.xctoolchain/usr/bin/bitcode_strip /Applications/Xcode.app/Contents/Developer/Toolchains/XcodeDefault.xctoolchain/usr/lib/swift-5.0/macosx/libswiftCoreImage.dylib -r -o /Users/andreea/StudioProjects/Flutter_Project/build/macos/Build/Products/Debug/honoo.app/Contents/Frameworks/libswiftCoreImage.dylib
[        ] Copying /Applications/Xcode.app/Contents/Developer/Toolchains/XcodeDefault.xctoolchain/usr/lib/swift-5.0/macosx/libswiftos.dylib to /Users/andreea/StudioProjects/Flutter_Project/build/macos/Build/Products/Debug/honoo.app/Contents/Frameworks/libswiftos.dylib
[        ] /Applications/Xcode.app/Contents/Developer/Toolchains/XcodeDefault.xctoolchain/usr/bin/bitcode_strip /Applications/Xcode.app/Contents/Developer/Toolchains/XcodeDefault.xctoolchain/usr/lib/swift-5.0/macosx/libswiftos.dylib -r -o /Users/andreea/StudioProjects/Flutter_Project/build/macos/Build/Products/Debug/honoo.app/Contents/Frameworks/libswiftos.dylib
[        ] Copying /Applications/Xcode.app/Contents/Developer/Toolchains/XcodeDefault.xctoolchain/usr/lib/swift-5.0/macosx/libswiftCoreData.dylib to /Users/andreea/StudioProjects/Flutter_Project/build/macos/Build/Products/Debug/honoo.app/Contents/Frameworks/libswiftCoreData.dylib
[        ] /Applications/Xcode.app/Contents/Developer/Toolchains/XcodeDefault.xctoolchain/usr/bin/bitcode_strip /Applications/Xcode.app/Contents/Developer/Toolchains/XcodeDefault.xctoolchain/usr/lib/swift-5.0/macosx/libswiftCoreData.dylib -r -o /Users/andreea/StudioProjects/Flutter_Project/build/macos/Build/Products/Debug/honoo.app/Contents/Frameworks/libswiftCoreData.dylib
[        ] Copying /Applications/Xcode.app/Contents/Developer/Toolchains/XcodeDefault.xctoolchain/usr/lib/swift-5.0/macosx/libswiftAppKit.dylib to /Users/andreea/StudioProjects/Flutter_Project/build/macos/Build/Products/Debug/honoo.app/Contents/Frameworks/libswiftAppKit.dylib
[        ] /Applications/Xcode.app/Contents/Developer/Toolchains/XcodeDefault.xctoolchain/usr/bin/bitcode_strip /Applications/Xcode.app/Contents/Developer/Toolchains/XcodeDefault.xctoolchain/usr/lib/swift-5.0/macosx/libswiftAppKit.dylib -r -o /Users/andreea/StudioProjects/Flutter_Project/build/macos/Build/Products/Debug/honoo.app/Contents/Frameworks/libswiftAppKit.dylib
[        ] Copying /Applications/Xcode.app/Contents/Developer/Toolchains/XcodeDefault.xctoolchain/usr/lib/swift-5.0/macosx/libswiftQuartzCore.dylib to /Users/andreea/StudioProjects/Flutter_Project/build/macos/Build/Products/Debug/honoo.app/Contents/Frameworks/libswiftQuartzCore.dylib
[        ] /Applications/Xcode.app/Contents/Developer/Toolchains/XcodeDefault.xctoolchain/usr/bin/bitcode_strip /Applications/Xcode.app/Contents/Developer/Toolchains/XcodeDefault.xctoolchain/usr/lib/swift-5.0/macosx/libswiftQuartzCore.dylib -r -o /Users/andreea/StudioProjects/Flutter_Project/build/macos/Build/Products/Debug/honoo.app/Contents/Frameworks/libswiftQuartzCore.dylib
[        ] Copying /Applications/Xcode.app/Contents/Developer/Toolchains/XcodeDefault.xctoolchain/usr/lib/swift-5.0/macosx/libswiftCoreMedia.dylib to /Users/andreea/StudioProjects/Flutter_Project/build/macos/Build/Products/Debug/honoo.app/Contents/Frameworks/libswiftCoreMedia.dylib
[        ] /Applications/Xcode.app/Contents/Developer/Toolchains/XcodeDefault.xctoolchain/usr/bin/bitcode_strip /Applications/Xcode.app/Contents/Developer/Toolchains/XcodeDefault.xctoolchain/usr/lib/swift-5.0/macosx/libswiftCoreMedia.dylib -r -o /Users/andreea/StudioProjects/Flutter_Project/build/macos/Build/Products/Debug/honoo.app/Contents/Frameworks/libswiftCoreMedia.dylib
[        ] Copying /Applications/Xcode.app/Contents/Developer/Toolchains/XcodeDefault.xctoolchain/usr/lib/swift-5.0/macosx/libswiftMetal.dylib to /Users/andreea/StudioProjects/Flutter_Project/build/macos/Build/Products/Debug/honoo.app/Contents/Frameworks/libswiftMetal.dylib
[        ] /Applications/Xcode.app/Contents/Developer/Toolchains/XcodeDefault.xctoolchain/usr/bin/bitcode_strip /Applications/Xcode.app/Contents/Developer/Toolchains/XcodeDefault.xctoolchain/usr/lib/swift-5.0/macosx/libswiftMetal.dylib -r -o /Users/andreea/StudioProjects/Flutter_Project/build/macos/Build/Products/Debug/honoo.app/Contents/Frameworks/libswiftMetal.dylib
[        ] Copying /Applications/Xcode.app/Contents/Developer/Toolchains/XcodeDefault.xctoolchain/usr/lib/swift-5.0/macosx/libswiftDarwin.dylib to /Users/andreea/StudioProjects/Flutter_Project/build/macos/Build/Products/Debug/honoo.app/Contents/Frameworks/libswiftDarwin.dylib
[        ] /Applications/Xcode.app/Contents/Developer/Toolchains/XcodeDefault.xctoolchain/usr/bin/bitcode_strip /Applications/Xcode.app/Contents/Developer/Toolchains/XcodeDefault.xctoolchain/usr/lib/swift-5.0/macosx/libswiftDarwin.dylib -r -o /Users/andreea/StudioProjects/Flutter_Project/build/macos/Build/Products/Debug/honoo.app/Contents/Frameworks/libswiftDarwin.dylib
[        ] Copying /Applications/Xcode.app/Contents/Developer/Toolchains/XcodeDefault.xctoolchain/usr/lib/swift-5.0/macosx/libswiftCoreFoundation.dylib to /Users/andreea/StudioProjects/Flutter_Project/build/macos/Build/Products/Debug/honoo.app/Contents/Frameworks/libswiftCoreFoundation.dylib
[        ] /Applications/Xcode.app/Contents/Developer/Toolchains/XcodeDefault.xctoolchain/usr/bin/bitcode_strip /Applications/Xcode.app/Contents/Developer/Toolchains/XcodeDefault.xctoolchain/usr/lib/swift-5.0/macosx/libswiftCoreFoundation.dylib -r -o /Users/andreea/StudioProjects/Flutter_Project/build/macos/Build/Products/Debug/honoo.app/Contents/Frameworks/libswiftCoreFoundation.dylib
[        ] Copying /Applications/Xcode.app/Contents/Developer/Toolchains/XcodeDefault.xctoolchain/usr/lib/swift-5.0/macosx/libswiftsimd.dylib to /Users/andreea/StudioProjects/Flutter_Project/build/macos/Build/Products/Debug/honoo.app/Contents/Frameworks/libswiftsimd.dylib
[        ] /Applications/Xcode.app/Contents/Developer/Toolchains/XcodeDefault.xctoolchain/usr/bin/bitcode_strip /Applications/Xcode.app/Contents/Developer/Toolchains/XcodeDefault.xctoolchain/usr/lib/swift-5.0/macosx/libswiftsimd.dylib -r -o /Users/andreea/StudioProjects/Flutter_Project/build/macos/Build/Products/Debug/honoo.app/Contents/Frameworks/libswiftsimd.dylib
[        ] Copying /Applications/Xcode.app/Contents/Developer/Toolchains/XcodeDefault.xctoolchain/usr/lib/swift-5.0/macosx/libswiftCoreGraphics.dylib to /Users/andreea/StudioProjects/Flutter_Project/build/macos/Build/Products/Debug/honoo.app/Contents/Frameworks/libswiftCoreGraphics.dylib
[        ] /Applications/Xcode.app/Contents/Developer/Toolchains/XcodeDefault.xctoolchain/usr/bin/bitcode_strip /Applications/Xcode.app/Contents/Developer/Toolchains/XcodeDefault.xctoolchain/usr/lib/swift-5.0/macosx/libswiftCoreGraphics.dylib -r -o /Users/andreea/StudioProjects/Flutter_Project/build/macos/Build/Products/Debug/honoo.app/Contents/Frameworks/libswiftCoreGraphics.dylib
[  +90 ms] Copying /Applications/Xcode.app/Contents/Developer/Toolchains/XcodeDefault.xctoolchain/usr/lib/swift-5.0/macosx/libswiftCoreAudio.dylib to /Users/andreea/StudioProjects/Flutter_Project/build/macos/Build/Products/Debug/honoo.app/Contents/Frameworks/libswiftCoreAudio.dylib
[        ] /Applications/Xcode.app/Contents/Developer/Toolchains/XcodeDefault.xctoolchain/usr/bin/bitcode_strip /Applications/Xcode.app/Contents/Developer/Toolchains/XcodeDefault.xctoolchain/usr/lib/swift-5.0/macosx/libswiftCoreAudio.dylib -r -o /Users/andreea/StudioProjects/Flutter_Project/build/macos/Build/Products/Debug/honoo.app/Contents/Frameworks/libswiftCoreAudio.dylib
[        ] Copying /Applications/Xcode.app/Contents/Developer/Toolchains/XcodeDefault.xctoolchain/usr/lib/swift-5.0/macosx/libswiftFoundation.dylib to /Users/andreea/StudioProjects/Flutter_Project/build/macos/Build/Products/Debug/honoo.app/Contents/Frameworks/libswiftFoundation.dylib
[        ] /Applications/Xcode.app/Contents/Developer/Toolchains/XcodeDefault.xctoolchain/usr/bin/bitcode_strip /Applications/Xcode.app/Contents/Developer/Toolchains/XcodeDefault.xctoolchain/usr/lib/swift-5.0/macosx/libswiftFoundation.dylib -r -o /Users/andreea/StudioProjects/Flutter_Project/build/macos/Build/Products/Debug/honoo.app/Contents/Frameworks/libswiftFoundation.dylib
[        ] Probing signature of /Users/andreea/StudioProjects/Flutter_Project/build/macos/Build/Products/Debug/honoo.app/Contents/Frameworks/libswiftIOKit.dylib
[        ] /usr/bin/codesign -r- --display /Users/andreea/StudioProjects/Flutter_Project/build/macos/Build/Products/Debug/honoo.app/Contents/Frameworks/libswiftIOKit.dylib
[        ] Codesigning /Users/andreea/StudioProjects/Flutter_Project/build/macos/Build/Products/Debug/honoo.app/Contents/Frameworks/libswiftIOKit.dylib
[        ] /usr/bin/codesign --force --sign - --verbose /Users/andreea/StudioProjects/Flutter_Project/build/macos/Build/Products/Debug/honoo.app/Contents/Frameworks/libswiftIOKit.dylib
[        ] Probing signature of /Users/andreea/StudioProjects/Flutter_Project/build/macos/Build/Products/Debug/honoo.app/Contents/Frameworks/libswiftIOKit.dylib
[        ] /usr/bin/codesign -r- --display /Users/andreea/StudioProjects/Flutter_Project/build/macos/Build/Products/Debug/honoo.app/Contents/Frameworks/libswiftIOKit.dylib
[        ] Probing signature of /Users/andreea/StudioProjects/Flutter_Project/build/macos/Build/Products/Debug/honoo.app/Contents/Frameworks/libswiftObjectiveC.dylib
[        ] /usr/bin/codesign -r- --display /Users/andreea/StudioProjects/Flutter_Project/build/macos/Build/Products/Debug/honoo.app/Contents/Frameworks/libswiftObjectiveC.dylib
[        ] Probing signature of /Users/andreea/StudioProjects/Flutter_Project/build/macos/Build/Products/Debug/honoo.app/Contents/Frameworks/libswiftXPC.dylib
[        ] /usr/bin/codesign -r- --display /Users/andreea/StudioProjects/Flutter_Project/build/macos/Build/Products/Debug/honoo.app/Contents/Frameworks/libswiftXPC.dylib
[        ] Probing signature of /Users/andreea/StudioProjects/Flutter_Project/build/macos/Build/Products/Debug/honoo.app/Contents/Frameworks/libswiftCoreImage.dylib
[        ] /usr/bin/codesign -r- --display /Users/andreea/StudioProjects/Flutter_Project/build/macos/Build/Products/Debug/honoo.app/Contents/Frameworks/libswiftCoreImage.dylib
[        ] Probing signature of /Users/andreea/StudioProjects/Flutter_Project/build/macos/Build/Products/Debug/honoo.app/Contents/Frameworks/libswiftAppKit.dylib
[        ] /usr/bin/codesign -r- --display /Users/andreea/StudioProjects/Flutter_Project/build/macos/Build/Products/Debug/honoo.app/Contents/Frameworks/libswiftAppKit.dylib
[        ] Probing signature of /Users/andreea/StudioProjects/Flutter_Project/build/macos/Build/Products/Debug/honoo.app/Contents/Frameworks/libswiftQuartzCore.dylib
[        ] /usr/bin/codesign -r- --display /Users/andreea/StudioProjects/Flutter_Project/build/macos/Build/Products/Debug/honoo.app/Contents/Frameworks/libswiftQuartzCore.dylib
[        ] Probing signature of /Users/andreea/StudioProjects/Flutter_Project/build/macos/Build/Products/Debug/honoo.app/Contents/Frameworks/libswiftCoreMedia.dylib
[        ] /usr/bin/codesign -r- --display /Users/andreea/StudioProjects/Flutter_Project/build/macos/Build/Products/Debug/honoo.app/Contents/Frameworks/libswiftCoreMedia.dylib
[        ] Probing signature of /Users/andreea/StudioProjects/Flutter_Project/build/macos/Build/Products/Debug/honoo.app/Contents/Frameworks/libswiftDispatch.dylib
[        ] /usr/bin/codesign -r- --display /Users/andreea/StudioProjects/Flutter_Project/build/macos/Build/Products/Debug/honoo.app/Contents/Frameworks/libswiftDispatch.dylib
[        ] Probing signature of /Users/andreea/StudioProjects/Flutter_Project/build/macos/Build/Products/Debug/honoo.app/Contents/Frameworks/libswiftos.dylib
[        ] /usr/bin/codesign -r- --display /Users/andreea/StudioProjects/Flutter_Project/build/macos/Build/Products/Debug/honoo.app/Contents/Frameworks/libswiftos.dylib
[        ] Probing signature of /Users/andreea/StudioProjects/Flutter_Project/build/macos/Build/Products/Debug/honoo.app/Contents/Frameworks/libswiftCore.dylib
[        ] /usr/bin/codesign -r- --display /Users/andreea/StudioProjects/Flutter_Project/build/macos/Build/Products/Debug/honoo.app/Contents/Frameworks/libswiftCore.dylib
[        ] Probing signature of /Users/andreea/StudioProjects/Flutter_Project/build/macos/Build/Products/Debug/honoo.app/Contents/Frameworks/libswiftCoreFoundation.dylib
[        ] Probing signature of /Users/andreea/StudioProjects/Flutter_Project/build/macos/Build/Products/Debug/honoo.app/Contents/Frameworks/libswiftMetal.dylib
[        ] /usr/bin/codesign -r- --display /Users/andreea/StudioProjects/Flutter_Project/build/macos/Build/Products/Debug/honoo.app/Contents/Frameworks/libswiftMetal.dylib
[        ] Probing signature of /Users/andreea/StudioProjects/Flutter_Project/build/macos/Build/Products/Debug/honoo.app/Contents/Frameworks/libswiftCoreGraphics.dylib
[        ] /usr/bin/codesign -r- --display /Users/andreea/StudioProjects/Flutter_Project/build/macos/Build/Products/Debug/honoo.app/Contents/Frameworks/libswiftCoreGraphics.dylib
[        ] /usr/bin/codesign -r- --display /Users/andreea/StudioProjects/Flutter_Project/build/macos/Build/Products/Debug/honoo.app/Contents/Frameworks/libswiftCoreFoundation.dylib
[        ] Probing signature of /Users/andreea/StudioProjects/Flutter_Project/build/macos/Build/Products/Debug/honoo.app/Contents/Frameworks/libswiftFoundation.dylib
[        ] /usr/bin/codesign -r- --display /Users/andreea/StudioProjects/Flutter_Project/build/macos/Build/Products/Debug/honoo.app/Contents/Frameworks/libswiftFoundation.dylib
[        ] Probing signature of /Users/andreea/StudioProjects/Flutter_Project/build/macos/Build/Products/Debug/honoo.app/Contents/Frameworks/libswiftsimd.dylib
[        ] /usr/bin/codesign -r- --display /Users/andreea/StudioProjects/Flutter_Project/build/macos/Build/Products/Debug/honoo.app/Contents/Frameworks/libswiftsimd.dylib
[        ] Probing signature of /Users/andreea/StudioProjects/Flutter_Project/build/macos/Build/Products/Debug/honoo.app/Contents/Frameworks/libswiftDarwin.dylib
[        ] /usr/bin/codesign -r- --display /Users/andreea/StudioProjects/Flutter_Project/build/macos/Build/Products/Debug/honoo.app/Contents/Frameworks/libswiftDarwin.dylib
[        ] Probing signature of /Users/andreea/StudioProjects/Flutter_Project/build/macos/Build/Products/Debug/honoo.app/Contents/Frameworks/libswiftCoreData.dylib
[        ] /usr/bin/codesign -r- --display /Users/andreea/StudioProjects/Flutter_Project/build/macos/Build/Products/Debug/honoo.app/Contents/Frameworks/libswiftCoreData.dylib
[        ] Probing signature of /Users/andreea/StudioProjects/Flutter_Project/build/macos/Build/Products/Debug/honoo.app/Contents/Frameworks/libswiftCoreAudio.dylib
[        ] /usr/bin/codesign -r- --display /Users/andreea/StudioProjects/Flutter_Project/build/macos/Build/Products/Debug/honoo.app/Contents/Frameworks/libswiftCoreAudio.dylib
[        ] Codesigning /Users/andreea/StudioProjects/Flutter_Project/build/macos/Build/Products/Debug/honoo.app/Contents/Frameworks/libswiftCore.dylib
[        ] /usr/bin/codesign --force --sign - --verbose /Users/andreea/StudioProjects/Flutter_Project/build/macos/Build/Products/Debug/honoo.app/Contents/Frameworks/libswiftCore.dylib
[        ] Codesigning /Users/andreea/StudioProjects/Flutter_Project/build/macos/Build/Products/Debug/honoo.app/Contents/Frameworks/libswiftos.dylib
[        ] /usr/bin/codesign --force --sign - --verbose /Users/andreea/StudioProjects/Flutter_Project/build/macos/Build/Products/Debug/honoo.app/Contents/Frameworks/libswiftos.dylib
[        ] Codesigning /Users/andreea/StudioProjects/Flutter_Project/build/macos/Build/Products/Debug/honoo.app/Contents/Frameworks/libswiftXPC.dylib
[        ] /usr/bin/codesign --force --sign - --verbose /Users/andreea/StudioProjects/Flutter_Project/build/macos/Build/Products/Debug/honoo.app/Contents/Frameworks/libswiftXPC.dylib
[        ] Codesigning /Users/andreea/StudioProjects/Flutter_Project/build/macos/Build/Products/Debug/honoo.app/Contents/Frameworks/libswiftFoundation.dylib
[        ] /usr/bin/codesign --force --sign - --verbose /Users/andreea/StudioProjects/Flutter_Project/build/macos/Build/Products/Debug/honoo.app/Contents/Frameworks/libswiftFoundation.dylib
[        ] Codesigning /Users/andreea/StudioProjects/Flutter_Project/build/macos/Build/Products/Debug/honoo.app/Contents/Frameworks/libswiftDispatch.dylib
[        ] /usr/bin/codesign --force --sign - --verbose /Users/andreea/StudioProjects/Flutter_Project/build/macos/Build/Products/Debug/honoo.app/Contents/Frameworks/libswiftDispatch.dylib
[        ] Codesigning /Users/andreea/StudioProjects/Flutter_Project/build/macos/Build/Products/Debug/honoo.app/Contents/Frameworks/libswiftMetal.dylib
[        ] /usr/bin/codesign --force --sign - --verbose /Users/andreea/StudioProjects/Flutter_Project/build/macos/Build/Products/Debug/honoo.app/Contents/Frameworks/libswiftMetal.dylib
[        ] Codesigning /Users/andreea/StudioProjects/Flutter_Project/build/macos/Build/Products/Debug/honoo.app/Contents/Frameworks/libswiftAppKit.dylib
[        ] /usr/bin/codesign --force --sign - --verbose /Users/andreea/StudioProjects/Flutter_Project/build/macos/Build/Products/Debug/honoo.app/Contents/Frameworks/libswiftAppKit.dylib
[        ] Codesigning /Users/andreea/StudioProjects/Flutter_Project/build/macos/Build/Products/Debug/honoo.app/Contents/Frameworks/libswiftCoreMedia.dylib
[        ] /usr/bin/codesign --force --sign - --verbose /Users/andreea/StudioProjects/Flutter_Project/build/macos/Build/Products/Debug/honoo.app/Contents/Frameworks/libswiftCoreMedia.dylib
[  +58 ms] Codesigning /Users/andreea/StudioProjects/Flutter_Project/build/macos/Build/Products/Debug/honoo.app/Contents/Frameworks/libswiftObjectiveC.dylib
[        ] /usr/bin/codesign --force --sign - --verbose /Users/andreea/StudioProjects/Flutter_Project/build/macos/Build/Products/Debug/honoo.app/Contents/Frameworks/libswiftObjectiveC.dylib
[        ] Codesigning /Users/andreea/StudioProjects/Flutter_Project/build/macos/Build/Products/Debug/honoo.app/Contents/Frameworks/libswiftQuartzCore.dylib
[        ] /usr/bin/codesign --force --sign - --verbose /Users/andreea/StudioProjects/Flutter_Project/build/macos/Build/Products/Debug/honoo.app/Contents/Frameworks/libswiftQuartzCore.dylib
[        ] Codesigning /Users/andreea/StudioProjects/Flutter_Project/build/macos/Build/Products/Debug/honoo.app/Contents/Frameworks/libswiftCoreImage.dylib
[        ] /usr/bin/codesign --force --sign - --verbose /Users/andreea/StudioProjects/Flutter_Project/build/macos/Build/Products/Debug/honoo.app/Contents/Frameworks/libswiftCoreImage.dylib
[        ] Codesigning /Users/andreea/StudioProjects/Flutter_Project/build/macos/Build/Products/Debug/honoo.app/Contents/Frameworks/libswiftCoreGraphics.dylib
[        ] Codesigning /Users/andreea/StudioProjects/Flutter_Project/build/macos/Build/Products/Debug/honoo.app/Contents/Frameworks/libswiftCoreFoundation.dylib
[        ] /usr/bin/codesign --force --sign - --verbose /Users/andreea/StudioProjects/Flutter_Project/build/macos/Build/Products/Debug/honoo.app/Contents/Frameworks/libswiftCoreFoundation.dylib
[        ] /usr/bin/codesign --force --sign - --verbose /Users/andreea/StudioProjects/Flutter_Project/build/macos/Build/Products/Debug/honoo.app/Contents/Frameworks/libswiftCoreGraphics.dylib
[        ] Codesigning /Users/andreea/StudioProjects/Flutter_Project/build/macos/Build/Products/Debug/honoo.app/Contents/Frameworks/libswiftsimd.dylib
[        ] /usr/bin/codesign --force --sign - --verbose /Users/andreea/StudioProjects/Flutter_Project/build/macos/Build/Products/Debug/honoo.app/Contents/Frameworks/libswiftsimd.dylib
[        ] Codesigning /Users/andreea/StudioProjects/Flutter_Project/build/macos/Build/Products/Debug/honoo.app/Contents/Frameworks/libswiftCoreData.dylib
[        ] /usr/bin/codesign --force --sign - --verbose /Users/andreea/StudioProjects/Flutter_Project/build/macos/Build/Products/Debug/honoo.app/Contents/Frameworks/libswiftCoreData.dylib
[        ] Codesigning /Users/andreea/StudioProjects/Flutter_Project/build/macos/Build/Products/Debug/honoo.app/Contents/Frameworks/libswiftDarwin.dylib
[        ] /usr/bin/codesign --force --sign - --verbose /Users/andreea/StudioProjects/Flutter_Project/build/macos/Build/Products/Debug/honoo.app/Contents/Frameworks/libswiftDarwin.dylib
[        ] Codesigning /Users/andreea/StudioProjects/Flutter_Project/build/macos/Build/Products/Debug/honoo.app/Contents/Frameworks/libswiftCoreAudio.dylib
[        ] /usr/bin/codesign --force --sign - --verbose /Users/andreea/StudioProjects/Flutter_Project/build/macos/Build/Products/Debug/honoo.app/Contents/Frameworks/libswiftCoreAudio.dylib
[        ] Probing signature of /Users/andreea/StudioProjects/Flutter_Project/build/macos/Build/Products/Debug/honoo.app/Contents/Frameworks/libswiftDispatch.dylib
[        ] /usr/bin/codesign -r- --display /Users/andreea/StudioProjects/Flutter_Project/build/macos/Build/Products/Debug/honoo.app/Contents/Frameworks/libswiftDispatch.dylib
[        ] Probing signature of /Users/andreea/StudioProjects/Flutter_Project/build/macos/Build/Products/Debug/honoo.app/Contents/Frameworks/libswiftAppKit.dylib
[        ] /usr/bin/codesign -r- --display /Users/andreea/StudioProjects/Flutter_Project/build/macos/Build/Products/Debug/honoo.app/Contents/Frameworks/libswiftAppKit.dylib
[        ] Probing signature of /Users/andreea/StudioProjects/Flutter_Project/build/macos/Build/Products/Debug/honoo.app/Contents/Frameworks/libswiftXPC.dylib
[        ] /usr/bin/codesign -r- --display /Users/andreea/StudioProjects/Flutter_Project/build/macos/Build/Products/Debug/honoo.app/Contents/Frameworks/libswiftXPC.dylib
[        ] Probing signature of /Users/andreea/StudioProjects/Flutter_Project/build/macos/Build/Products/Debug/honoo.app/Contents/Frameworks/libswiftos.dylib
[        ] /usr/bin/codesign -r- --display /Users/andreea/StudioProjects/Flutter_Project/build/macos/Build/Products/Debug/honoo.app/Contents/Frameworks/libswiftos.dylib
[        ] Probing signature of /Users/andreea/StudioProjects/Flutter_Project/build/macos/Build/Products/Debug/honoo.app/Contents/Frameworks/libswiftMetal.dylib
[        ] /usr/bin/codesign -r- --display /Users/andreea/StudioProjects/Flutter_Project/build/macos/Build/Products/Debug/honoo.app/Contents/Frameworks/libswiftMetal.dylib
[        ] Probing signature of /Users/andreea/StudioProjects/Flutter_Project/build/macos/Build/Products/Debug/honoo.app/Contents/Frameworks/libswiftCoreMedia.dylib
[        ] /usr/bin/codesign -r- --display /Users/andreea/StudioProjects/Flutter_Project/build/macos/Build/Products/Debug/honoo.app/Contents/Frameworks/libswiftCoreMedia.dylib
[        ] Probing signature of /Users/andreea/StudioProjects/Flutter_Project/build/macos/Build/Products/Debug/honoo.app/Contents/Frameworks/libswiftDarwin.dylib
[        ] /usr/bin/codesign -r- --display /Users/andreea/StudioProjects/Flutter_Project/build/macos/Build/Products/Debug/honoo.app/Contents/Frameworks/libswiftDarwin.dylib
[        ] Probing signature of /Users/andreea/StudioProjects/Flutter_Project/build/macos/Build/Products/Debug/honoo.app/Contents/Frameworks/libswiftQuartzCore.dylib
[        ] /usr/bin/codesign -r- --display /Users/andreea/StudioProjects/Flutter_Project/build/macos/Build/Products/Debug/honoo.app/Contents/Frameworks/libswiftQuartzCore.dylib
[        ] Probing signature of /Users/andreea/StudioProjects/Flutter_Project/build/macos/Build/Products/Debug/honoo.app/Contents/Frameworks/libswiftCoreImage.dylib
[        ] /usr/bin/codesign -r- --display /Users/andreea/StudioProjects/Flutter_Project/build/macos/Build/Products/Debug/honoo.app/Contents/Frameworks/libswiftCoreImage.dylib
[        ] Probing signature of /Users/andreea/StudioProjects/Flutter_Project/build/macos/Build/Products/Debug/honoo.app/Contents/Frameworks/libswiftObjectiveC.dylib
[        ] /usr/bin/codesign -r- --display /Users/andreea/StudioProjects/Flutter_Project/build/macos/Build/Products/Debug/honoo.app/Contents/Frameworks/libswiftObjectiveC.dylib
[        ] Probing signature of /Users/andreea/StudioProjects/Flutter_Project/build/macos/Build/Products/Debug/honoo.app/Contents/Frameworks/libswiftFoundation.dylib
[        ] /usr/bin/codesign -r- --display /Users/andreea/StudioProjects/Flutter_Project/build/macos/Build/Products/Debug/honoo.app/Contents/Frameworks/libswiftFoundation.dylib
[        ] Probing signature of /Users/andreea/StudioProjects/Flutter_Project/build/macos/Build/Products/Debug/honoo.app/Contents/Frameworks/libswiftCoreFoundation.dylib
[        ] /usr/bin/codesign -r- --display /Users/andreea/StudioProjects/Flutter_Project/build/macos/Build/Products/Debug/honoo.app/Contents/Frameworks/libswiftCoreFoundation.dylib
[        ] Probing signature of /Users/andreea/StudioProjects/Flutter_Project/build/macos/Build/Products/Debug/honoo.app/Contents/Frameworks/libswiftCoreAudio.dylib
[        ] /usr/bin/codesign -r- --display /Users/andreea/StudioProjects/Flutter_Project/build/macos/Build/Products/Debug/honoo.app/Contents/Frameworks/libswiftCoreAudio.dylib
[        ] Probing signature of /Users/andreea/StudioProjects/Flutter_Project/build/macos/Build/Products/Debug/honoo.app/Contents/Frameworks/libswiftCoreData.dylib
[        ] /usr/bin/codesign -r- --display /Users/andreea/StudioProjects/Flutter_Project/build/macos/Build/Products/Debug/honoo.app/Contents/Frameworks/libswiftCoreData.dylib
[        ] Probing signature of /Users/andreea/StudioProjects/Flutter_Project/build/macos/Build/Products/Debug/honoo.app/Contents/Frameworks/libswiftCoreGraphics.dylib
[        ] /usr/bin/codesign -r- --display /Users/andreea/StudioProjects/Flutter_Project/build/macos/Build/Products/Debug/honoo.app/Contents/Frameworks/libswiftCoreGraphics.dylib
[        ] Probing signature of /Users/andreea/StudioProjects/Flutter_Project/build/macos/Build/Products/Debug/honoo.app/Contents/Frameworks/libswiftsimd.dylib
[        ] /usr/bin/codesign -r- --display /Users/andreea/StudioProjects/Flutter_Project/build/macos/Build/Products/Debug/honoo.app/Contents/Frameworks/libswiftsimd.dylib
[        ] Probing signature of /Users/andreea/StudioProjects/Flutter_Project/build/macos/Build/Products/Debug/honoo.app/Contents/Frameworks/libswiftCore.dylib
[        ] /usr/bin/codesign -r- --display /Users/andreea/StudioProjects/Flutter_Project/build/macos/Build/Products/Debug/honoo.app/Contents/Frameworks/libswiftCore.dylib
[        ] ExtractAppIntentsMetadata (in target 'Runner' from project 'Runner')
[        ]     cd /Users/andreea/StudioProjects/Flutter_Project/macos
[        ]     /Applications/Xcode.app/Contents/Developer/Toolchains/XcodeDefault.xctoolchain/usr/bin/appintentsmetadataprocessor --toolchain-dir /Applications/Xcode.app/Contents/Developer/Toolchains/XcodeDefault.xctoolchain --module-name honoo --sdk-root /Applications/Xcode.app/Contents/Developer/Platforms/MacOSX.platform/Developer/SDKs/MacOSX15.4.sdk --xcode-version 16E140 --platform-family macOS --deployment-target 10.14 --bundle-identifier dev.lucagaudino.flutterProject --output /Users/andreea/StudioProjects/Flutter_Project/build/macos/Build/Products/Debug/honoo.app/Contents/Resources --target-triple arm64-apple-macos10.14 --binary-file /Users/andreea/StudioProjects/Flutter_Project/build/macos/Build/Products/Debug/honoo.app/Contents/MacOS/honoo --dependency-file /Users/andreea/StudioProjects/Flutter_Project/build/macos/Build/Intermediates.noindex/Runner.build/Debug/Runner.build/Objects-normal/arm64/honoo_dependency_info.dat --stringsdata-file /Users/andreea/StudioProjects/Flutter_Project/build/macos/Build/Intermediates.noindex/Runner.build/Debug/Runner.build/Objects-normal/arm64/ExtractedAppShortcutsMetadata.stringsdata --source-file-list /Users/andreea/StudioProjects/Flutter_Project/build/macos/Build/Intermediates.noindex/Runner.build/Debug/Runner.build/Objects-normal/arm64/honoo.SwiftFileList --metadata-file-list /Users/andreea/StudioProjects/Flutter_Project/build/macos/Build/Intermediates.noindex/Runner.build/Debug/Runner.build/honoo.DependencyMetadataFileList --static-metadata-file-list /Users/andreea/StudioProjects/Flutter_Project/build/macos/Build/Intermediates.noindex/Runner.build/Debug/Runner.build/honoo.DependencyStaticMetadataFileList --swift-const-vals-list /Users/andreea/StudioProjects/Flutter_Project/build/macos/Build/Intermediates.noindex/Runner.build/Debug/Runner.build/Objects-normal/arm64/honoo.SwiftConstValuesFileList --compile-time-extraction --deployment-aware-processing --validate-assistant-intents --no-app-shortcuts-localization
[        ] 2025-10-08 10:09:56.433 appintentsmetadataprocessor[17787:84223] Starting appintentsmetadataprocessor export
[        ] 2025-10-08 10:09:56.435 appintentsmetadataprocessor[17787:84223] warning: Metadata extraction skipped. No AppIntents.framework dependency found.
[        ] CodeSign /Users/andreea/StudioProjects/Flutter_Project/build/macos/Build/Products/Debug/honoo.app/Contents/MacOS/honoo.debug.dylib (in target 'Runner' from project 'Runner')
[        ]     cd /Users/andreea/StudioProjects/Flutter_Project/macos
[        ]     Signing Identity:     "Sign to Run Locally"
[        ]     /usr/bin/codesign --force --sign - --timestamp\=none --generate-entitlement-der /Users/andreea/StudioProjects/Flutter_Project/build/macos/Build/Products/Debug/honoo.app/Contents/MacOS/honoo.debug.dylib
[  +11 ms] CodeSign /Users/andreea/StudioProjects/Flutter_Project/build/macos/Build/Products/Debug/honoo.app/Contents/MacOS/__preview.dylib (in target 'Runner' from project 'Runner')
[        ]     cd /Users/andreea/StudioProjects/Flutter_Project/macos
[        ]     Signing Identity:     "Sign to Run Locally"
[        ]     /usr/bin/codesign --force --sign - --timestamp\=none --generate-entitlement-der /Users/andreea/StudioProjects/Flutter_Project/build/macos/Build/Products/Debug/honoo.app/Contents/MacOS/__preview.dylib
[  +11 ms] CodeSign /Users/andreea/StudioProjects/Flutter_Project/build/macos/Build/Products/Debug/honoo.app (in target 'Runner' from project 'Runner')
[        ]     cd /Users/andreea/StudioProjects/Flutter_Project/macos
[        ]     Signing Identity:     "Sign to Run Locally"
[        ]     /usr/bin/codesign --force --sign - --entitlements /Users/andreea/StudioProjects/Flutter_Project/build/macos/Build/Intermediates.noindex/Runner.build/Debug/Runner.build/honoo.app.xcent --timestamp\=none --generate-entitlement-der /Users/andreea/StudioProjects/Flutter_Project/build/macos/Build/Products/Debug/honoo.app
[  +21 ms] RegisterExecutionPolicyException /Users/andreea/StudioProjects/Flutter_Project/build/macos/Build/Products/Debug/honoo.app (in target 'Runner' from project 'Runner')
[        ]     cd /Users/andreea/StudioProjects/Flutter_Project/macos
[        ]     builtin-RegisterExecutionPolicyException /Users/andreea/StudioProjects/Flutter_Project/build/macos/Build/Products/Debug/honoo.app
[  +13 ms] Validate /Users/andreea/StudioProjects/Flutter_Project/build/macos/Build/Products/Debug/honoo.app (in target 'Runner' from project 'Runner')
[        ]     cd /Users/andreea/StudioProjects/Flutter_Project/macos
[        ]     builtin-validationUtility /Users/andreea/StudioProjects/Flutter_Project/build/macos/Build/Products/Debug/honoo.app -no-validate-extension -infoplist-subpath Contents/Info.plist
[        ] Touch /Users/andreea/StudioProjects/Flutter_Project/build/macos/Build/Products/Debug/honoo.app (in target 'Runner' from project 'Runner')
[        ]     cd /Users/andreea/StudioProjects/Flutter_Project/macos
[        ]     /usr/bin/touch -c /Users/andreea/StudioProjects/Flutter_Project/build/macos/Build/Products/Debug/honoo.app
[   +2 ms] RegisterWithLaunchServices /Users/andreea/StudioProjects/Flutter_Project/build/macos/Build/Products/Debug/honoo.app (in target 'Runner' from project 'Runner')
[        ]     cd /Users/andreea/StudioProjects/Flutter_Project/macos
[        ]     /System/Library/Frameworks/CoreServices.framework/Versions/Current/Frameworks/LaunchServices.framework/Versions/Current/Support/lsregister -f -R -trusted /Users/andreea/StudioProjects/Flutter_Project/build/macos/Build/Products/Debug/honoo.app
[  +77 ms] warning: Run script build phase 'Run Script' will be run during every build because it does not specify any outputs. To address this issue, either add output dependencies to the script phase, or configure it to run in every build by unchecking "Based on dependency analysis" in the script phase. (in target 'Flutter Assemble' from project 'Runner')
[        ] note: Run script build phase 'Run Script' will be run during every build because the option to run the script phase "Based on dependency analysis" is unchecked. (in target 'Runner' from project 'Runner')
[        ] ** BUILD SUCCEEDED **
[  +41 ms] Building macOS application... (completed in 41,0s)
[   +2 ms] executing: /usr/bin/plutil -convert xml1 -o - /Users/andreea/StudioProjects/Flutter_Project/build/macos/Build/Products/Debug/honoo.app/Contents/Info.plist
[  +13 ms] Exit code 0 from: /usr/bin/plutil -convert xml1 -o - /Users/andreea/StudioProjects/Flutter_Project/build/macos/Build/Products/Debug/honoo.app/Contents/Info.plist
[        ] <?xml version="1.0" encoding="UTF-8"?>
           <!DOCTYPE plist PUBLIC "-//Apple//DTD PLIST 1.0//EN" "http://www.apple.com/DTDs/PropertyList-1.0.dtd">
           <plist version="1.0">
           <dict>
           	<key>BuildMachineOSBuild</key>
           	<string>24G231</string>
           	<key>CFBundleDevelopmentRegion</key>
           	<string>en</string>
           	<key>CFBundleExecutable</key>
           	<string>honoo</string>
           	<key>CFBundleIconFile</key>
           	<string>AppIcon</string>
           	<key>CFBundleIconName</key>
           	<string>AppIcon</string>
           	<key>CFBundleIdentifier</key>
           	<string>dev.lucagaudino.flutterProject</string>
           	<key>CFBundleInfoDictionaryVersion</key>
           	<string>6.0</string>
           	<key>CFBundleName</key>
           	<string>honoo</string>
           	<key>CFBundlePackageType</key>
           	<string>APPL</string>
           	<key>CFBundleShortVersionString</key>
           	<string>1.0.0</string>
           	<key>CFBundleSupportedPlatforms</key>
           	<array>
           		<string>MacOSX</string>
           	</array>
           	<key>CFBundleVersion</key>
           	<string>1</string>
           	<key>DTCompiler</key>
           	<string>com.apple.compilers.llvm.clang.1_0</string>
           	<key>DTPlatformBuild</key>
           	<string>24E241</string>
           	<key>DTPlatformName</key>
           	<string>macosx</string>
           	<key>DTPlatformVersion</key>
           	<string>15.4</string>
           	<key>DTSDKBuild</key>
           	<string>24E241</string>
           	<key>DTSDKName</key>
           	<string>macosx15.4</string>
           	<key>DTXcode</key>
           	<string>1630</string>
           	<key>DTXcodeBuild</key>
           	<string>16E140</string>
           	<key>LSMinimumSystemVersion</key>
           	<string>10.14</string>
           	<key>NSHumanReadableCopyright</key>
           	<string>Copyright © 2023 dev.lucagaudino. All rights reserved.</string>
           	<key>NSMainNibFile</key>
           	<string>MainMenu</string>
           	<key>NSPrincipalClass</key>
           	<string>NSApplication</string>
           </dict>
           </plist>
[        ] executing: /usr/bin/plutil -convert xml1 -o - /Users/andreea/StudioProjects/Flutter_Project/build/macos/Build/Products/Debug/honoo.app/Contents/Info.plist
[   +8 ms] Exit code 0 from: /usr/bin/plutil -convert xml1 -o - /Users/andreea/StudioProjects/Flutter_Project/build/macos/Build/Products/Debug/honoo.app/Contents/Info.plist
[        ] <?xml version="1.0" encoding="UTF-8"?>
           <!DOCTYPE plist PUBLIC "-//Apple//DTD PLIST 1.0//EN" "http://www.apple.com/DTDs/PropertyList-1.0.dtd">
           <plist version="1.0">
           <dict>
           	<key>BuildMachineOSBuild</key>
           	<string>24G231</string>
           	<key>CFBundleDevelopmentRegion</key>
           	<string>en</string>
           	<key>CFBundleExecutable</key>
           	<string>honoo</string>
           	<key>CFBundleIconFile</key>
           	<string>AppIcon</string>
           	<key>CFBundleIconName</key>
           	<string>AppIcon</string>
           	<key>CFBundleIdentifier</key>
           	<string>dev.lucagaudino.flutterProject</string>
           	<key>CFBundleInfoDictionaryVersion</key>
           	<string>6.0</string>
           	<key>CFBundleName</key>
           	<string>honoo</string>
           	<key>CFBundlePackageType</key>
           	<string>APPL</string>
           	<key>CFBundleShortVersionString</key>
           	<string>1.0.0</string>
           	<key>CFBundleSupportedPlatforms</key>
           	<array>
           		<string>MacOSX</string>
           	</array>
           	<key>CFBundleVersion</key>
           	<string>1</string>
           	<key>DTCompiler</key>
           	<string>com.apple.compilers.llvm.clang.1_0</string>
           	<key>DTPlatformBuild</key>
           	<string>24E241</string>
           	<key>DTPlatformName</key>
           	<string>macosx</string>
           	<key>DTPlatformVersion</key>
           	<string>15.4</string>
           	<key>DTSDKBuild</key>
           	<string>24E241</string>
           	<key>DTSDKName</key>
           	<string>macosx15.4</string>
           	<key>DTXcode</key>
           	<string>1630</string>
           	<key>DTXcodeBuild</key>
           	<string>16E140</string>
           	<key>LSMinimumSystemVersion</key>
           	<string>10.14</string>
           	<key>NSHumanReadableCopyright</key>
           	<string>Copyright © 2023 dev.lucagaudino. All rights reserved.</string>
           	<key>NSMainNibFile</key>
           	<string>MainMenu</string>
           	<key>NSPrincipalClass</key>
           	<string>NSApplication</string>
           </dict>
           </plist>
[        ] executing: /usr/bin/plutil -convert xml1 -o - /Users/andreea/StudioProjects/Flutter_Project/build/macos/Build/Products/Debug/honoo.app/Contents/Info.plist
[   +8 ms] Exit code 0 from: /usr/bin/plutil -convert xml1 -o - /Users/andreea/StudioProjects/Flutter_Project/build/macos/Build/Products/Debug/honoo.app/Contents/Info.plist
[        ] <?xml version="1.0" encoding="UTF-8"?>
           <!DOCTYPE plist PUBLIC "-//Apple//DTD PLIST 1.0//EN" "http://www.apple.com/DTDs/PropertyList-1.0.dtd">
           <plist version="1.0">
           <dict>
           	<key>BuildMachineOSBuild</key>
           	<string>24G231</string>
           	<key>CFBundleDevelopmentRegion</key>
           	<string>en</string>
           	<key>CFBundleExecutable</key>
           	<string>honoo</string>
           	<key>CFBundleIconFile</key>
           	<string>AppIcon</string>
           	<key>CFBundleIconName</key>
           	<string>AppIcon</string>
           	<key>CFBundleIdentifier</key>
           	<string>dev.lucagaudino.flutterProject</string>
           	<key>CFBundleInfoDictionaryVersion</key>
           	<string>6.0</string>
           	<key>CFBundleName</key>
           	<string>honoo</string>
           	<key>CFBundlePackageType</key>
           	<string>APPL</string>
           	<key>CFBundleShortVersionString</key>
           	<string>1.0.0</string>
           	<key>CFBundleSupportedPlatforms</key>
           	<array>
           		<string>MacOSX</string>
           	</array>
           	<key>CFBundleVersion</key>
           	<string>1</string>
           	<key>DTCompiler</key>
           	<string>com.apple.compilers.llvm.clang.1_0</string>
           	<key>DTPlatformBuild</key>
           	<string>24E241</string>
           	<key>DTPlatformName</key>
           	<string>macosx</string>
           	<key>DTPlatformVersion</key>
           	<string>15.4</string>
           	<key>DTSDKBuild</key>
           	<string>24E241</string>
           	<key>DTSDKName</key>
           	<string>macosx15.4</string>
           	<key>DTXcode</key>
           	<string>1630</string>
           	<key>DTXcodeBuild</key>
           	<string>16E140</string>
           	<key>LSMinimumSystemVersion</key>
           	<string>10.14</string>
           	<key>NSHumanReadableCopyright</key>
           	<string>Copyright © 2023 dev.lucagaudino. All rights reserved.</string>
           	<key>NSMainNibFile</key>
           	<string>MainMenu</string>
           	<key>NSPrincipalClass</key>
           	<string>NSApplication</string>
           </dict>
           </plist>
[        ] "flutter drive" took 5.327.082ms.
[ +101 ms] ensureAnalyticsSent: 101ms
[        ] Running 0 shutdown hooks
[        ] Shutdown hooks complete
[        ] exiting with code 1
